start1	end1	start2	end2	frag1	frag2	frag_rmsd
42	53	21	32	184	0	1.197355
43	54	22	33	121	0	0.992640
96	107	63	74	0	16	0.775259
120	131	86	97	0	35	1.003458
121	132	87	98	127	245	2.014304
122	133	88	99	16	260	1.076875
123	134	89	100	16	170	2.037066
124	135	90	101	87	37	1.559357
125	136	91	102	25	144	1.398598
126	137	92	103	41	284	2.164096
127	138	93	104	131	287	2.477898
128	139	94	105	232	88	2.547907
129	140	95	106	164	14	2.894384
130	141	96	107	174	302	2.621173
131	142	97	108	57	143	2.304628
132	143	98	109	395	318	2.216742
133	144	99	110	258	348	2.128741
139	150	105	116	347	22	2.639220
151	162	117	128	28	320	2.315284
