start1	end1	start2	end2	frag1	frag2	frag_rmsd
4	15	21	32	273	0	1.419073
6	17	23	34	121	0	0.992640
20	31	37	48	271	175	2.906039
21	32	38	49	381	319	2.208030
52	63	69	80	48	382	3.405599
143	154	160	171	353	37	1.728441
144	155	161	172	166	368	1.571683
195	206	212	223	127	16	1.158335
196	207	213	224	60	149	1.545532
207	218	224	235	38	210	2.440545
209	220	226	237	261	150	2.865888
211	222	228	239	237	195	2.078780
213	224	230	241	371	45	1.366556
214	225	231	242	111	4	0.994513
