start1	end1	start2	end2	frag1	frag2	frag_rmsd
27	38	27	38	313	258	2.044899
76	87	77	88	40	357	2.500053
80	91	81	92	358	213	2.035530
93	104	94	105	163	92	2.362957
94	105	95	106	209	234	2.762431
95	106	96	107	48	342	2.998639
98	109	99	110	155	163	2.633433
99	110	100	111	183	54	2.143825
100	111	101	112	57	178	1.951934
103	114	104	115	356	322	2.017159
114	125	115	126	71	272	2.393472
