start1	end1	start2	end2	frag1	frag2	frag_rmsd
1	12	1	12	208	178	1.931564
12	23	12	23	252	113	1.744519
42	53	42	53	42	126	2.008935
49	60	49	60	45	281	1.651716
89	100	89	100	389	322	2.292898
91	102	91	102	210	28	2.476754
103	114	103	114	123	353	1.745147
104	115	104	115	52	179	2.927481
105	116	105	116	256	24	2.736883
134	145	134	145	158	167	1.812316
170	181	170	181	179	324	3.234241
191	202	191	202	383	331	2.036955
196	207	196	207	358	194	3.174912
200	211	200	211	240	65	1.321092
201	212	201	212	216	371	1.502072
