start1	end1	start2	end2	frag1	frag2	frag_rmsd
3	14	10	21	293	204	2.075474
4	15	11	22	92	40	1.759016
7	18	14	25	112	361	3.296315
8	19	15	26	342	361	2.191841
10	21	17	28	370	54	2.155444
21	32	28	39	136	160	1.910361
24	35	31	42	36	45	1.796707
27	38	34	45	184	16	1.241286
28	39	35	46	121	0	0.992640
42	53	47	58	360	84	1.521872
106	117	111	122	313	239	2.359216
108	119	113	124	102	292	2.389340
155	166	161	172	57	132	1.551260
163	174	169	180	102	336	2.764402
