start1	end1	start2	end2	frag1	frag2	frag_rmsd
34	45	37	48	148	205	2.314779
58	69	61	72	319	264	1.327043
60	71	63	74	99	193	2.061111
