start1	end1	start2	end2	frag1	frag2	frag_rmsd
7	18	7	18	198	258	1.817841
10	21	10	21	183	80	2.396931
13	24	13	24	391	395	2.221324
16	27	16	27	19	358	2.566475
24	35	24	35	77	259	2.638529
29	40	29	40	81	52	3.154154
31	42	31	42	300	78	4.091344
93	104	93	104	214	108	2.527123
143	154	143	154	121	0	0.992640
152	163	152	163	16	184	1.241286
161	172	161	172	30	174	3.207581
165	176	165	176	129	369	2.160628
191	202	191	202	136	193	1.585201
207	218	207	218	188	35	1.339917
212	223	212	223	264	284	2.027927
251	262	251	262	28	56	2.669292
252	263	252	263	2	138	2.756781
271	282	271	282	373	364	2.435927
303	314	303	314	57	316	2.064021
311	322	311	322	156	30	2.417655
