start1	end1	start2	end2	frag1	frag2	frag_rmsd
29	40	24	35	0	196	1.046929
70	81	61	72	121	0	0.992640
71	82	62	73	27	0	0.813956
