start1	end1	start2	end2	frag1	frag2	frag_rmsd
8	19	16	27	221	298	2.475609
18	29	26	37	298	71	2.457287
86	97	94	105	120	314	2.716567
116	127	124	135	91	398	2.828573
147	158	156	167	349	133	2.957184
167	178	176	187	54	97	2.699671
