start1	end1	start2	end2	frag1	frag2	frag_rmsd
18	29	18	29	391	395	2.221324
68	79	69	80	357	183	2.467299
76	87	77	88	219	48	3.223534
84	95	85	96	253	178	2.074688
85	96	86	97	383	379	2.491252
99	110	100	111	79	282	2.792959
106	117	107	118	7	211	2.204320
139	150	140	151	46	108	3.050391
163	174	164	175	371	45	1.366556
165	176	166	177	0	184	1.197355
166	177	167	178	35	87	1.660723
224	235	225	236	4	23	1.335798
230	241	231	242	277	33	2.543323
231	242	232	243	232	6	1.900358
233	244	234	245	97	174	2.041055
237	248	238	249	211	343	2.532802
244	255	245	256	136	230	2.068366
257	268	258	269	272	325	2.987046
258	269	259	270	151	163	2.825522
280	291	281	292	177	390	2.707335
305	316	305	316	33	104	2.171568
307	318	307	318	298	363	2.950286
312	323	312	323	40	293	2.204989
316	327	316	327	145	11	1.994228
342	353	342	353	349	263	2.146382
343	354	343	354	379	302	2.457672
345	356	345	356	56	236	2.123746
349	360	349	360	394	238	1.931646
352	363	352	363	216	121	1.107965
357	368	357	368	25	338	1.152231
