start1	end1	start2	end2	frag1	frag2	frag_rmsd
13	24	13	24	331	302	2.430370
16	27	16	27	132	322	1.945705
55	66	56	67	126	322	2.289807
61	72	62	73	282	286	3.193353
73	84	74	85	322	61	1.532523
74	85	75	86	198	42	2.139345
85	96	86	97	91	395	2.501168
90	101	91	102	194	225	1.011234
91	102	92	103	326	141	2.783723
92	103	93	104	135	45	2.571547
105	116	106	117	151	318	2.401869
116	127	117	128	126	132	2.227804
156	167	158	169	374	351	2.405416
176	187	178	189	298	226	2.107868
179	190	181	192	56	193	2.495541
180	191	182	193	194	369	1.775960
182	193	184	195	45	147	1.713468
184	195	186	197	23	121	1.639937
196	207	198	209	132	258	2.635888
197	208	199	210	258	167	2.425136
240	251	243	254	121	184	1.193672
256	267	259	270	212	370	2.925090
258	269	261	272	372	296	2.302973
264	275	267	278	77	359	2.382337
265	276	268	279	5	76	2.553127
309	320	314	325	166	94	2.220235
409	420	420	431	163	247	1.946979
411	422	422	433	155	351	3.776860
412	423	423	434	236	286	2.179840
413	424	424	435	19	145	3.222261
414	425	425	436	358	177	2.886131
415	426	426	437	275	214	3.077813
417	428	428	439	129	340	2.658550
419	430	430	441	371	216	1.502072
422	433	433	444	368	127	1.781241
425	436	436	447	41	79	1.603240
477	488	488	499	164	385	3.111742
497	508	506	517	368	166	1.571683
547	558	554	565	212	370	2.925090
570	581	574	585	0	27	0.813956
584	595	588	599	43	326	2.228664
588	599	592	603	25	338	1.152231
