start1	end1	start2	end2	frag1	frag2	frag_rmsd
44	55	51	62	97	331	2.080183
48	59	55	66	239	293	2.280486
49	60	56	67	152	274	2.290286
51	62	58	69	195	276	1.460134
54	65	61	72	4	111	0.994513
69	80	77	88	391	198	2.242897
71	82	79	90	182	247	3.175201
73	84	81	92	160	19	3.003024
129	140	146	157	4	111	0.994513
