start1	end1	start2	end2	frag1	frag2	frag_rmsd
24	35	30	41	258	61	1.652270
97	108	85	96	16	0	0.775259
137	148	127	138	89	73	3.308911
140	151	130	141	321	390	3.552566
161	172	155	166	61	270	2.370076
164	175	158	169	190	114	2.532336
