start1	end1	start2	end2	frag1	frag2	frag_rmsd
80	91	73	84	216	45	1.903162
84	95	77	88	24	110	1.015908
86	97	79	90	109	295	1.123468
87	98	80	91	82	337	3.215568
90	101	83	94	394	281	1.908381
142	153	139	150	109	268	2.560150
158	169	155	166	127	0	0.813264
174	185	171	182	27	273	1.481073
175	186	172	183	16	184	1.241286
176	187	173	184	184	121	1.193672
177	188	174	185	196	27	1.059651
178	189	175	186	184	196	1.667884
179	190	176	187	184	0	1.197355
183	194	180	191	0	27	0.813956
