start1	end1	start2	end2	frag1	frag2	frag_rmsd
58	69	58	69	180	60	2.491877
61	72	61	72	219	119	3.167912
71	82	71	82	316	132	2.327923
88	99	88	99	346	1	1.971244
114	125	114	125	300	375	2.169523
173	184	173	184	25	338	1.152231
188	199	188	199	92	7	2.871135
218	229	218	229	58	192	1.504351
241	252	240	251	141	51	1.428009
264	275	263	274	270	203	3.469674
316	327	315	326	240	184	1.274780
