start1	end1	start2	end2	frag1	frag2	frag_rmsd
27	38	17	28	23	127	1.517918
38	49	29	40	163	331	1.919656
41	52	32	43	356	57	1.996521
46	57	37	48	68	293	1.906648
76	87	72	83	3	178	2.441931
101	112	91	102	27	35	1.219104
137	148	137	148	363	302	2.467216
144	155	144	155	268	152	2.157053
158	169	158	169	156	257	3.035907
162	173	162	173	189	362	3.263572
185	196	180	191	372	343	2.617812
187	198	182	193	51	141	1.428009
302	313	291	302	0	127	0.813264
304	315	293	304	16	60	1.442604
312	323	301	312	253	57	2.589846
318	329	307	318	80	198	2.497363
325	336	314	325	338	25	1.152231
363	374	351	362	198	360	2.868520
413	424	433	444	126	107	2.640432
414	425	434	445	126	360	2.237959
422	433	442	453	220	17	2.567714
