start1	end1	start2	end2	frag1	frag2	frag_rmsd
12	23	12	23	356	107	1.430031
38	49	38	49	132	318	1.806699
58	69	58	69	164	324	2.993645
