start1	end1	start2	end2	frag1	frag2	frag_rmsd
45	56	33	44	61	132	2.583583
48	59	36	47	247	329	3.289652
53	64	41	52	349	263	2.146382
117	128	106	117	395	126	1.849402
