start1	end1	start2	end2	frag1	frag2	frag_rmsd
8	19	8	19	303	269	1.007020
22	33	22	33	61	258	1.652270
32	43	32	43	132	208	2.303221
34	45	34	45	126	84	1.909341
37	48	37	48	28	374	1.355458
57	68	59	70	274	96	3.035045
73	84	75	86	375	342	3.105267
74	85	76	87	342	285	2.897508
95	106	96	107	159	365	3.026434
