start1	end1	start2	end2	frag1	frag2	frag_rmsd
26	37	26	37	166	94	2.220235
37	48	37	48	176	360	3.064982
92	103	92	103	215	40	2.196253
125	136	125	136	236	63	3.768463
127	138	127	138	207	58	2.282401
134	145	134	145	191	319	2.202864
193	204	193	204	244	192	3.038554
227	238	227	238	126	389	2.201165
263	274	263	274	336	311	2.821394
294	305	294	305	289	51	2.618019
298	309	298	309	303	119	3.200026
