start1	end1	start2	end2	frag1	frag2	frag_rmsd
46	57	78	89	250	365	2.607868
102	113	136	147	144	368	1.335465
103	114	137	148	338	235	2.509048
