start1	end1	start2	end2	frag1	frag2	frag_rmsd
30	41	58	69	11	200	3.517715
77	88	102	113	84	360	1.521872
150	161	191	202	123	4	1.970873
151	162	192	203	4	0	1.783926
152	163	193	204	196	35	1.146322
154	165	195	206	35	166	2.477738
256	267	284	295	389	293	2.078620
293	304	319	330	45	196	2.637224
294	305	320	331	4	217	1.467713
308	319	334	345	207	343	2.291251
322	333	347	358	4	111	0.994513
