start1	end1	start2	end2	frag1	frag2	frag_rmsd
30	41	58	69	11	200	3.517715
77	88	102	113	84	360	1.521872
150	161	191	202	123	4	1.970873
151	162	192	203	4	0	1.783926
152	163	193	204	196	35	1.146322
154	165	195	206	35	166	2.477738
256	267	284	295	389	293	2.078620
279	290	305	316	35	0	1.003458
285	296	311	322	107	151	2.864918
288	299	314	325	322	84	1.955336
292	303	318	329	360	322	1.453720
339	350	363	374	389	313	2.390236
386	397	413	424	175	214	3.078236
392	403	419	430	60	142	3.973528
393	404	420	431	163	172	3.019588
395	406	422	433	334	157	3.172638
396	407	423	434	218	297	2.452723
415	426	442	453	375	390	2.986092
420	431	447	458	58	343	2.571558
