start1	end1	start2	end2	frag1	frag2	frag_rmsd
11	22	11	22	141	95	1.602886
14	25	14	25	0	16	0.775259
15	26	15	26	0	127	0.813264
30	41	37	48	63	341	2.923597
43	54	50	61	141	65	2.029741
76	87	84	95	95	141	1.602886
90	101	98	109	351	154	3.558061
91	102	99	110	116	62	2.947533
98	109	106	117	231	194	2.031382
