start1	end1	start2	end2	frag1	frag2	frag_rmsd
8	19	9	20	117	213	2.137352
9	20	10	21	390	78	2.515234
21	32	22	33	247	130	3.173883
36	47	37	48	24	110	1.015908
