start1	end1	start2	end2	frag1	frag2	frag_rmsd
64	75	87	98	10	92	1.712565
68	79	91	102	342	39	2.308509
209	220	220	231	99	329	2.954183
211	222	222	233	275	32	2.536594
222	233	233	244	395	106	2.587321
224	235	235	246	395	106	2.587321
226	237	237	248	322	248	2.535011
227	238	238	249	239	389	2.206659
229	240	240	251	343	328	1.513701
232	243	243	254	45	281	1.651716
233	244	244	255	118	179	2.651788
235	246	246	257	168	165	2.435156
