start1	end1	start2	end2	frag1	frag2	frag_rmsd
133	144	113	124	19	373	2.457443
144	155	124	135	176	114	1.989951
148	159	128	139	128	82	2.999468
