start1	end1	start2	end2	frag1	frag2	frag_rmsd
22	33	22	33	222	363	2.706564
98	109	98	109	167	389	1.584191
148	159	148	159	158	167	1.812316
149	160	149	160	40	92	1.759016
155	166	155	166	210	122	2.784487
169	180	169	180	293	38	2.937432
211	222	212	223	210	38	2.440545
234	245	235	246	132	322	1.945705
