start1	end1	start2	end2	frag1	frag2	frag_rmsd
30	41	30	41	188	87	1.255021
36	47	36	47	174	133	1.804231
40	51	40	51	392	322	2.364933
41	52	41	52	126	360	2.237959
91	102	89	100	358	274	2.773524
95	106	93	104	147	223	1.957202
101	112	99	110	16	0	0.775259
102	113	100	111	16	0	0.775259
103	114	101	112	196	35	1.146322
104	115	102	113	144	368	1.335465
166	177	167	178	10	391	2.250856
223	234	225	236	115	191	3.079804
