start1	end1	start2	end2	frag1	frag2	frag_rmsd
60	71	41	52	280	359	3.060039
70	81	51	62	153	137	1.744421
76	87	57	68	271	338	1.431102
99	110	80	91	217	5	1.208122
100	111	81	92	16	217	1.673517
