start1	end1	start2	end2	frag1	frag2	frag_rmsd
8	19	9	20	272	298	2.306193
14	25	15	26	309	248	2.728816
16	27	17	28	302	310	2.918408
28	39	29	40	126	84	1.909341
72	83	73	84	392	84	2.236722
75	86	76	87	215	28	2.173200
78	89	79	90	234	82	2.878314
79	90	80	91	390	238	3.772960
96	107	98	109	287	319	2.297661
107	118	109	120	61	389	1.926015
113	124	115	126	91	3	2.746684
115	126	117	128	126	107	2.640432
116	127	118	129	322	132	1.945705
161	172	160	171	322	360	1.453720
