start1	end1	start2	end2	frag1	frag2	frag_rmsd
68	79	56	67	277	33	2.543323
92	103	81	92	256	6	2.076516
100	111	89	100	371	241	2.038166
101	112	90	101	111	23	1.303435
102	113	91	102	0	27	0.813956
