start1	end1	start2	end2	frag1	frag2	frag_rmsd
7	18	7	18	133	363	1.994719
9	20	9	20	57	132	1.551260
34	45	34	45	71	339	2.715677
38	49	38	49	102	122	2.007064
57	68	57	68	206	359	2.584696
102	113	109	120	133	363	1.994719
