start1	end1	start2	end2	frag1	frag2	frag_rmsd
9	20	18	29	163	391	2.193995
10	21	19	30	68	204	1.976625
13	24	22	33	330	59	2.244902
15	26	24	35	301	365	2.827489
58	69	62	73	68	163	2.208242
63	74	67	78	191	388	2.793489
64	75	68	79	387	299	3.000545
66	77	70	81	131	177	2.065757
71	82	75	86	389	42	2.149086
72	83	76	87	158	167	1.812316
75	86	79	90	155	185	2.938310
87	98	91	102	222	69	2.417719
88	99	92	103	307	93	2.669688
96	107	100	111	63	142	3.345190
97	108	101	112	210	7	2.752995
104	115	108	119	167	391	2.154784
106	117	110	121	163	391	2.193995
112	123	116	127	148	205	2.314779
117	128	121	132	328	343	1.513701
130	141	134	145	204	323	2.129611
131	142	135	146	150	152	2.343118
138	149	142	153	168	377	1.816464
140	151	144	155	189	398	2.824691
142	153	146	157	7	210	2.752995
149	160	153	164	61	322	1.532523
150	161	154	165	239	389	2.206659
151	162	155	166	73	28	2.597259
152	163	156	167	138	96	3.064943
153	164	157	168	32	292	2.035472
154	165	158	169	276	195	1.460134
155	166	159	170	347	268	2.598705
156	167	160	171	135	206	2.279882
196	207	207	218	25	338	1.152231
216	227	221	232	7	343	2.009865
249	260	253	264	167	126	2.697257
251	262	255	266	176	351	2.600279
254	265	258	269	220	15	1.671599
256	267	260	271	23	111	1.303435
257	268	261	272	0	16	0.775259
258	269	262	273	0	16	0.775259
260	271	264	275	127	0	0.813264
261	272	265	276	16	0	0.775259
282	293	286	297	121	216	1.107965
319	330	327	338	16	0	0.775259
321	332	329	340	149	118	1.094155
322	333	330	341	180	251	1.423305
340	351	348	359	30	156	2.417655
341	352	349	360	334	362	2.698068
342	353	350	361	218	143	2.049999
348	359	356	367	47	226	2.874166
363	374	374	385	4	217	1.467713
366	377	377	388	184	0	1.197355
369	380	380	391	0	16	0.775259
371	382	382	393	121	170	1.774213
398	409	407	418	0	127	0.813264
399	410	408	419	0	16	0.775259
430	441	425	436	141	51	1.428009
433	444	428	439	27	0	0.813956
435	446	430	441	121	0	0.992640
436	447	431	442	27	196	1.059651
441	452	436	447	76	294	3.164645
463	474	489	500	0	127	0.813264
464	475	490	501	0	16	0.775259
