start1	end1	start2	end2	frag1	frag2	frag_rmsd
21	32	22	33	363	314	2.815277
22	33	23	34	107	91	2.649081
27	38	28	39	187	167	2.121763
109	120	112	123	357	322	2.219787
