start1	end1	start2	end2	frag1	frag2	frag_rmsd
30	41	30	41	28	258	2.447437
49	60	49	60	141	227	1.668724
75	86	75	86	179	14	2.848562
81	92	81	92	389	158	2.036257
97	108	97	108	299	387	3.000545
114	125	114	125	24	350	1.560380
115	126	115	126	168	315	1.621254
116	127	116	127	124	208	2.503023
117	128	117	128	91	226	2.048829
