start1	end1	start2	end2	frag1	frag2	frag_rmsd
17	28	17	28	298	314	2.656936
30	41	30	41	13	266	1.425161
50	61	51	62	80	313	2.489096
51	62	52	63	162	386	1.905714
73	84	74	85	263	68	2.861353
74	85	75	86	191	38	3.003051
75	86	76	87	38	358	2.528073
78	89	79	90	174	298	2.958851
79	90	80	91	57	178	1.951934
82	93	83	94	313	80	2.489096
