start1	end1	start2	end2	frag1	frag2	frag_rmsd
4	15	4	15	231	397	1.991083
6	17	6	17	223	123	1.416700
35	46	35	46	371	45	1.366556
47	58	47	58	235	161	1.099262
49	60	49	60	311	288	1.718799
51	62	51	62	393	164	2.491372
52	63	52	63	250	97	2.706387
54	65	54	65	218	19	3.173348
55	66	55	66	391	140	2.255408
56	67	56	67	80	203	1.863941
58	69	58	69	136	11	1.955935
61	72	61	72	216	45	1.903162
