start1	end1	start2	end2	frag1	frag2	frag_rmsd
24	35	23	34	180	24	1.017167
25	36	24	35	319	165	2.763122
27	38	26	37	280	337	3.024213
28	39	27	38	160	292	2.571253
29	40	28	39	195	276	1.460134
81	92	74	85	27	23	1.068713
84	95	77	88	27	127	1.019607
87	98	80	91	0	27	0.813956
