start1	end1	start2	end2	frag1	frag2	frag_rmsd
27	38	27	38	35	196	1.146322
43	54	43	54	133	314	2.775255
44	55	44	55	157	91	2.006819
45	56	45	56	107	356	1.430031
57	68	76	87	162	28	1.560721
