start1	end1	start2	end2	frag1	frag2	frag_rmsd
56	67	39	50	0	35	1.003458
97	108	80	91	51	396	1.709799
120	131	103	114	240	95	2.379651
122	133	105	116	27	278	1.610725
