start1	end1	start2	end2	frag1	frag2	frag_rmsd
54	65	43	54	316	356	2.665484
75	86	64	75	184	0	1.197355
117	128	106	117	232	288	2.068787
142	153	131	142	91	272	2.404085
152	163	141	152	150	141	3.411837
171	182	160	171	16	60	1.442604
192	203	181	192	109	354	1.258230
222	233	211	222	28	7	2.916860
241	252	230	241	301	221	2.892481
244	255	233	244	158	310	2.602228
258	269	247	258	83	213	2.559615
262	273	251	262	272	298	2.306193
263	274	252	263	253	91	2.403003
269	280	258	269	152	28	3.753588
