start1	end1	start2	end2	frag1	frag2	frag_rmsd
32	43	28	39	71	255	2.201151
33	44	29	40	272	91	2.404085
55	66	51	62	143	218	2.049999
57	68	53	64	183	40	2.804359
65	76	61	72	373	236	2.316582
70	81	66	77	221	272	3.330135
