start1	end1	start2	end2	frag1	frag2	frag_rmsd
52	63	53	64	48	155	3.138770
54	65	55	66	136	160	1.910361
55	66	56	67	125	31	2.117375
56	67	57	68	51	95	1.563872
