start1	end1	start2	end2	frag1	frag2	frag_rmsd
9	20	12	23	356	322	2.017159
10	21	13	24	258	389	2.040431
45	56	40	51	380	41	1.363415
48	59	43	54	363	222	2.706564
50	61	45	56	151	187	2.600378
54	65	49	60	178	392	1.899502
58	69	53	64	322	360	1.453720
64	75	59	70	342	78	2.611060
65	76	60	71	378	390	2.617645
79	90	74	85	361	229	2.596208
81	92	76	87	226	29	2.807261
90	101	85	96	180	144	2.424629
97	108	92	103	348	239	3.021160
