start1	end1	start2	end2	frag1	frag2	frag_rmsd
39	50	40	51	213	234	2.377478
43	54	44	55	57	253	2.589846
49	60	50	61	61	258	1.652270
54	65	55	66	361	14	2.941495
55	66	56	67	361	133	3.162145
58	69	59	70	126	84	1.909341
60	71	61	72	323	293	1.968250
85	96	88	99	395	42	2.168523
