start1	end1	start2	end2	frag1	frag2	frag_rmsd
44	55	63	74	164	34	2.524144
45	56	64	75	174	133	1.804231
49	60	68	79	198	40	1.579973
76	87	96	107	356	84	1.970757
82	93	102	113	204	247	2.471062
83	94	103	114	152	274	2.290286
85	96	105	116	59	330	2.244902
103	114	129	140	149	245	1.698435
117	128	143	154	91	57	2.021486
119	130	145	156	322	61	1.532523
145	156	175	186	348	318	2.448920
160	171	190	201	59	327	2.076427
