start1	end1	start2	end2	frag1	frag2	frag_rmsd
13	24	13	24	35	0	1.003458
14	25	14	25	35	0	1.003458
37	48	39	50	127	35	1.273794
49	60	61	72	0	27	0.813956
56	67	68	79	127	0	0.813264
58	69	70	81	338	284	2.592032
