start1	end1	start2	end2	frag1	frag2	frag_rmsd
18	29	22	33	322	61	1.532523
21	32	25	36	162	215	2.221407
22	33	26	37	329	247	3.289652
28	39	32	43	86	193	1.791219
51	62	55	66	357	360	2.658914
52	63	56	67	392	126	1.978049
54	65	58	69	360	126	2.237959
78	89	81	92	85	130	3.312540
79	90	82	93	274	82	3.608368
111	122	116	127	38	150	2.863885
119	130	124	135	344	7	2.450473
125	136	130	141	351	173	3.024743
