start1	end1	start2	end2	frag1	frag2	frag_rmsd
17	28	13	24	131	385	2.652572
40	51	36	47	194	225	1.011234
52	63	48	59	280	385	2.491078
56	67	52	63	120	112	3.914207
86	97	82	93	260	18	1.686863
93	104	89	100	112	98	2.830390
137	148	133	144	0	35	1.003458
