start1	end1	start2	end2	frag1	frag2	frag_rmsd
8	19	5	16	170	184	1.844017
11	22	8	19	271	338	1.431102
20	31	17	28	122	337	3.131304
78	89	66	77	0	16	0.775259
132	143	115	126	318	203	2.348379
134	145	117	128	148	140	2.641357
139	150	122	133	141	95	1.602886
180	191	164	175	127	16	1.158335
