start1	end1	start2	end2	frag1	frag2	frag_rmsd
22	33	27	38	318	132	1.806699
23	34	28	39	84	322	1.955336
28	39	33	44	213	117	2.137352
29	40	34	45	229	361	2.596208
30	41	35	46	361	120	2.508254
34	45	39	50	54	155	2.409934
38	49	43	54	143	74	2.114755
46	57	51	62	107	173	2.657406
47	58	52	63	348	107	2.443030
