start1	end1	start2	end2	frag1	frag2	frag_rmsd
78	89	75	86	225	68	2.476200
92	103	89	100	98	393	2.507349
93	104	90	101	262	171	2.758530
96	107	93	104	369	194	1.775960
99	110	96	107	4	111	0.994513
115	126	112	123	141	51	1.428009
122	133	119	130	0	16	0.775259
134	145	131	142	258	392	2.406167
137	148	134	145	132	318	1.806699
143	154	140	151	58	328	2.302863
