start1	end1	start2	end2	frag1	frag2	frag_rmsd
12	23	15	26	41	79	1.603240
15	26	18	29	254	113	1.777499
20	31	23	34	138	292	2.059222
76	87	79	90	43	207	2.180942
78	89	81	92	388	45	1.950228
79	90	82	93	282	267	2.231416
80	91	83	94	380	161	1.887076
81	92	84	95	88	104	2.667442
82	93	85	96	93	232	2.165914
83	94	86	97	254	171	2.333644
85	96	88	99	193	86	1.791219
86	97	89	100	125	225	2.024259
88	99	91	102	216	45	1.903162
