start1	end1	start2	end2	frag1	frag2	frag_rmsd
4	15	5	16	258	357	1.886183
5	16	6	17	42	395	2.168523
7	18	8	19	248	323	2.860850
8	19	9	20	379	204	2.231430
14	25	15	26	223	371	1.695846
22	33	23	34	131	287	2.477898
61	72	62	73	61	360	1.959112
93	104	94	105	107	57	2.508886
95	106	96	107	360	322	1.453720
103	114	104	115	354	109	1.258230
113	124	114	125	43	326	2.228664
136	147	137	148	255	208	1.969801
166	177	167	178	57	316	2.064021
170	181	171	182	163	183	2.424667
183	194	184	195	132	57	1.551260
187	198	188	199	389	158	2.036257
188	199	189	200	28	40	1.916230
194	205	195	206	141	227	1.668724
207	218	208	219	0	16	0.775259
210	221	211	222	24	180	1.017167
212	223	213	224	124	154	2.667896
264	275	265	276	167	293	1.284317
282	293	283	294	21	331	2.667971
285	296	286	297	57	356	1.996521
296	307	297	308	258	357	1.886183
301	312	302	313	143	395	2.173947
317	328	318	329	126	61	2.069075
318	329	319	330	258	42	2.172989
321	332	322	333	356	392	2.525602
413	424	414	425	153	137	1.744421
420	431	421	432	332	231	3.743608
439	450	440	451	90	207	2.943237
440	451	441	452	115	55	3.077489
443	454	444	455	91	398	2.828573
452	463	453	464	314	363	2.815277
