start1	end1	start2	end2	frag1	frag2	frag_rmsd
3	14	4	15	133	164	2.247627
5	16	6	17	218	297	2.452723
30	41	31	42	337	103	2.644158
