start1	end1	start2	end2	frag1	frag2	frag_rmsd
29	40	56	67	196	121	1.241736
49	60	75	86	367	128	2.784997
