start1	end1	start2	end2	frag1	frag2	frag_rmsd
12	23	13	24	240	66	1.969179
21	32	22	33	155	112	3.229026
26	37	27	38	370	54	2.155444
33	44	34	45	385	98	1.817464
64	75	65	76	112	358	2.837148
97	108	98	109	127	0	0.813264
108	119	109	120	61	348	2.472281
118	129	119	130	39	146	2.794272
119	130	120	131	19	39	2.401518
124	135	125	136	178	143	1.650270
141	152	149	160	27	0	0.813956
187	198	195	206	94	245	1.654793
214	225	222	233	379	391	2.465700
216	227	224	235	392	178	1.899502
217	228	225	236	389	356	3.180046
267	278	275	286	33	339	3.274195
