start1	end1	start2	end2	frag1	frag2	frag_rmsd
4	15	3	14	258	357	1.886183
12	23	11	22	57	91	2.021486
15	26	14	25	322	360	1.453720
16	27	15	26	61	360	1.959112
33	44	32	43	132	322	1.945705
38	49	37	48	177	21	1.869818
74	85	73	84	322	360	1.453720
111	122	107	118	360	318	2.599279
125	136	121	132	272	298	2.306193
