start1	end1	start2	end2	frag1	frag2	frag_rmsd
36	47	34	45	35	0	1.003458
38	49	36	47	18	338	1.332509
48	59	46	57	166	368	1.571683
49	60	47	58	271	18	1.069917
50	61	48	59	69	377	1.451916
55	66	53	64	98	229	3.238319
56	67	54	65	268	189	2.924505
58	69	56	67	79	230	3.244473
