start1	end1	start2	end2	frag1	frag2	frag_rmsd
49	60	50	61	322	357	2.219787
66	77	67	78	163	155	2.633433
78	89	79	90	126	360	2.237959
