start1	end1	start2	end2	frag1	frag2	frag_rmsd
3	14	3	14	62	319	1.833671
9	20	9	20	223	123	1.416700
35	46	35	46	87	149	1.474472
71	82	88	99	5	94	1.412501
75	86	92	103	217	4	1.467713
123	134	145	156	281	103	3.167005
163	174	183	194	350	245	1.326680
165	176	185	196	124	249	2.447035
170	181	190	201	262	265	3.238337
175	186	195	206	108	36	2.345446
217	228	237	248	303	139	3.603223
230	241	250	261	0	196	1.046929
234	245	254	265	0	27	0.813956
266	277	285	296	397	220	2.113998
283	294	302	313	184	220	1.359897
303	314	322	333	0	16	0.775259
319	330	338	349	127	0	0.813264
321	332	340	351	49	127	1.619635
322	333	341	352	144	149	1.522937
323	334	342	353	180	251	1.423305
325	336	344	355	307	93	2.669688
326	337	345	356	298	370	2.125343
329	340	348	359	86	344	2.801194
330	341	349	360	32	194	2.595090
417	428	436	447	35	127	1.273794
443	454	462	473	224	70	1.307761
494	505	516	527	250	22	3.763412
