start1	end1	start2	end2	frag1	frag2	frag_rmsd
12	23	12	23	23	15	1.595702
94	105	87	98	16	0	0.775259
125	136	114	125	312	142	3.936128
134	145	123	134	15	216	1.829506
195	206	183	194	58	282	3.076939
196	207	184	195	22	275	2.910979
197	208	185	196	275	9	2.970815
204	215	192	203	0	35	1.003458
231	242	219	230	259	377	2.036123
234	245	222	233	299	286	2.143065
