start1	end1	start2	end2	frag1	frag2	frag_rmsd
26	37	26	37	98	177	2.962494
32	43	32	43	106	395	2.587321
43	54	43	54	360	126	2.237959
63	74	63	74	162	386	1.905714
127	138	127	138	386	246	2.014472
132	143	132	143	365	200	2.605423
150	161	150	161	339	254	3.127918
164	175	164	175	136	138	2.385380
209	220	209	220	190	326	2.057006
262	273	262	273	360	356	2.206112
273	284	273	284	136	267	3.071550
286	297	286	297	16	0	0.775259
