start1	end1	start2	end2	frag1	frag2	frag_rmsd
24	35	21	32	0	16	0.775259
77	88	59	70	114	158	2.238975
79	90	61	72	10	140	1.985493
82	93	64	75	151	54	2.606432
99	110	80	91	322	357	2.219787
121	132	102	113	55	90	3.110877
122	133	103	114	142	115	3.133787
125	136	106	117	136	206	1.496459
177	188	155	166	4	23	1.335798
226	237	195	206	84	360	1.521872
234	245	203	214	214	287	2.750648
239	250	208	219	263	97	2.464240
240	251	209	220	383	349	1.626976
241	252	210	221	320	46	3.030121
246	257	215	226	221	146	2.415835
