start1	end1	start2	end2	frag1	frag2	frag_rmsd
22	33	22	33	315	191	1.918851
23	34	23	34	388	104	3.344577
42	53	42	53	152	332	3.286408
55	66	55	66	342	234	2.805291
63	74	63	74	311	234	2.778769
70	81	70	81	298	253	2.223505
90	101	90	101	150	332	2.960658
91	102	91	102	261	59	3.077335
93	104	93	104	314	252	3.047322
100	111	100	111	38	92	2.065054
103	114	103	114	257	39	2.376784
107	118	107	118	350	265	2.942151
109	120	109	120	287	214	2.750648
115	126	115	126	183	331	2.314556
117	128	117	128	54	395	2.541594
129	140	129	140	152	73	2.865449
