start1	end1	start2	end2	frag1	frag2	frag_rmsd
40	51	40	51	126	395	1.849402
41	52	41	52	322	132	1.945705
42	53	42	53	322	126	2.289807
43	54	43	54	360	126	2.237959
56	67	60	71	215	28	2.173200
113	124	118	129	84	356	1.970757
201	212	182	193	360	322	1.453720
221	232	202	213	97	174	2.041055
242	253	223	234	331	163	1.919656
244	255	225	236	323	204	2.129611
250	261	231	242	297	323	1.891877
259	270	240	251	322	357	2.219787
423	434	379	390	395	126	1.849402
424	435	380	391	322	132	1.945705
479	490	423	434	297	318	2.590663
504	515	449	460	292	138	2.059222
514	525	459	470	91	392	2.022503
516	527	461	472	61	322	1.532523
