start1	end1	start2	end2	frag1	frag2	frag_rmsd
27	38	22	33	322	258	2.166966
32	43	27	38	177	390	2.707335
60	71	55	66	361	229	2.596208
73	84	68	79	389	158	2.036257
79	90	74	85	347	281	2.168443
82	93	77	88	249	168	1.762725
