start1	end1	start2	end2	frag1	frag2	frag_rmsd
5	16	4	15	242	370	2.324730
10	21	9	20	342	229	2.558558
11	22	10	21	331	174	1.879546
12	23	11	22	379	151	2.133956
13	24	12	23	157	42	3.189470
16	27	15	26	211	203	1.857122
27	38	26	37	61	322	1.532523
38	49	37	48	360	61	1.959112
41	52	40	51	334	391	2.539872
67	78	66	77	358	130	2.067353
68	79	67	78	378	78	1.620040
69	80	68	79	78	390	2.515234
70	81	69	80	342	14	2.230074
71	82	70	81	331	370	2.794128
90	101	88	99	78	390	2.515234
