start1	end1	start2	end2	frag1	frag2	frag_rmsd
117	128	117	128	169	118	2.120396
124	135	124	135	167	151	2.485552
126	137	126	137	80	7	3.060177
149	160	165	176	389	61	1.926015
151	162	167	178	38	329	2.609070
