start1	end1	start2	end2	frag1	frag2	frag_rmsd
2	13	10	21	178	183	1.884271
40	51	44	55	16	0	0.775259
59	70	60	71	367	375	2.523916
62	73	63	74	157	398	2.818765
99	110	99	110	363	164	1.880850
103	114	103	114	360	322	1.453720
105	116	105	116	126	360	2.237959
106	117	106	117	322	61	1.532523
110	121	110	121	10	183	2.579576
115	126	115	126	318	126	2.511599
122	133	122	133	361	164	2.628107
124	135	124	135	379	302	2.457672
