start1	end1	start2	end2	frag1	frag2	frag_rmsd
21	32	24	35	284	369	3.189876
53	64	56	67	327	59	2.076427
58	69	61	72	61	258	1.652270
76	87	79	90	174	222	2.234287
80	91	83	94	198	80	2.497363
85	96	88	99	379	323	2.385592
106	117	109	120	178	91	1.731687
115	126	118	129	191	51	2.831934
