start1	end1	start2	end2	frag1	frag2	frag_rmsd
6	17	6	17	232	93	2.165914
45	56	45	56	207	1	1.582075
90	101	92	103	242	370	2.324730
137	148	138	149	199	179	3.410284
140	151	141	152	75	243	1.677825
153	164	154	165	21	205	2.497557
154	165	155	166	71	146	2.780984
155	166	156	167	325	221	2.157297
202	213	204	215	222	12	3.043358
