start1	end1	start2	end2	frag1	frag2	frag_rmsd
11	22	4	15	322	360	1.453720
13	24	6	17	28	374	1.355458
18	29	11	22	393	375	2.214683
20	31	13	24	178	157	2.103654
48	59	41	52	248	258	2.636532
49	60	42	53	40	187	2.485770
50	61	43	54	357	10	2.250248
52	63	45	56	392	255	2.478791
53	64	46	57	185	356	3.316743
58	69	51	62	395	42	2.168523
80	91	73	84	391	167	2.154784
82	93	75	86	19	92	2.286913
84	95	77	88	19	378	2.694133
88	99	81	92	202	328	2.635217
