start1	end1	start2	end2	frag1	frag2	frag_rmsd
56	67	56	67	294	339	2.275774
64	75	64	75	16	184	1.241286
65	76	65	76	0	184	1.197355
70	81	70	81	307	325	2.398407
