start1	end1	start2	end2	frag1	frag2	frag_rmsd
50	61	46	57	324	361	2.730513
60	71	56	67	151	355	3.568930
66	77	62	73	22	141	1.438165
