start1	end1	start2	end2	frag1	frag2	frag_rmsd
4	15	7	18	258	395	2.579077
14	25	17	28	171	164	2.705057
20	31	23	34	371	216	1.502072
39	50	42	53	257	163	2.504068
90	101	93	104	215	185	3.111688
115	126	118	129	88	119	2.426508
141	152	145	156	390	361	2.592892
144	155	148	159	165	373	2.991737
149	160	153	164	367	306	3.174957
152	163	156	167	222	46	3.030653
170	181	174	185	363	365	2.484110
171	182	175	186	352	171	3.655268
174	185	178	189	194	369	1.775960
226	237	230	241	12	17	1.213096
