start1	end1	start2	end2	frag1	frag2	frag_rmsd
31	42	32	43	225	194	1.011234
35	46	36	47	273	260	1.686527
36	47	37	48	184	170	1.844017
37	48	38	49	121	196	1.241736
81	92	82	93	315	240	2.539345
109	120	110	121	338	166	1.595083
146	157	147	158	16	0	0.775259
