start1	end1	start2	end2	frag1	frag2	frag_rmsd
5	16	11	22	371	223	1.695846
21	32	27	38	24	60	2.263582
22	33	28	39	315	124	2.338699
29	40	35	46	207	53	2.127619
43	54	49	60	32	294	3.364060
68	79	74	85	171	179	2.342577
113	124	119	130	249	251	1.059141
120	131	126	137	265	372	3.277498
139	150	145	156	371	223	1.695846
221	232	221	232	391	258	2.417334
280	291	279	290	108	22	2.604466
282	293	281	292	273	119	2.985824
404	415	403	414	313	158	2.779261
