start1	end1	start2	end2	frag1	frag2	frag_rmsd
1	12	2	13	199	115	3.233007
44	55	44	55	16	0	0.775259
51	62	51	62	352	62	2.834866
95	106	95	106	0	35	1.003458
132	143	132	143	65	129	2.521098
146	157	146	157	180	52	2.443004
150	161	150	161	340	276	2.487868
152	163	152	163	45	123	1.488609
153	164	153	164	4	16	1.839967
209	220	209	220	55	21	2.054944
210	221	210	221	55	148	1.769837
211	222	211	222	370	71	2.349638
214	225	214	225	7	384	2.421433
216	227	216	227	369	225	2.174537
250	261	250	261	185	310	2.160511
251	262	251	262	362	310	2.791292
252	263	252	263	165	163	2.394897
253	264	253	264	38	182	3.883020
268	279	268	279	227	141	1.668724
275	286	275	286	16	127	1.158335
277	288	277	288	18	180	1.503133
278	289	278	289	380	41	1.363415
296	307	296	307	260	184	1.878962
299	310	299	310	273	368	1.870733
300	311	300	311	118	12	2.012904
307	318	307	318	172	155	3.142997
313	324	313	324	9	119	2.580733
314	325	314	325	129	376	1.562683
316	327	316	327	371	223	1.695846
331	342	331	342	0	16	0.775259
338	349	338	349	160	230	1.979840
362	373	362	373	217	23	1.721983
363	374	363	374	0	27	0.813956
