start1	end1	start2	end2	frag1	frag2	frag_rmsd
15	26	16	27	16	0	0.775259
53	64	54	65	193	110	3.083789
