start1	end1	start2	end2	frag1	frag2	frag_rmsd
39	50	37	48	174	334	2.642144
127	138	135	146	191	162	3.214220
157	168	165	176	322	61	1.532523
168	179	176	187	357	318	2.179797
181	192	189	200	129	305	2.207893
191	202	199	210	280	268	2.159615
