start1	end1	start2	end2	frag1	frag2	frag_rmsd
15	26	14	25	0	16	0.775259
53	64	90	101	143	178	1.650270
55	66	92	103	203	318	2.348379
56	67	93	104	323	246	2.173724
