start1	end1	start2	end2	frag1	frag2	frag_rmsd
15	26	14	25	0	16	0.775259
53	64	90	101	143	178	1.650270
55	66	92	103	203	318	2.348379
56	67	93	104	323	246	2.173724
89	100	126	137	18	77	1.941276
223	234	267	278	191	162	3.214220
253	264	297	308	322	61	1.532523
264	275	308	319	357	318	2.179797
277	288	321	332	129	305	2.207893
287	298	331	342	280	268	2.159615
