start1	end1	start2	end2	frag1	frag2	frag_rmsd
73	84	86	97	215	162	2.221407
74	85	87	98	122	329	1.972439
75	86	88	99	20	83	2.024528
109	120	121	132	96	13	1.738752
