start1	end1	start2	end2	frag1	frag2	frag_rmsd
18	29	18	29	365	164	2.534748
25	36	25	36	313	258	2.044899
86	97	82	93	0	16	0.775259
87	98	83	94	0	127	0.813264
88	99	84	95	127	87	1.661081
116	127	109	120	307	52	2.500414
120	131	113	124	299	351	2.013905
121	132	114	125	53	43	2.117948
