start1	end1	start2	end2	frag1	frag2	frag_rmsd
27	38	27	38	269	303	1.007020
28	39	28	39	9	119	2.580733
29	40	29	40	129	376	1.562683
30	41	30	41	396	65	2.073749
31	42	31	42	123	371	1.899626
47	58	47	58	178	349	2.466717
161	172	148	159	84	126	1.909341
163	174	150	161	198	374	2.225536
186	197	169	180	256	164	2.413952
200	211	186	197	331	301	2.779249
235	246	237	248	0	16	0.775259
239	250	241	252	16	184	1.241286
245	256	247	258	27	0	0.813956
