start1	end1	start2	end2	frag1	frag2	frag_rmsd
20	31	22	33	289	81	3.401093
23	34	25	36	100	377	1.241297
37	48	39	50	4	111	0.994513
58	69	60	71	92	247	2.407521
61	72	63	74	261	280	2.507185
76	87	78	89	367	98	3.355409
88	99	90	101	302	331	2.430370
131	142	133	144	143	218	2.049999
