start1	end1	start2	end2	frag1	frag2	frag_rmsd
3	14	4	15	44	79	2.999741
5	16	6	17	269	376	1.962861
7	18	8	19	36	26	1.912851
10	21	11	22	21	17	2.393115
11	22	12	23	71	124	2.729309
34	45	35	46	136	193	1.585201
37	48	38	49	255	11	3.357702
65	76	66	77	0	16	0.775259
