start1	end1	start2	end2	frag1	frag2	frag_rmsd
27	38	28	39	202	237	2.917197
140	151	141	152	167	239	2.383832
292	303	293	304	80	72	3.047606
296	307	297	308	381	81	3.293430
306	317	307	318	396	227	2.329098
310	321	311	322	111	27	1.266595
324	335	325	336	285	174	2.184810
368	379	369	380	201	280	1.864047
396	407	397	408	356	392	2.525602
439	450	440	451	230	333	2.013015
440	451	441	452	195	21	3.499928
445	456	446	457	173	257	3.386936
464	475	465	476	145	30	2.939674
466	477	467	478	51	22	1.833239
477	488	478	489	103	333	3.127807
490	501	491	502	188	368	1.404624
496	507	497	508	199	352	3.530181
514	525	515	526	71	339	2.715677
522	533	523	534	390	32	2.794076
523	534	524	535	113	254	1.777499
527	538	528	539	173	398	2.666717
529	540	530	541	72	343	2.291856
530	541	531	542	43	225	2.352954
