start1	end1	start2	end2	frag1	frag2	frag_rmsd
73	84	68	79	389	198	2.304197
74	85	69	80	114	357	2.878161
76	87	71	82	74	318	2.154001
81	92	76	87	346	1	1.971244
98	109	94	105	331	183	2.314556
116	127	111	122	127	0	0.813264
118	129	113	124	0	16	0.775259
119	130	114	125	0	60	1.639067
163	174	156	167	18	251	1.457612
165	176	158	169	311	243	1.853647
166	177	159	170	6	201	2.321672
169	180	162	173	57	178	1.951934
181	192	174	185	220	240	1.948939
198	209	191	202	322	106	2.256879
200	211	193	204	322	360	1.453720
201	212	194	205	322	360	1.453720
202	213	195	206	392	126	1.978049
203	214	196	207	392	360	2.657878
204	215	197	208	106	126	2.751764
205	216	198	209	318	61	2.627923
206	217	199	210	386	374	2.195278
207	218	200	211	246	329	2.836035
208	219	201	212	96	83	1.987429
209	220	202	213	20	327	2.071002
270	281	256	267	161	235	1.099262
277	288	263	274	318	74	2.154001
295	306	280	291	121	0	0.992640
