start1	end1	start2	end2	frag1	frag2	frag_rmsd
12	23	6	17	145	11	1.994228
52	63	41	52	274	358	2.773524
76	87	65	76	125	225	2.024259
113	124	101	112	12	169	2.879771
127	138	115	126	191	73	3.007741
