start1	end1	start2	end2	frag1	frag2	frag_rmsd
28	39	28	39	268	199	3.524700
29	40	29	40	382	332	4.018173
32	43	32	43	367	365	3.314064
38	49	38	49	3	255	2.650042
