start1	end1	start2	end2	frag1	frag2	frag_rmsd
15	26	15	26	362	222	2.312123
16	27	16	27	178	208	1.931564
31	42	31	42	375	300	2.169523
62	73	62	73	283	354	2.234505
70	81	70	81	386	313	2.679625
95	106	95	106	325	221	2.157297
96	107	96	107	355	262	3.030336
97	108	97	108	157	173	2.666062
98	109	98	109	107	74	2.697674
99	110	99	110	258	198	1.817841
