start1	end1	start2	end2	frag1	frag2	frag_rmsd
160	171	159	170	298	395	3.168971
162	173	161	172	42	395	2.168523
201	212	198	209	280	101	2.023902
205	216	202	213	223	371	1.695846
213	224	210	221	61	357	2.416361
232	243	226	237	276	195	1.460134
254	265	248	259	274	138	2.648986
282	293	276	287	389	316	2.563569
