start1	end1	start2	end2	frag1	frag2	frag_rmsd
56	67	37	48	13	266	1.425161
86	97	69	80	357	57	2.268519
