start1	end1	start2	end2	frag1	frag2	frag_rmsd
38	49	51	62	200	375	3.058529
62	73	88	99	392	74	2.779359
68	79	94	105	160	230	1.979840
69	80	95	106	237	31	1.767577
100	111	154	165	95	141	1.602886
106	117	160	171	0	127	0.813264
131	142	183	194	167	158	1.812316
133	144	185	196	56	138	1.966884
149	160	201	212	6	232	1.900358
157	168	209	220	7	38	2.699184
