start1	end1	start2	end2	frag1	frag2	frag_rmsd
22	33	22	33	35	0	1.003458
44	55	43	54	196	0	1.046929
45	56	44	55	0	16	0.775259
46	57	45	56	0	16	0.775259
50	61	49	60	149	118	1.094155
