start1	end1	start2	end2	frag1	frag2	frag_rmsd
3	14	4	15	239	389	2.206659
7	18	8	19	195	32	1.944403
30	41	31	42	176	207	2.783500
44	55	45	56	216	371	1.502072
98	109	92	103	217	5	1.208122
138	149	130	141	132	42	2.640108
150	161	142	153	149	188	1.382009
155	166	147	158	337	219	2.788891
196	207	182	193	132	74	2.503655
197	208	183	194	61	374	2.524894
198	209	184	195	167	198	2.269619
