start1	end1	start2	end2	frag1	frag2	frag_rmsd
17	28	16	27	0	16	0.775259
23	34	22	33	232	355	2.143807
25	36	24	35	3	302	2.726615
53	64	53	64	107	395	2.432305
54	65	54	65	42	126	2.008935
55	66	55	66	258	389	2.040431
70	81	70	81	16	0	0.775259
