start1	end1	start2	end2	frag1	frag2	frag_rmsd
3	14	3	14	20	150	2.215790
45	56	44	55	57	322	2.446228
117	128	115	126	61	126	2.069075
