start1	end1	start2	end2	frag1	frag2	frag_rmsd
18	29	18	29	221	325	2.157297
30	41	30	41	365	375	1.934439
73	84	71	82	223	45	1.647681
74	85	72	83	23	4	1.335798
94	105	91	102	45	223	1.647681
