start1	end1	start2	end2	frag1	frag2	frag_rmsd
21	32	21	32	0	16	0.775259
25	36	25	36	184	0	1.197355
29	40	29	40	188	35	1.339917
97	108	112	123	334	386	2.729008
99	110	114	125	297	8	3.428263
101	112	116	127	148	208	2.551325
103	114	118	129	57	356	1.996521
107	118	122	133	329	122	1.972439
