start1	end1	start2	end2	frag1	frag2	frag_rmsd
115	126	108	119	328	2	1.547551
118	129	111	122	45	216	1.903162
120	131	113	124	52	149	2.152403
122	133	115	126	362	124	2.182590
148	159	139	150	33	277	2.543323
151	162	142	153	174	363	2.440306
183	194	175	186	331	263	2.341218
186	197	178	189	379	178	1.774921
