start1	end1	start2	end2	frag1	frag2	frag_rmsd
5	16	4	15	57	379	2.336006
6	17	5	16	348	239	3.021160
22	33	21	32	178	383	2.575768
26	37	25	36	117	213	2.137352
60	71	59	70	29	349	2.165630
78	89	77	88	322	61	1.532523
82	93	81	92	117	213	2.137352
87	98	86	97	316	323	2.822707
