start1	end1	start2	end2	frag1	frag2	frag_rmsd
80	91	14	25	161	271	1.954501
101	112	35	46	283	243	2.860703
106	117	40	51	342	182	3.011760
143	154	80	91	126	42	2.008935
166	177	103	114	397	51	2.972136
177	188	114	125	363	97	1.939160
178	189	115	126	91	178	1.731687
