start1	end1	start2	end2	frag1	frag2	frag_rmsd
13	24	12	23	227	361	3.523109
40	51	39	50	215	162	2.221407
64	75	63	74	4	111	0.994513
