start1	end1	start2	end2	frag1	frag2	frag_rmsd
33	44	46	57	257	156	3.035907
62	73	75	86	280	103	1.955594
72	83	85	96	16	0	0.775259
