start1	end1	start2	end2	frag1	frag2	frag_rmsd
13	24	9	20	275	181	3.137269
14	25	10	21	321	181	3.417913
23	34	19	30	378	213	2.157761
27	38	23	34	57	132	1.551260
44	55	40	51	117	213	2.137352
67	78	63	74	114	373	2.547927
74	85	70	81	270	322	2.513316
87	98	83	94	40	395	2.957432
