start1	end1	start2	end2	frag1	frag2	frag_rmsd
1	12	1	12	279	351	2.901311
2	13	2	13	12	207	3.445698
4	15	4	15	154	47	2.385592
9	20	9	20	375	361	1.959684
14	25	14	25	73	329	2.227621
20	31	20	31	57	316	2.064021
21	32	21	32	322	84	1.955336
26	37	26	37	327	367	2.658463
