start1	end1	start2	end2	frag1	frag2	frag_rmsd
20	31	18	29	122	246	3.134991
21	32	19	30	13	358	2.540778
26	37	24	35	332	382	4.018173
