start1	end1	start2	end2	frag1	frag2	frag_rmsd
24	35	21	32	39	349	1.813420
44	55	41	52	357	322	2.219787
46	57	43	54	80	258	2.273429
51	62	48	59	367	59	2.032515
54	65	51	62	331	302	2.430370
68	79	65	76	322	360	1.453720
111	122	109	120	221	301	2.892481
113	124	111	122	253	151	2.347071
