start1	end1	start2	end2	frag1	frag2	frag_rmsd
56	67	51	62	299	373	2.344651
116	127	108	119	16	0	0.775259
128	139	120	131	44	37	1.535786
147	158	139	150	260	16	1.076875
149	160	141	152	196	37	1.126710
152	163	144	155	235	161	1.099262
155	166	147	158	385	280	2.491078
157	168	149	160	194	231	2.031382
278	289	269	280	360	126	2.237959
297	308	282	293	392	132	1.839294
314	325	299	310	258	313	2.044899
315	326	300	311	167	40	2.374362
316	327	301	312	40	391	2.291833
356	367	348	359	126	84	1.909341
407	418	393	404	379	57	2.336006
436	447	425	436	64	334	2.485784
439	450	428	439	373	296	3.519919
453	464	442	453	93	146	1.954768
454	465	443	454	290	370	3.530379
460	471	449	460	3	97	2.451993
463	474	452	463	386	297	2.304549
465	476	454	465	102	7	2.841203
483	494	472	483	42	392	2.128589
485	496	474	485	84	42	2.426355
487	498	476	487	167	297	2.343013
488	499	477	488	40	10	1.570300
489	500	478	489	204	68	1.976625
490	501	479	490	38	114	2.976648
491	502	480	491	112	38	2.815804
493	504	482	493	361	222	2.877528
494	505	483	494	253	301	2.483787
495	506	484	495	91	298	2.033592
497	508	486	497	126	84	1.909341
498	509	487	498	132	360	2.169218
501	512	490	501	42	389	2.149086
503	514	492	503	246	247	2.037135
517	528	506	517	375	393	2.214683
558	569	549	560	61	322	1.532523
559	570	550	561	61	258	1.652270
562	573	553	564	247	38	2.150232
564	575	555	566	131	342	2.883151
568	579	559	570	316	178	2.242694
