start1	end1	start2	end2	frag1	frag2	frag_rmsd
32	43	31	42	127	60	1.135321
34	45	33	44	35	49	1.783586
38	49	37	48	354	268	2.147233
45	56	44	55	16	0	0.775259
47	58	46	57	196	127	1.155792
54	65	53	64	359	228	2.298168
56	67	55	66	44	230	2.806219
96	107	96	107	256	156	2.527395
101	112	101	112	337	364	2.623148
107	118	107	118	118	166	2.028517
174	185	169	180	216	196	1.905582
175	186	170	181	111	27	1.266595
176	187	171	182	184	16	1.241286
195	206	190	201	175	130	2.406903
