start1	end1	start2	end2	frag1	frag2	frag_rmsd
9	20	9	20	78	378	1.620040
61	72	61	72	195	276	1.460134
106	117	106	117	100	377	1.241297
154	165	154	165	84	360	1.521872
163	174	163	174	331	57	2.831093
165	176	165	176	357	258	1.886183
173	184	173	184	157	178	2.103654
201	212	201	212	374	28	1.355458
210	221	210	221	57	74	2.467886
211	222	211	222	74	318	2.154001
213	224	213	224	198	395	2.491422
216	227	216	227	310	356	3.182179
217	228	217	228	316	258	2.660770
220	231	220	231	392	356	2.525602
228	239	228	239	392	322	2.364933
