start1	end1	start2	end2	frag1	frag2	frag_rmsd
20	31	17	28	178	331	2.377337
21	32	18	29	248	357	1.838513
35	46	33	44	248	54	2.082630
36	47	34	45	178	57	1.951934
37	48	35	46	356	84	1.970757
