start1	end1	start2	end2	frag1	frag2	frag_rmsd
8	19	5	16	203	348	1.790407
10	21	7	18	204	68	1.976625
12	23	9	20	138	261	2.494118
14	25	11	22	66	240	1.969179
17	28	14	25	35	0	1.003458
24	35	21	32	33	288	1.743390
51	62	45	56	132	74	2.503655
163	174	155	166	35	94	1.741150
193	204	188	199	393	120	2.462806
195	206	190	201	71	107	3.716638
215	226	210	221	38	152	2.741259
220	231	215	226	4	23	1.335798
225	236	220	231	16	0	0.775259
226	237	221	232	0	16	0.775259
241	252	235	246	7	122	2.510319
251	262	245	256	313	297	1.957711
257	268	251	262	393	365	2.281657
