start1	end1	start2	end2	frag1	frag2	frag_rmsd
26	37	14	25	57	132	1.551260
100	111	72	83	84	57	2.559962
143	154	102	113	354	109	1.258230
261	272	193	204	308	56	2.348853
262	273	194	205	21	342	2.678654
275	286	207	218	33	277	2.543323
