start1	end1	start2	end2	frag1	frag2	frag_rmsd
38	49	20	31	374	28	1.355458
42	53	24	35	208	71	2.491031
43	54	25	36	189	398	2.824691
44	55	26	37	116	162	3.188256
76	87	44	55	61	357	2.416361
77	88	45	56	126	395	1.849402
79	90	47	58	392	395	1.956324
103	114	68	79	151	97	2.941270
106	117	71	82	357	248	1.838513
139	150	104	115	248	379	1.639302
194	205	131	142	162	374	2.026859
208	219	145	156	127	0	0.813264
