start1	end1	start2	end2	frag1	frag2	frag_rmsd
80	91	79	90	393	156	2.724048
99	110	98	109	198	176	2.736363
101	112	100	111	176	278	2.976281
103	114	102	113	43	1	2.128343
122	133	121	132	246	247	2.037135
135	146	134	145	337	328	3.074742
145	156	144	155	374	258	2.198304
178	189	177	188	379	391	2.465700
196	207	195	206	179	144	2.704096
200	211	199	210	160	337	3.041217
212	223	211	222	154	77	3.062512
243	254	242	253	322	360	1.453720
251	262	250	261	333	200	3.420119
255	266	254	265	46	296	2.750911
