start1	end1	start2	end2	frag1	frag2	frag_rmsd
7	18	7	18	0	196	1.046929
10	21	10	21	0	121	0.992640
25	36	25	36	291	372	3.119689
40	51	40	51	276	32	2.058499
