start1	end1	start2	end2	frag1	frag2	frag_rmsd
35	46	38	49	304	300	3.563590
36	47	39	50	119	238	2.352658
61	72	64	75	281	388	2.197854
62	73	65	76	267	338	1.899769
64	75	67	78	33	104	2.171568
70	81	73	84	177	390	2.707335
75	86	78	89	19	38	2.252345
80	91	83	94	379	57	2.336006
