start1	end1	start2	end2	frag1	frag2	frag_rmsd
32	43	33	44	359	77	2.382337
77	88	78	89	106	360	2.403800
80	91	81	92	198	114	2.372330
82	93	83	94	310	165	2.728742
121	132	122	133	127	0	0.813264
131	142	132	143	0	27	0.813956
