start1	end1	start2	end2	frag1	frag2	frag_rmsd
67	78	53	64	72	259	3.382907
98	109	70	81	215	313	2.543151
102	113	74	85	365	361	2.392314
104	115	76	87	173	218	2.674313
105	116	77	88	210	122	2.784487
112	123	84	95	38	19	2.252345
117	128	89	100	253	157	2.505749
119	130	91	102	246	28	2.083931
120	131	92	103	19	38	2.252345
