start1	end1	start2	end2	frag1	frag2	frag_rmsd
12	23	14	25	232	134	2.244172
123	134	131	142	330	128	2.625531
127	138	135	146	57	208	2.152129
129	140	137	148	318	107	2.418216
130	141	138	149	198	61	2.292877
160	171	167	178	146	93	1.954768
161	172	168	179	370	146	2.364907
183	194	195	206	280	335	2.831856
199	210	211	222	182	29	1.423903
206	217	218	229	236	274	1.789125
211	222	223	234	311	243	1.853647
212	223	224	235	256	280	2.777176
213	224	225	236	98	385	1.817464
214	225	226	237	200	112	3.304526
216	227	228	239	296	63	3.504255
220	231	232	243	268	152	2.157053
229	240	241	252	301	108	3.370206
237	248	249	260	322	61	1.532523
