start1	end1	start2	end2	frag1	frag2	frag_rmsd
20	31	23	34	126	360	2.237959
65	76	70	81	389	167	1.584191
66	77	71	82	28	40	1.916230
68	79	73	84	213	117	2.137352
69	80	74	85	78	112	3.056163
71	82	76	87	298	174	2.958851
72	83	77	88	57	178	1.951934
73	84	78	89	84	356	1.970757
74	85	79	90	356	84	1.970757
75	86	80	91	61	258	1.652270
84	95	89	100	312	64	1.899875
87	98	92	103	310	362	2.791292
