start1	end1	start2	end2	frag1	frag2	frag_rmsd
21	32	30	41	395	42	2.168523
24	35	33	44	61	389	1.926015
79	90	81	92	320	28	2.315284
97	108	98	109	312	131	2.764994
