start1	end1	start2	end2	frag1	frag2	frag_rmsd
1	12	1	12	357	248	1.838513
28	39	27	38	84	132	2.205557
64	75	63	74	395	126	1.849402
