start1	end1	start2	end2	frag1	frag2	frag_rmsd
22	33	20	31	307	339	2.624244
25	36	23	34	395	302	2.496823
32	43	30	41	322	357	2.219787
61	72	59	70	149	127	1.616553
65	76	63	74	93	75	2.727339
70	81	68	79	195	276	1.460134
90	101	89	100	208	57	2.152129
92	103	91	102	356	84	1.970757
