start1	end1	start2	end2	frag1	frag2	frag_rmsd
23	34	22	33	141	51	1.428009
69	80	69	80	331	301	2.779249
71	82	71	82	316	356	2.665484
