start1	end1	start2	end2	frag1	frag2	frag_rmsd
72	83	68	79	69	377	1.451916
75	86	71	82	164	156	1.408711
80	91	76	87	92	40	1.759016
131	142	148	159	38	92	2.065054
144	155	161	172	0	16	0.775259
146	157	163	174	0	196	1.046929
161	172	178	189	34	355	2.271590
162	173	179	190	254	113	1.777499
