start1	end1	start2	end2	frag1	frag2	frag_rmsd
5	16	8	19	150	152	2.343118
55	66	83	94	167	293	1.284317
