start1	end1	start2	end2	frag1	frag2	frag_rmsd
60	71	67	78	214	364	3.076702
65	76	72	83	266	382	3.541655
115	126	119	130	98	385	1.817464
118	129	122	133	8	218	2.650042
