start1	end1	start2	end2	frag1	frag2	frag_rmsd
6	17	7	18	179	171	2.342577
10	21	11	22	6	93	2.369677
12	23	13	24	174	97	2.041055
28	39	29	40	111	4	0.994513
32	43	33	44	196	127	1.155792
93	104	93	104	53	162	3.173684
