start1	end1	start2	end2	frag1	frag2	frag_rmsd
3	14	5	16	61	258	1.652270
4	15	6	17	167	158	1.812316
7	18	9	20	89	309	1.629779
77	88	79	90	357	322	2.219787
81	92	83	94	83	150	1.761815
