start1	end1	start2	end2	frag1	frag2	frag_rmsd
2	13	2	13	320	329	2.324045
3	14	3	14	292	213	2.564850
4	15	4	15	32	186	3.574922
5	16	5	16	276	268	3.177106
7	18	7	18	147	145	2.118707
8	19	8	19	220	240	1.948939
10	21	10	21	27	111	1.266595
11	22	11	22	0	27	0.813956
95	106	98	109	183	246	2.799495
96	107	99	110	125	2	2.365365
121	132	125	136	23	111	1.303435
142	153	155	166	149	118	1.094155
144	155	157	168	233	319	1.769620
185	196	204	215	82	292	2.425930
218	229	238	249	114	198	2.372330
220	231	240	251	263	155	2.581549
222	233	242	253	174	3	2.344203
223	234	243	254	57	379	2.336006
225	236	245	256	258	74	2.771739
235	246	255	266	290	283	2.851812
249	260	269	280	4	111	0.994513
257	268	277	288	35	0	1.003458
329	340	354	365	88	377	2.744217
362	373	387	398	270	348	2.651409
364	375	389	400	10	40	1.570300
404	415	429	440	143	178	1.650270
