start1	end1	start2	end2	frag1	frag2	frag_rmsd
19	30	16	27	84	356	1.970757
68	79	52	63	178	357	2.306823
98	109	77	88	363	393	3.168032
102	113	81	92	126	360	2.237959
