start1	end1	start2	end2	frag1	frag2	frag_rmsd
53	64	32	43	97	151	2.941270
54	65	33	44	302	157	1.373132
97	108	65	76	143	208	2.184799
98	109	66	77	395	318	2.216742
122	133	90	101	204	10	2.009667
