start1	end1	start2	end2	frag1	frag2	frag_rmsd
118	129	86	97	34	164	2.524144
122	133	90	101	204	10	2.009667
126	137	94	105	71	241	3.172817
151	162	119	130	86	80	2.813168
152	163	120	131	125	207	2.298237
153	164	121	132	15	148	2.792508
156	167	124	135	76	372	3.437693
179	190	144	155	84	356	1.970757
228	239	180	191	178	357	2.306823
258	269	205	216	363	393	3.168032
262	273	209	220	126	360	2.237959
