start1	end1	start2	end2	frag1	frag2	frag_rmsd
42	53	57	68	335	254	2.549212
110	121	130	141	218	143	2.049999
112	123	132	143	92	140	2.371234
117	128	137	148	56	80	3.303919
119	130	139	150	190	326	2.057006
266	277	309	320	129	376	1.562683
322	333	368	379	0	121	0.992640
324	335	370	381	0	27	0.813956
327	338	373	384	35	0	1.003458
328	339	374	385	35	0	1.003458
329	340	375	386	188	166	1.839547
374	385	431	442	0	16	0.775259
384	395	441	452	180	249	1.782972
392	403	449	460	222	285	2.219445
