start1	end1	start2	end2	frag1	frag2	frag_rmsd
15	26	15	26	358	117	2.136260
17	28	17	28	301	361	2.339875
22	33	22	33	258	61	1.652270
44	55	44	55	114	185	2.618176
60	71	60	71	248	357	1.838513
85	96	85	96	183	297	2.879004
95	106	95	106	334	168	3.326451
97	108	97	108	146	182	3.224594
125	136	125	136	393	250	2.576258
155	166	155	166	235	161	1.099262
171	182	170	181	395	379	2.439526
