start1	end1	start2	end2	frag1	frag2	frag_rmsd
126	137	123	134	107	158	3.375122
163	174	158	169	91	132	2.241050
165	176	160	171	348	61	2.472281
254	265	249	260	61	360	1.959112
