start1	end1	start2	end2	frag1	frag2	frag_rmsd
95	106	108	119	360	322	1.453720
105	116	118	129	27	196	1.059651
107	118	120	131	0	16	0.775259
