start1	end1	start2	end2	frag1	frag2	frag_rmsd
108	119	132	143	274	152	2.290286
115	126	139	150	16	0	0.775259
116	127	140	151	0	121	0.992640
258	269	293	304	360	322	1.453720
268	279	303	314	27	196	1.059651
270	281	305	316	0	16	0.775259
