start1	end1	start2	end2	frag1	frag2	frag_rmsd
1	12	1	12	137	23	2.317890
5	16	5	16	27	196	1.059651
6	17	6	17	0	273	1.419073
7	18	7	18	16	184	1.241286
8	19	8	19	0	184	1.197355
9	20	9	20	0	121	0.992640
