start1	end1	start2	end2	frag1	frag2	frag_rmsd
6	17	6	17	129	67	2.882811
10	21	10	21	184	240	1.274780
28	39	28	39	61	360	1.959112
29	40	29	40	158	61	2.386508
34	45	34	45	365	375	1.934439
42	53	42	53	0	49	1.806828
81	92	81	92	29	173	3.204963
112	123	112	123	280	134	2.872771
115	126	115	126	220	284	2.618411
138	149	138	149	233	131	3.105347
139	150	139	150	228	134	3.009154
140	151	140	151	332	306	3.243005
146	157	146	157	120	300	2.691744
152	163	152	163	4	23	1.335798
175	186	175	186	216	371	1.502072
