start1	end1	start2	end2	frag1	frag2	frag_rmsd
13	24	13	24	279	149	2.582897
34	45	34	45	180	338	1.985909
71	82	71	82	335	128	3.395526
73	84	73	84	30	11	2.289586
105	116	103	114	97	3	2.451993
162	173	160	171	202	372	2.168379
173	184	171	182	373	308	2.485033
179	190	177	188	161	100	0.978809
183	194	181	192	352	142	3.000373
186	197	184	195	396	227	2.329098
223	234	221	232	363	164	1.880850
225	236	223	234	204	40	2.160416
227	238	225	236	80	357	2.082122
230	241	228	239	343	211	2.532802
