start1	end1	start2	end2	frag1	frag2	frag_rmsd
102	113	102	113	373	39	2.559497
103	114	103	114	163	68	2.208242
104	115	104	115	163	114	2.969498
