start1	end1	start2	end2	frag1	frag2	frag_rmsd
14	25	20	31	313	348	2.381382
16	27	22	33	13	266	1.425161
42	53	52	63	365	375	1.934439
