start1	end1	start2	end2	frag1	frag2	frag_rmsd
110	121	79	90	322	357	2.219787
130	141	101	112	201	358	2.893908
146	157	117	128	38	210	2.440545
148	159	119	130	358	117	2.136260
187	198	184	195	383	310	2.997578
191	202	188	199	318	106	2.386148
