start1	end1	start2	end2	frag1	frag2	frag_rmsd
26	37	22	33	88	311	2.062164
33	44	29	40	128	375	2.998520
75	86	84	95	154	398	2.760865
151	162	170	181	4	111	0.994513
218	229	239	250	121	0	0.992640
219	230	240	251	27	0	0.813956
220	231	241	252	121	196	1.241736
250	261	269	280	339	168	1.861038
343	354	382	393	21	229	2.030465
346	357	385	396	398	165	3.440403
396	407	440	451	14	38	3.185908
409	420	452	463	86	246	3.131995
