start1	end1	start2	end2	frag1	frag2	frag_rmsd
40	51	39	50	24	12	1.462726
44	55	43	54	50	243	1.750686
50	61	49	60	391	140	2.255408
52	63	51	62	178	255	1.895190
89	100	88	99	187	318	2.503665
173	184	173	184	357	258	1.886183
195	206	195	206	201	358	2.893908
216	227	216	227	98	385	1.817464
228	239	228	239	10	92	1.712565
233	244	233	244	331	301	2.779249
266	277	266	277	168	21	2.693821
269	280	269	280	348	187	2.633419
270	281	270	281	246	10	2.424507
280	291	280	291	24	180	1.017167
