start1	end1	start2	end2	frag1	frag2	frag_rmsd
36	47	32	43	329	96	1.925419
40	51	36	47	363	133	1.994719
41	52	37	48	3	383	2.586232
45	56	41	52	138	275	2.617606
50	61	46	57	169	111	1.734636
51	62	47	58	118	149	1.094155
99	110	91	102	0	184	1.197355
144	155	137	148	16	0	0.775259
145	156	138	149	16	0	0.775259
189	200	183	194	127	0	0.813264
221	232	219	230	4	111	0.994513
