start1	end1	start2	end2	frag1	frag2	frag_rmsd
17	28	24	35	34	254	2.752501
34	45	41	52	198	360	2.868520
35	46	42	53	158	389	2.036257
41	52	48	59	318	316	2.200800
46	57	53	64	95	51	1.563872
82	93	85	96	16	184	1.241286
114	125	114	125	126	318	2.511599
135	146	136	147	357	360	2.658914
137	148	138	149	323	374	2.760700
146	157	147	158	15	278	1.862927
149	160	150	161	184	16	1.241286
153	164	154	165	121	184	1.193672
238	249	231	242	2	343	1.502106
272	283	262	273	239	299	3.351538
274	285	264	275	119	139	2.402640
294	305	283	294	232	93	2.165914
295	306	284	295	103	34	3.089630
296	307	285	296	160	337	3.041217
300	311	289	300	326	372	2.686344
302	313	291	302	396	95	2.153849
306	317	295	306	25	149	2.140871
313	324	302	313	60	127	1.135321
314	325	303	314	87	127	1.661081
315	326	304	315	180	144	2.424629
316	327	305	316	79	77	2.104037
317	328	306	317	139	380	2.487464
341	352	331	342	74	132	2.503655
359	370	349	360	170	287	1.992976
368	379	358	369	10	38	2.667255
369	380	359	370	152	38	2.741259
371	382	361	372	82	150	3.345905
372	383	362	373	361	82	3.467954
373	384	363	374	113	390	3.018358
374	385	364	375	8	55	2.488528
375	386	365	376	398	173	2.666717
376	387	366	377	351	154	3.558061
377	388	367	378	351	296	2.893150
381	392	371	382	45	394	1.792183
434	445	425	436	322	61	1.532523
445	456	436	447	322	126	2.289807
446	457	437	448	84	106	2.817568
