start1	end1	start2	end2	frag1	frag2	frag_rmsd
1	12	2	13	207	80	3.198378
2	13	3	14	225	343	2.874789
3	14	4	15	326	190	2.057006
28	39	27	38	389	323	2.182032
32	43	31	42	22	85	2.338197
49	60	48	59	256	136	3.470989
67	78	67	78	8	155	2.640243
71	82	71	82	391	110	3.535511
72	83	72	83	384	191	2.999869
73	84	73	84	295	354	1.529198
83	94	83	94	64	378	2.573657
84	95	84	95	182	85	2.994343
87	98	87	98	190	155	3.005853
91	102	91	102	315	191	1.918851
100	111	100	111	126	360	2.237959
101	112	101	112	176	80	3.198664
102	113	102	113	162	351	2.473278
106	117	106	117	300	390	2.932370
119	130	119	130	148	81	3.158078
120	131	120	131	145	241	2.081704
121	132	121	132	40	72	2.701440
125	136	125	136	342	361	2.191841
133	144	133	144	342	64	2.625565
155	166	155	166	155	8	2.640243
163	174	163	174	342	361	2.191841
168	179	168	179	10	92	1.712565
171	182	171	182	85	182	2.994343
183	194	183	194	183	253	1.817367
185	196	185	196	143	57	2.304628
190	201	190	201	358	138	2.570733
191	202	191	202	14	155	2.198745
192	203	192	203	268	141	2.606913
195	206	195	206	244	90	2.739792
197	208	197	208	315	168	1.621254
200	211	200	211	382	131	3.365727
202	213	202	213	378	229	1.841616
205	216	205	216	348	107	2.443030
209	220	209	220	275	364	2.895333
228	239	228	239	75	288	2.996111
