start1	end1	start2	end2	frag1	frag2	frag_rmsd
11	22	18	29	188	368	1.404624
26	37	34	45	0	121	0.992640
32	43	40	51	16	0	0.775259
46	57	54	65	322	356	2.017159
72	83	80	91	128	59	2.692989
81	92	89	100	251	77	2.050996
116	127	124	135	3	178	2.441931
137	148	145	156	67	325	3.060007
187	198	194	205	222	98	2.557250
188	199	195	206	174	301	2.796572
