start1	end1	start2	end2	frag1	frag2	frag_rmsd
47	58	44	55	188	368	1.404624
73	84	70	81	260	284	1.981488
80	91	77	88	91	57	2.021486
90	101	87	98	221	339	3.553675
92	103	89	100	143	272	2.353076
146	157	143	154	51	15	2.489994
280	291	201	212	27	0	0.813956
294	305	215	226	43	384	3.571669
299	310	220	231	371	44	2.486300
307	318	228	239	30	230	1.728147
308	319	229	240	117	131	2.914347
319	330	240	251	295	354	1.529198
338	349	259	270	121	170	1.774213
379	390	300	311	57	208	2.152129
380	391	301	312	395	318	2.216742
385	396	306	317	261	234	2.919577
423	434	344	355	27	111	1.266595
438	449	359	370	132	57	1.551260
440	451	361	372	258	61	1.652270
443	454	364	375	150	152	2.343118
496	507	417	428	315	372	3.254533
500	511	421	432	206	193	1.868331
509	520	430	441	106	198	2.191348
