start1	end1	start2	end2	frag1	frag2	frag_rmsd
31	42	31	42	258	61	1.652270
34	45	34	45	150	152	2.343118
87	98	87	98	315	372	3.254533
91	102	91	102	206	193	1.868331
100	111	100	111	106	198	2.191348
