start1	end1	start2	end2	frag1	frag2	frag_rmsd
40	51	38	49	343	2	1.502106
44	55	42	53	287	381	2.682221
51	62	49	60	205	334	2.027607
52	63	50	61	146	183	2.507770
53	64	51	62	331	253	1.801250
57	68	55	66	386	320	2.245005
65	76	63	74	316	57	2.064021
106	117	103	114	320	374	2.761878
146	157	143	154	200	268	3.327033
151	162	148	159	331	253	1.801250
184	195	181	192	225	194	1.011234
