start1	end1	start2	end2	frag1	frag2	frag_rmsd
5	16	5	16	356	310	3.182179
33	44	38	49	107	395	2.432305
57	68	63	74	318	107	2.418216
59	70	65	76	28	386	1.926117
65	76	71	82	277	235	1.734496
71	82	77	88	313	61	2.398675
73	84	79	90	122	96	1.013426
