start1	end1	start2	end2	frag1	frag2	frag_rmsd
4	15	5	16	246	386	2.014472
11	22	12	23	299	373	2.344651
79	90	88	99	246	274	2.986878
83	94	92	103	388	108	2.582574
108	119	147	158	178	392	1.899502
109	120	148	159	248	258	2.636532
111	122	150	161	258	40	2.499938
112	123	151	162	167	163	2.837135
116	127	155	166	178	132	2.174432
117	128	156	167	132	322	1.945705
