start1	end1	start2	end2	frag1	frag2	frag_rmsd
59	70	61	72	27	0	0.813956
158	169	167	178	343	328	1.513701
163	174	172	183	235	41	1.883375
164	175	173	184	33	311	2.256244
167	178	176	187	250	171	2.770541
168	179	177	188	364	145	2.789700
169	180	178	189	296	125	2.718770
174	185	183	194	127	16	1.158335
175	186	184	195	127	0	0.813264
177	188	186	197	368	118	1.491748
178	189	187	198	338	251	2.138871
179	190	188	199	277	41	1.800987
180	191	189	200	288	311	1.718799
181	192	190	201	6	256	2.076516
182	193	191	202	164	342	2.542474
184	195	193	204	54	253	1.914846
185	196	194	205	203	74	2.632491
189	200	198	209	247	204	2.471062
214	225	217	228	386	187	2.292076
215	226	218	229	343	211	2.532802
