start1	end1	start2	end2	frag1	frag2	frag_rmsd
9	20	1	12	216	115	2.416815
13	24	5	16	121	196	1.241736
15	26	7	18	16	184	1.241286
45	56	42	53	0	16	0.775259
49	60	46	57	16	0	0.775259
80	91	91	102	92	293	2.575480
