start1	end1	start2	end2	frag1	frag2	frag_rmsd
18	29	18	29	0	16	0.775259
21	32	21	32	144	118	1.639526
22	33	22	33	161	79	2.349571
30	41	30	41	398	389	3.007093
36	47	36	47	365	375	1.934439
