start1	end1	start2	end2	frag1	frag2	frag_rmsd
51	62	69	80	42	126	2.008935
66	77	84	95	285	133	1.901995
191	202	203	214	16	0	0.775259
193	204	205	216	0	35	1.003458
194	205	206	217	188	368	1.404624
