start1	end1	start2	end2	frag1	frag2	frag_rmsd
7	18	8	19	268	276	3.177106
21	32	22	33	118	180	1.359643
41	52	42	53	150	117	2.233273
46	57	47	58	253	298	2.223505
50	61	51	62	126	84	1.909341
92	103	92	103	318	84	2.776911
99	110	99	110	342	174	2.548424
130	141	130	141	154	46	2.384182
