start1	end1	start2	end2	frag1	frag2	frag_rmsd
1	12	8	19	250	393	2.576258
2	13	9	20	182	342	3.011760
3	14	10	21	39	182	2.830746
4	15	11	22	19	39	2.401518
5	16	12	23	130	358	2.067353
6	17	13	24	130	358	2.067353
