start1	end1	start2	end2	frag1	frag2	frag_rmsd
9	20	10	21	338	77	1.893036
10	21	11	22	79	77	2.104037
14	25	15	26	223	281	2.033707
17	28	18	29	259	21	2.377047
48	59	49	60	136	86	2.660402
