start1	end1	start2	end2	frag1	frag2	frag_rmsd
54	65	87	98	229	222	2.786874
55	66	88	99	342	183	2.925390
57	68	90	101	349	39	1.813420
74	85	106	117	92	40	1.759016
83	94	115	126	91	226	2.048829
