start1	end1	start2	end2	frag1	frag2	frag_rmsd
11	22	10	21	0	35	1.003458
14	25	13	24	24	180	1.017167
20	31	19	30	155	309	2.742251
54	65	53	64	97	185	3.246125
56	67	55	66	334	391	2.539872
57	68	56	67	54	57	2.433783
62	73	61	72	386	374	2.195278
103	114	102	113	235	161	1.099262
106	117	105	116	280	103	1.955594
128	139	127	138	208	178	1.931564
132	143	131	142	258	313	2.044899
143	154	142	153	61	389	1.926015
164	175	162	173	342	301	2.307304
175	186	173	184	45	238	2.079714
