start1	end1	start2	end2	frag1	frag2	frag_rmsd
9	20	9	20	49	170	2.018496
23	34	23	34	235	338	2.509048
60	71	60	71	161	18	2.263395
77	88	77	88	136	230	2.068366
89	100	89	100	283	288	2.531015
91	102	91	102	341	63	2.923597
