start1	end1	start2	end2	frag1	frag2	frag_rmsd
6	17	7	18	85	22	2.338197
7	18	8	19	268	281	2.328089
10	21	11	22	141	95	1.602886
13	24	14	25	0	16	0.775259
60	71	61	72	104	377	1.491193
61	72	62	73	307	366	2.915158
