start1	end1	start2	end2	frag1	frag2	frag_rmsd
34	45	34	45	293	323	1.968250
40	51	40	51	250	285	2.181254
42	53	42	53	58	187	2.694618
44	55	44	55	71	205	2.812474
49	60	49	60	248	322	2.535011
67	78	67	78	138	38	2.473026
