start1	end1	start2	end2	frag1	frag2	frag_rmsd
102	113	43	54	88	311	2.062164
117	128	59	70	223	4	2.754340
118	129	60	71	23	0	1.327063
122	133	64	75	25	338	1.152231
123	134	65	76	161	377	2.060080
124	135	66	77	33	288	1.743390
126	137	68	79	164	156	1.408711
173	184	113	124	156	361	3.062572
174	185	114	125	174	97	2.041055
