start1	end1	start2	end2	frag1	frag2	frag_rmsd
69	80	68	79	322	84	1.955336
73	84	72	83	209	191	2.794182
92	103	91	102	375	200	3.058529
