start1	end1	start2	end2	frag1	frag2	frag_rmsd
44	55	44	55	395	248	1.997362
45	56	45	56	143	392	2.200380
47	58	47	58	7	329	2.127910
53	64	53	64	143	157	2.115800
66	77	66	77	348	61	2.472281
67	78	67	78	374	162	2.026859
74	85	74	85	302	91	2.022399
79	90	79	90	10	391	2.250856
80	91	80	91	386	191	2.742571
84	95	84	95	388	22	2.479205
86	97	86	97	263	97	2.464240
88	99	88	99	248	84	2.774836
113	124	116	127	258	61	1.652270
