start1	end1	start2	end2	frag1	frag2	frag_rmsd
22	33	12	23	184	170	1.844017
63	74	53	64	94	245	1.654793
70	81	60	71	127	35	1.273794
76	87	66	77	227	385	2.924653
77	88	67	78	281	223	2.033707
79	90	69	80	184	240	1.274780
124	135	114	125	22	216	2.345343
