start1	end1	start2	end2	frag1	frag2	frag_rmsd
42	53	41	52	292	328	2.946322
48	59	47	58	104	294	2.248622
91	102	88	99	232	311	2.404421
143	154	139	150	261	82	2.364559
165	176	160	171	22	51	1.833239
167	178	162	173	70	4	1.352136
168	179	163	174	184	0	1.197355
169	180	164	175	121	35	1.375045
171	182	166	177	149	118	1.094155
174	185	169	180	295	354	1.529198
