start1	end1	start2	end2	frag1	frag2	frag_rmsd
53	64	56	67	178	143	1.650270
68	79	71	82	393	314	2.541582
70	81	73	84	143	318	2.218027
88	99	92	103	363	365	2.484110
