start1	end1	start2	end2	frag1	frag2	frag_rmsd
15	26	14	25	127	0	0.813264
132	143	77	88	253	97	2.618413
134	145	79	90	74	318	2.154001
140	151	85	96	384	81	2.431312
143	154	88	99	216	188	2.705928
219	230	142	153	239	215	1.429311
289	300	212	223	111	169	1.734636
291	302	214	225	184	0	1.197355
292	303	215	226	121	196	1.241736
302	313	225	236	3	272	2.548933
