start1	end1	start2	end2	frag1	frag2	frag_rmsd
15	26	16	27	100	131	2.574499
19	30	20	31	84	107	2.480937
