start1	end1	start2	end2	frag1	frag2	frag_rmsd
46	57	23	34	85	234	2.251830
47	58	24	35	6	366	1.707860
65	76	43	54	203	40	2.939865
66	77	44	55	140	10	1.985493
68	79	46	57	85	234	2.251830
90	101	68	79	234	85	2.251830
91	102	69	80	14	182	3.005144
109	120	89	100	203	40	2.939865
129	140	112	123	178	143	1.650270
