start1	end1	start2	end2	frag1	frag2	frag_rmsd
14	25	14	25	395	151	2.369932
15	26	15	26	395	54	2.541594
39	50	37	48	320	28	2.315284
