start1	end1	start2	end2	frag1	frag2	frag_rmsd
1	12	1	12	16	27	1.218469
10	21	10	21	33	232	2.349096
