start1	end1	start2	end2	frag1	frag2	frag_rmsd
2	13	6	17	158	215	2.376886
4	15	8	19	114	309	2.217575
5	16	9	20	379	310	2.615701
6	17	10	21	263	334	2.551371
7	18	11	22	204	19	3.057682
8	19	12	23	358	274	2.773524
19	30	23	34	322	360	1.453720
33	44	37	48	91	54	2.270861
66	77	67	78	186	361	3.160218
69	80	70	81	178	57	1.951934
