start1	end1	start2	end2	frag1	frag2	frag_rmsd
32	43	46	57	329	323	3.000292
37	48	51	62	363	365	2.484110
38	49	52	63	302	133	2.836895
66	77	117	128	378	234	2.028958
149	160	247	258	325	246	2.941551
150	161	248	259	290	247	2.658070
151	162	249	260	382	201	3.485863
155	166	253	264	341	262	2.794272
179	190	284	295	132	57	1.551260
183	194	288	299	374	176	2.511074
264	275	410	421	0	127	0.813264
305	316	455	466	23	15	1.595702
367	378	500	511	211	203	1.857122
413	424	578	589	377	100	1.241297
