start1	end1	start2	end2	frag1	frag2	frag_rmsd
68	79	53	64	59	367	2.032515
99	110	83	94	117	102	2.753113
105	116	89	100	74	84	2.819412
106	117	90	101	356	132	2.067486
