start1	end1	start2	end2	frag1	frag2	frag_rmsd
7	18	8	19	322	61	1.532523
78	89	80	91	73	28	2.597259
90	101	92	103	217	49	2.121792
105	116	107	118	0	16	0.775259
135	146	137	148	262	133	3.022961
162	173	164	175	298	54	2.540643
197	208	199	210	307	208	2.658720
221	232	223	234	360	322	1.453720
286	297	277	288	252	232	2.518986
293	304	284	295	360	322	1.453720
