start1	end1	start2	end2	frag1	frag2	frag_rmsd
20	31	19	30	95	65	2.348324
26	37	25	36	387	228	1.467269
109	120	109	120	84	360	1.521872
