start1	end1	start2	end2	frag1	frag2	frag_rmsd
108	119	97	108	383	398	2.420024
109	120	98	109	215	313	2.543151
140	151	130	141	213	312	1.883397
142	153	132	143	361	108	3.377601
156	167	145	156	370	10	2.952547
157	168	146	157	379	183	2.366043
158	169	147	158	349	253	2.373083
174	185	168	179	93	366	2.320488
