start1	end1	start2	end2	frag1	frag2	frag_rmsd
40	51	42	53	24	118	1.501714
44	55	46	57	34	256	2.477094
49	60	51	62	322	84	1.955336
70	81	71	82	61	126	2.069075
78	89	79	90	48	85	2.776504
81	92	82	93	31	231	1.286233
134	145	135	146	58	192	1.504351
144	155	145	156	278	15	1.862927
159	170	160	171	30	230	1.728147
173	184	174	185	304	390	2.928597
175	186	176	187	113	71	2.980143
178	189	179	190	398	351	2.763108
241	252	241	252	285	164	2.359531
244	255	244	255	187	143	2.920199
272	283	272	283	316	318	2.200800
274	285	274	285	74	318	2.154001
281	292	281	292	194	345	1.854317
302	313	302	313	0	35	1.003458
