start1	end1	start2	end2	frag1	frag2	frag_rmsd
26	37	23	34	330	150	2.743271
27	38	24	35	333	261	2.857609
