start1	end1	start2	end2	frag1	frag2	frag_rmsd
26	37	27	38	389	379	2.527735
41	52	42	53	322	61	1.532523
44	55	45	56	162	215	2.221407
75	86	83	94	322	360	1.453720
