start1	end1	start2	end2	frag1	frag2	frag_rmsd
30	41	25	36	0	217	1.425276
31	42	26	37	0	27	0.813956
64	75	60	71	141	95	1.602886
82	93	78	89	16	0	0.775259
84	95	80	91	0	127	0.813264
101	112	102	113	0	16	0.775259
102	113	103	114	0	16	0.775259
104	115	105	116	0	196	1.046929
