start1	end1	start2	end2	frag1	frag2	frag_rmsd
31	42	24	35	173	262	2.838728
33	44	26	37	7	329	2.127910
39	50	32	43	29	165	2.993096
42	53	35	46	213	78	2.359219
