start1	end1	start2	end2	frag1	frag2	frag_rmsd
5	16	6	17	0	16	0.775259
49	60	50	61	161	94	3.316618
53	64	54	65	324	34	2.516852
