start1	end1	start2	end2	frag1	frag2	frag_rmsd
36	47	36	47	356	107	1.430031
42	53	42	53	78	292	2.869152
48	59	48	59	255	334	2.710851
63	74	63	74	164	363	1.880850
70	81	70	81	258	357	1.886183
72	83	72	83	86	296	2.772610
95	106	95	106	0	16	0.775259
102	113	102	113	366	93	2.320488
