start1	end1	start2	end2	frag1	frag2	frag_rmsd
8	19	12	23	141	51	1.428009
34	45	38	49	353	45	1.252194
56	67	60	71	146	64	1.629420
57	68	61	72	182	189	2.177050
82	93	86	97	203	40	2.939865
83	94	87	98	10	58	2.327811
86	97	90	101	189	182	2.177050
94	105	98	109	184	121	1.193672
97	108	101	112	121	0	0.992640
100	111	104	115	18	251	1.457612
113	124	117	128	183	64	2.589948
114	125	118	129	182	189	2.177050
117	128	121	132	225	194	1.011234
121	132	125	136	0	16	0.775259
148	159	152	163	353	147	1.930020
209	220	213	224	0	27	0.813956
222	233	226	237	143	316	2.409167
227	238	231	242	64	146	1.629420
228	239	232	243	189	182	2.177050
248	259	252	263	39	349	1.813420
249	260	253	264	391	379	2.465700
254	265	258	269	10	58	2.327811
266	277	270	281	196	0	1.046929
289	300	293	304	22	141	1.438165
290	301	294	305	353	45	1.252194
299	310	303	314	79	77	2.104037
305	316	309	320	349	383	1.626976
341	352	345	356	146	183	2.507770
368	379	372	383	10	58	2.327811
393	404	397	408	178	143	1.650270
395	406	399	410	203	40	2.939865
397	408	401	412	58	205	2.620813
402	413	406	417	231	194	2.031382
412	423	416	427	359	25	2.215761
