start1	end1	start2	end2	frag1	frag2	frag_rmsd
22	33	23	34	117	213	2.137352
23	34	24	35	361	112	3.296315
