start1	end1	start2	end2	frag1	frag2	frag_rmsd
7	18	8	19	328	138	2.615349
10	21	11	22	281	45	1.651716
11	22	12	23	238	94	2.965164
12	23	13	24	16	245	2.290677
16	27	17	28	4	70	1.352136
18	29	19	30	0	121	0.992640
30	41	31	42	298	91	2.033592
34	45	35	46	322	158	2.437978
39	50	40	51	141	227	1.668724
77	88	79	90	389	158	2.036257
88	99	90	101	14	6	3.100379
92	103	94	105	225	345	2.264617
93	104	95	106	51	141	1.428009
143	154	145	156	232	288	2.068787
145	156	147	158	285	164	2.359531
148	159	150	161	323	68	2.650394
150	161	152	163	328	138	2.615349
186	197	187	198	129	29	3.960359
187	198	188	199	36	373	3.514309
188	199	189	200	147	86	2.880843
189	200	190	201	220	225	2.480117
190	201	191	202	26	51	1.853752
191	202	192	203	111	45	2.183445
192	203	193	204	273	4	1.809651
