start1	end1	start2	end2	frag1	frag2	frag_rmsd
37	48	37	48	291	381	2.672639
55	66	55	66	0	35	1.003458
95	106	95	106	149	127	1.616553
134	145	132	143	54	57	2.433783
