start1	end1	start2	end2	frag1	frag2	frag_rmsd
103	114	103	114	318	218	2.873967
105	116	105	116	246	7	2.663765
109	120	109	120	8	179	3.017241
112	123	112	123	162	241	2.934442
154	165	155	166	91	298	2.033592
155	166	156	167	218	297	2.452723
159	170	160	171	234	342	2.805291
210	221	210	221	60	127	1.135321
232	243	232	243	240	184	1.274780
257	268	258	269	155	68	2.293045
259	270	260	271	206	138	2.247993
262	273	263	274	223	216	2.223151
270	281	271	282	140	370	2.602502
