start1	end1	start2	end2	frag1	frag2	frag_rmsd
29	40	29	40	313	258	2.044899
34	45	34	45	390	304	2.928597
41	52	41	52	391	248	2.056378
44	55	44	55	143	208	2.184799
62	73	62	73	100	235	1.231875
80	91	80	91	236	373	2.316582
