start1	end1	start2	end2	frag1	frag2	frag_rmsd
6	17	19	30	20	83	2.024528
7	18	20	31	330	327	2.088556
14	25	27	38	360	126	2.237959
15	26	28	39	322	360	1.453720
17	28	30	41	28	389	2.824905
20	31	33	44	336	20	2.941584
22	33	35	46	324	375	2.394722
23	34	36	47	363	97	1.939160
24	35	37	48	362	302	1.914259
26	37	39	50	132	356	2.067486
27	38	40	51	356	84	1.970757
