start1	end1	start2	end2	frag1	frag2	frag_rmsd
63	74	64	75	127	16	1.158335
75	86	76	87	16	184	1.241286
76	87	77	88	0	121	0.992640
77	88	78	89	0	27	0.813956
104	115	105	116	95	65	2.348324
