start1	end1	start2	end2	frag1	frag2	frag_rmsd
1	12	5	16	73	28	2.597259
3	14	7	18	150	20	2.215790
14	25	18	29	257	125	2.022846
18	29	22	33	76	380	2.656587
62	73	66	77	255	183	1.975114
64	75	68	79	151	398	2.424902
81	92	85	96	118	149	1.094155
91	102	95	106	255	91	2.289949
108	119	112	123	207	1	1.582075
111	122	115	126	118	144	1.639526
113	124	117	128	377	277	1.951425
118	129	122	133	141	347	2.650705
136	147	140	151	33	294	2.272830
166	177	170	181	247	48	3.082328
168	179	172	183	8	163	2.633204
