start1	end1	start2	end2	frag1	frag2	frag_rmsd
16	27	16	27	352	81	3.385672
23	34	23	34	113	252	1.744519
32	43	32	43	111	23	1.303435
