start1	end1	start2	end2	frag1	frag2	frag_rmsd
59	70	62	73	27	0	0.813956
89	100	98	109	70	105	2.130748
90	101	99	110	180	25	2.193725
146	157	142	153	376	340	2.433654
183	194	179	190	163	38	2.391719
204	215	200	211	270	74	2.419552
211	222	207	218	388	45	1.950228
212	223	208	219	179	169	2.606904
213	224	209	220	24	110	1.015908
216	227	212	223	29	290	2.914221
222	233	218	229	91	97	2.877428
223	234	219	230	356	383	3.359782
