start1	end1	start2	end2	frag1	frag2	frag_rmsd
13	24	14	25	28	329	2.589986
49	60	60	71	0	127	0.813264
111	122	111	122	281	238	2.373608
125	136	125	136	281	138	2.588324
126	137	126	137	177	275	3.045684
130	141	130	141	137	63	3.500306
134	145	134	145	295	75	1.792687
143	154	143	154	96	213	3.071884
145	156	145	156	268	385	2.894825
146	157	146	157	261	230	2.771442
147	158	147	158	31	346	1.101450
