start1	end1	start2	end2	frag1	frag2	frag_rmsd
35	46	10	21	61	322	1.532523
43	54	18	29	221	298	2.475609
46	57	21	32	356	84	1.970757
57	68	32	43	107	91	2.649081
99	110	74	85	5	217	1.208122
102	113	77	88	35	0	1.003458
105	116	80	91	121	170	1.774213
106	117	81	92	35	196	1.146322
161	172	136	147	370	71	2.349638
179	190	154	165	61	322	1.532523
193	204	168	179	322	360	1.453720
196	207	171	182	28	386	1.926117
