start1	end1	start2	end2	frag1	frag2	frag_rmsd
23	34	24	35	297	167	2.343013
36	47	37	48	266	13	1.425161
41	52	42	53	202	218	3.501735
44	55	45	56	71	370	2.349638
45	56	46	57	253	183	1.817367
48	59	49	60	61	322	1.532523
49	60	50	61	357	126	2.400813
58	69	59	70	91	302	2.022399
61	72	62	73	360	322	1.453720
62	73	63	74	360	322	1.453720
81	92	82	93	358	130	2.067353
