start1	end1	start2	end2	frag1	frag2	frag_rmsd
9	20	9	20	322	132	1.945705
57	68	57	68	180	260	1.808175
69	80	69	80	35	273	1.854209
81	92	81	92	196	44	1.689019
82	93	82	93	245	144	1.489214
