start1	end1	start2	end2	frag1	frag2	frag_rmsd
47	58	51	62	170	287	1.992976
48	59	52	63	44	119	2.044452
51	62	55	66	44	281	2.432066
