start1	end1	start2	end2	frag1	frag2	frag_rmsd
93	104	88	99	292	138	2.059222
97	108	92	103	111	4	0.994513
133	144	150	161	228	286	2.464356
199	210	221	232	0	35	1.003458
200	211	222	233	188	35	1.339917
201	212	223	234	180	245	2.111028
202	213	224	235	41	284	2.164096
203	214	225	236	295	287	2.569909
206	217	228	239	21	222	2.522860
207	218	229	240	71	208	2.491031
210	221	232	243	395	348	2.679048
214	225	236	247	53	176	2.615884
251	262	273	284	45	371	1.366556
263	274	285	296	10	92	1.712565
273	284	295	306	16	0	0.775259
309	320	332	343	284	131	2.818918
363	374	385	396	166	118	2.028517
365	376	387	398	69	380	1.745337
366	377	388	399	294	119	1.937601
429	440	451	462	338	25	1.152231
432	443	454	465	303	119	3.200026
436	447	458	469	337	292	2.999341
437	448	459	470	345	237	1.911247
440	451	462	473	76	303	2.908778
442	453	464	475	134	252	3.024454
