start1	end1	start2	end2	frag1	frag2	frag_rmsd
11	22	14	25	60	149	1.545532
12	23	15	26	12	110	1.401705
32	43	35	46	287	139	2.113716
37	48	40	51	280	366	2.069810
63	74	66	77	233	319	1.769620
139	150	142	153	144	118	1.639526
