start1	end1	start2	end2	frag1	frag2	frag_rmsd
67	78	65	76	166	188	1.839547
239	250	237	248	25	338	1.152231
296	307	294	305	5	94	1.412501
318	329	316	327	0	121	0.992640
321	332	319	330	16	240	1.850213
322	333	320	331	196	121	1.241736
339	350	337	348	6	232	1.900358
385	396	383	394	43	1	2.128343
391	402	389	400	235	161	1.099262
411	422	409	420	311	288	1.718799
412	423	410	421	201	103	2.419192
415	426	413	424	97	54	2.699671
416	427	414	425	302	91	2.022399
417	428	415	426	84	356	1.970757
471	482	469	480	150	332	2.960658
475	486	473	484	363	171	2.760622
488	499	486	497	116	299	2.721618
501	512	499	510	374	114	1.630636
