start1	end1	start2	end2	frag1	frag2	frag_rmsd
15	26	15	26	94	35	1.741150
16	27	16	27	5	35	1.528815
17	28	17	28	5	94	1.412501
18	29	18	29	5	94	1.412501
41	52	42	53	92	28	2.580877
61	72	63	74	125	257	2.022846
77	88	78	89	383	323	2.702322
