start1	end1	start2	end2	frag1	frag2	frag_rmsd
29	40	28	39	0	127	0.813264
52	63	51	62	348	258	2.128741
78	89	77	88	275	102	2.474820
88	99	87	98	198	7	2.925963
90	101	89	100	378	229	1.841616
95	106	94	105	83	102	2.375023
113	124	112	123	235	161	1.099262
129	140	128	139	34	113	2.108739
