start1	end1	start2	end2	frag1	frag2	frag_rmsd
52	63	55	66	328	343	1.513701
78	89	82	93	248	395	1.997362
95	106	100	111	363	365	2.484110
96	107	101	112	302	298	2.577986
97	108	102	113	57	132	1.551260
113	124	120	131	301	221	2.892481
