start1	end1	start2	end2	frag1	frag2	frag_rmsd
5	16	8	19	0	127	0.813264
33	44	45	56	370	209	2.145831
92	103	104	115	221	219	2.925663
93	104	105	116	370	71	2.349638
106	117	118	129	104	377	1.491193
163	174	175	186	106	322	2.256879
175	186	187	198	147	123	1.240679
189	200	201	212	217	169	2.163680
190	201	202	213	16	260	1.076875
278	289	289	300	126	84	1.909341
312	323	323	334	0	170	1.959205
321	332	332	343	35	127	1.273794
337	348	348	359	329	96	1.925419
371	382	382	393	0	121	0.992640
372	383	383	394	127	196	1.155792
384	395	395	406	163	10	2.500065
408	419	419	430	227	141	1.668724
