start1	end1	start2	end2	frag1	frag2	frag_rmsd
70	81	45	56	97	310	3.260521
73	84	48	59	295	243	1.976107
76	87	51	62	390	375	2.986092
95	106	70	81	231	194	2.031382
119	130	94	105	106	198	2.191348
