start1	end1	start2	end2	frag1	frag2	frag_rmsd
64	75	68	79	112	342	2.771983
67	78	71	82	379	151	2.133956
68	79	72	83	178	391	2.455732
69	80	73	84	323	10	2.248517
72	83	76	87	183	331	2.314556
119	130	117	128	0	27	0.813956
140	151	139	150	138	247	2.727536
156	167	156	167	322	61	1.532523
177	188	176	187	218	242	2.669253
179	190	178	189	176	114	1.989951
180	191	179	190	89	56	2.670675
182	193	181	192	397	15	1.948758
