start1	end1	start2	end2	frag1	frag2	frag_rmsd
58	69	58	69	131	377	2.643686
59	70	59	70	134	171	2.970415
62	73	62	73	31	231	1.286233
93	104	93	104	318	107	2.418216
103	114	103	114	46	296	2.750911
122	133	122	133	142	30	2.885515
129	140	129	140	199	291	3.730508
133	144	133	144	156	263	2.527505
156	167	156	167	113	333	3.233796
177	188	177	188	363	174	2.440306
216	227	216	227	391	357	1.962426
