start1	end1	start2	end2	frag1	frag2	frag_rmsd
13	24	14	25	283	134	2.393590
21	32	22	33	0	16	0.775259
43	54	44	55	127	368	1.781241
