start1	end1	start2	end2	frag1	frag2	frag_rmsd
6	17	6	17	318	395	2.216742
14	25	14	25	152	150	2.343118
28	39	28	39	184	121	1.193672
60	71	60	71	274	138	2.648986
110	121	116	127	27	23	1.068713
116	127	122	133	127	0	0.813264
117	128	123	134	60	16	1.442604
118	129	124	135	16	127	1.158335
119	130	125	136	368	149	1.387412
120	131	126	137	284	260	1.981488
123	134	129	140	129	376	1.562683
