start1	end1	start2	end2	frag1	frag2	frag_rmsd
12	23	12	23	16	0	0.775259
16	27	16	27	0	184	1.197355
17	28	17	28	0	184	1.197355
