start1	end1	start2	end2	frag1	frag2	frag_rmsd
41	52	39	50	348	297	2.452514
70	81	68	79	380	161	1.887076
82	93	80	91	211	386	2.401985
124	135	122	133	356	132	2.067486
131	142	129	140	1	53	1.826199
148	159	146	157	185	318	3.620146
171	182	169	180	98	156	2.250425
228	239	226	237	302	91	2.022399
238	249	236	247	97	349	2.778894
242	253	240	251	190	148	2.500916
259	270	257	268	329	7	2.127910
261	272	259	270	78	378	1.620040
288	299	286	297	318	316	2.200800
