start1	end1	start2	end2	frag1	frag2	frag_rmsd
3	14	3	14	157	349	2.208803
24	35	24	35	127	35	1.273794
65	76	65	76	155	152	3.294148
82	93	82	93	165	168	2.435156
98	109	98	109	48	98	2.698453
125	136	125	136	322	84	1.955336
165	176	165	176	198	61	2.292877
167	178	167	178	318	80	2.387008
169	180	169	180	279	191	2.634643
172	183	172	183	332	50	3.323123
199	210	199	210	0	27	0.813956
