start1	end1	start2	end2	frag1	frag2	frag_rmsd
19	30	4	15	61	318	2.627923
32	43	17	28	314	120	2.716567
33	44	18	29	272	91	2.404085
51	62	36	47	165	263	2.442166
55	66	40	51	395	91	2.501168
60	71	45	56	89	343	2.975827
71	82	56	67	55	17	2.758165
81	92	66	77	10	40	1.570300
83	94	68	79	253	54	1.914846
109	120	94	105	302	362	1.914259
114	125	99	110	126	395	1.849402
115	126	100	111	132	392	1.839294
143	154	133	144	107	356	1.430031
145	156	135	146	322	61	1.532523
148	159	138	149	40	58	2.106453
153	164	143	154	64	146	1.629420
167	178	157	168	247	7	3.120444
179	190	169	180	360	322	1.453720
180	191	170	181	84	126	1.909341
181	192	171	182	126	357	2.400813
188	199	178	189	42	322	2.200412
193	204	183	194	78	117	2.088043
194	205	184	195	390	78	2.515234
195	206	185	196	361	390	2.592892
214	225	205	216	28	374	1.355458
232	243	223	234	84	126	1.909341
236	247	227	238	392	132	1.839294
246	257	237	248	54	357	2.709043
250	261	241	252	28	374	1.355458
256	267	247	258	307	154	3.283730
296	307	283	294	292	32	2.035472
307	318	294	305	132	248	2.493342
309	320	296	307	74	318	2.154001
313	324	300	311	334	205	2.027607
351	362	336	347	7	343	2.009865
359	370	344	355	78	41	3.194356
361	372	346	357	48	201	2.688786
364	375	349	360	54	97	2.699671
369	380	354	365	84	360	1.521872
388	399	374	385	213	312	1.883397
391	402	377	388	98	156	2.250425
392	403	378	389	186	112	2.325844
393	404	379	390	78	22	2.800263
403	414	389	400	85	229	2.777168
408	419	394	405	327	59	2.076427
413	424	399	410	136	193	1.585201
423	434	409	420	378	64	2.573657
434	445	420	431	213	102	2.872808
443	454	429	440	203	395	2.413404
447	458	433	444	342	78	2.611060
465	476	451	462	107	316	2.785631
475	486	461	472	389	313	2.390236
476	487	462	473	28	187	2.636312
493	504	478	489	132	322	1.945705
506	517	491	502	126	42	2.008935
515	526	500	511	186	112	2.325844
545	556	535	546	360	322	1.453720
