start1	end1	start2	end2	frag1	frag2	frag_rmsd
29	40	29	40	376	283	3.170373
87	98	87	98	385	131	2.652572
99	110	99	110	0	127	0.813264
