start1	end1	start2	end2	frag1	frag2	frag_rmsd
42	53	35	46	25	267	2.366925
67	78	64	75	18	338	1.332509
68	79	65	76	377	69	1.451916
69	80	66	77	307	294	2.981011
137	148	136	147	312	21	3.274761
138	149	137	148	388	234	2.753807
141	152	140	151	19	222	2.421744
142	153	141	152	253	331	1.801250
150	161	149	160	39	342	2.308509
152	163	151	162	209	308	2.841651
157	168	156	167	45	353	1.252194
