start1	end1	start2	end2	frag1	frag2	frag_rmsd
40	51	27	38	126	84	1.909341
42	53	29	40	61	258	1.652270
44	55	31	42	204	73	3.073344
46	57	33	44	327	330	2.088556
47	58	34	45	300	367	3.208377
52	63	39	50	74	158	3.408717
57	68	44	55	57	248	2.232921
82	93	72	83	198	258	1.817841
83	94	73	84	357	258	1.886183
