start1	end1	start2	end2	frag1	frag2	frag_rmsd
9	20	16	27	314	363	2.815277
12	23	19	30	258	61	1.652270
60	71	63	74	0	273	1.419073
61	72	64	75	16	184	1.241286
81	92	88	99	141	66	2.244852
126	137	125	136	147	45	1.713468
293	304	184	195	297	313	1.957711
295	306	186	197	102	13	2.280470
353	364	239	250	57	157	2.214777
371	382	261	272	84	126	1.909341
437	448	321	332	313	348	2.381382
438	449	322	333	167	28	2.361477
482	493	369	380	124	325	3.353696
779	790	622	633	196	27	1.059651
780	791	623	634	220	196	2.237629
781	792	624	635	184	0	1.197355
790	801	633	644	132	356	2.067486
791	802	634	645	61	360	1.959112
793	804	636	647	28	320	2.315284
