start1	end1	start2	end2	frag1	frag2	frag_rmsd
1	12	1	12	54	378	3.319877
2	13	2	13	3	255	2.650042
7	18	7	18	198	10	2.406182
8	19	8	19	38	152	2.741259
9	20	9	20	358	138	2.570733
10	21	10	21	342	82	3.543663
12	23	12	23	229	71	2.999441
16	27	16	27	392	42	2.128589
17	28	17	28	322	42	2.200412
18	29	18	29	42	158	2.224014
22	33	22	33	163	263	2.299503
23	34	23	34	38	163	2.391719
24	35	24	35	342	19	2.579576
55	66	53	64	179	237	2.596981
57	68	55	66	17	55	2.758165
117	128	115	126	114	309	2.217575
157	168	155	166	92	10	1.712565
174	185	172	183	298	314	2.656936
175	186	173	184	370	218	2.454821
190	201	188	199	19	358	2.566475
