start1	end1	start2	end2	frag1	frag2	frag_rmsd
16	27	18	29	18	180	1.503133
34	45	36	47	0	16	0.775259
38	49	40	51	277	33	2.543323
39	50	41	52	6	134	2.159040
53	64	55	66	359	77	2.382337
54	65	56	67	380	161	1.887076
58	69	60	71	70	4	1.352136
60	71	62	73	121	27	1.355932
61	72	63	74	27	0	0.813956
74	85	76	87	0	16	0.775259
79	90	81	92	184	121	1.193672
86	97	88	99	16	0	0.775259
92	103	94	105	149	368	1.387412
143	154	145	156	264	172	2.692434
193	204	194	205	10	204	2.009667
194	205	195	206	152	73	2.865449
266	277	267	278	95	141	1.602886
273	284	274	285	0	16	0.775259
276	287	277	288	25	338	1.152231
288	299	289	300	221	47	2.306219
319	330	320	331	51	141	1.428009
332	343	333	344	100	161	0.978809
