start1	end1	start2	end2	frag1	frag2	frag_rmsd
7	18	7	18	135	67	2.295278
44	55	41	52	90	289	2.511995
135	146	135	146	63	171	3.101650
148	159	147	158	121	170	1.774213
151	162	150	161	16	240	1.850213
153	164	152	163	0	27	0.813956
