start1	end1	start2	end2	frag1	frag2	frag_rmsd
4	15	3	14	360	126	2.237959
66	77	65	76	386	167	2.284802
80	91	79	90	263	92	2.521670
