start1	end1	start2	end2	frag1	frag2	frag_rmsd
17	28	14	25	132	322	1.945705
36	47	33	44	322	126	2.289807
38	49	35	46	239	215	1.429311
101	112	100	111	0	127	0.813264
102	113	101	112	87	149	1.474472
104	115	103	114	161	79	2.349571
105	116	104	115	321	139	1.880186
110	121	109	120	192	257	2.856567
111	122	110	121	21	148	2.335442
115	126	114	125	356	270	2.676880
179	190	174	185	77	359	2.382337
241	252	224	235	163	312	2.491585
