start1	end1	start2	end2	frag1	frag2	frag_rmsd
15	26	21	32	357	132	1.964894
21	32	27	38	73	38	2.949045
58	69	113	124	34	363	3.284685
118	129	189	200	24	18	1.529172
121	132	192	203	366	337	2.820868
124	135	195	206	98	14	3.034027
225	236	274	285	371	51	1.963017
237	248	286	297	41	315	2.696174
238	249	287	298	140	325	2.356799
239	250	288	299	146	39	2.794272
240	251	289	300	39	331	2.341424
313	324	352	363	100	235	1.231875
326	337	364	375	248	54	2.082630
327	338	365	376	178	392	1.899502
328	339	366	377	398	74	3.044837
439	450	451	462	42	126	2.008935
442	453	454	465	80	357	2.082122
445	456	457	468	38	247	2.150232
451	462	463	474	132	356	2.067486
