start1	end1	start2	end2	frag1	frag2	frag_rmsd
12	23	2	13	313	348	2.381382
45	56	35	46	195	177	2.959332
56	67	46	57	170	49	2.018496
59	70	49	60	12	17	1.213096
60	71	50	61	154	296	3.014451
61	72	51	62	62	77	2.872351
125	136	115	126	127	196	1.155792
128	139	118	129	196	121	1.241736
129	140	119	130	0	27	0.813956
130	141	120	131	184	0	1.197355
131	142	121	132	121	0	0.992640
160	171	149	160	212	387	2.832340
162	173	151	162	362	165	1.929752
164	175	153	164	241	296	2.938505
168	179	157	168	388	45	1.950228
169	180	158	169	118	179	2.651788
181	192	170	181	35	127	1.273794
184	195	173	184	149	359	2.529240
188	199	177	188	339	55	3.098893
233	244	216	227	391	395	2.221324
234	245	217	228	132	357	1.964894
235	246	218	229	395	126	1.849402
249	260	231	242	126	61	2.069075
255	266	237	248	239	351	2.672051
259	270	241	252	129	32	2.668096
362	373	345	356	60	16	1.442604
376	387	359	370	35	0	1.003458
379	390	362	373	161	235	1.099262
395	406	378	389	60	110	2.283414
415	426	397	408	253	157	2.505749
416	427	398	409	395	91	2.501168
419	430	401	412	28	10	2.196024
421	432	403	414	358	152	2.955362
422	433	404	415	22	138	2.874612
423	434	405	416	281	78	3.183411
425	436	407	418	315	71	2.524974
427	438	409	420	299	351	2.013905
