start1	end1	start2	end2	frag1	frag2	frag_rmsd
1	12	1	12	328	329	2.430959
50	61	50	61	248	167	2.115099
55	66	55	66	248	357	1.838513
59	70	59	70	266	13	1.425161
68	79	68	79	126	360	2.237959
69	80	69	80	258	61	1.652270
