start1	end1	start2	end2	frag1	frag2	frag_rmsd
8	19	5	16	60	49	1.907181
9	20	6	17	118	60	1.979052
13	24	10	21	7	337	3.074627
17	28	14	25	254	108	3.055292
18	29	15	26	214	337	3.110543
179	190	176	187	218	355	3.721725
181	192	178	189	373	40	2.734962
184	195	181	192	218	183	2.373469
186	197	183	194	30	351	3.860030
187	198	184	195	130	329	2.138251
188	199	185	196	304	177	3.666081
194	205	191	202	265	225	3.059527
222	233	219	230	263	38	2.366004
223	234	220	231	64	334	2.485784
225	236	222	233	29	182	1.423903
227	238	224	235	163	242	2.227843
265	276	262	273	71	254	3.243452
266	277	263	274	154	62	1.618152
274	285	271	282	178	151	2.176709
277	288	274	285	392	395	1.956324
286	297	283	294	57	84	2.559962
293	304	290	301	366	201	2.109204
417	428	414	425	361	78	3.012149
418	429	415	426	361	78	3.012149
437	448	434	445	57	356	1.996521
441	452	438	449	28	40	1.916230
442	453	439	450	329	38	2.609070
443	454	440	451	83	117	1.919939
447	458	444	455	120	361	2.508254
449	460	446	457	318	71	3.335225
454	465	451	462	92	10	1.712565
