start1	end1	start2	end2	frag1	frag2	frag_rmsd
62	73	62	73	91	3	2.746684
133	144	133	144	84	126	1.909341
135	146	135	146	126	322	2.289807
144	155	144	155	9	181	2.710060
146	157	146	157	254	229	2.926960
156	167	156	167	96	122	1.013426
205	216	205	216	201	256	2.397156
207	218	207	218	229	104	3.134015
211	222	211	222	348	258	2.128741
212	223	212	223	167	293	1.284317
214	225	214	225	274	358	2.773524
284	295	286	297	343	207	2.291251
