start1	end1	start2	end2	frag1	frag2	frag_rmsd
60	71	66	77	320	386	2.245005
124	135	126	137	91	57	2.021486
142	153	145	156	31	345	1.281039
165	176	178	189	23	0	1.327063
179	190	193	204	121	216	1.107965
180	191	194	205	27	111	1.266595
181	192	195	206	0	27	0.813956
