start1	end1	start2	end2	frag1	frag2	frag_rmsd
21	32	22	33	348	173	2.362281
22	33	23	34	211	386	2.401985
27	38	28	39	118	169	2.120396
28	39	29	40	180	18	1.503133
57	68	58	69	130	102	2.413590
62	73	63	74	331	208	2.833187
71	82	72	83	169	105	1.732125
72	83	73	84	25	317	2.171074
74	85	75	86	131	378	3.093175
76	87	77	88	298	370	2.125343
79	90	80	91	356	360	2.206112
81	92	82	93	198	258	1.817841
83	94	84	95	392	106	2.698043
84	95	85	96	74	106	2.606919
90	101	91	102	174	263	2.638837
115	126	116	127	313	389	2.390236
117	128	118	129	13	266	1.425161
147	158	148	159	127	0	0.813264
176	187	177	188	391	383	2.783941
177	188	178	189	248	167	2.115099
178	189	179	190	54	183	2.143825
