start1	end1	start2	end2	frag1	frag2	frag_rmsd
16	27	15	26	342	234	2.805291
17	28	16	27	242	229	2.123930
39	50	38	49	6	366	1.707860
97	108	98	109	170	287	1.992976
101	112	102	113	71	265	3.609522
131	142	133	144	318	316	2.200800
151	162	154	165	388	45	1.950228
