start1	end1	start2	end2	frag1	frag2	frag_rmsd
1	12	1	12	16	0	0.775259
3	14	3	14	196	35	1.146322
63	74	62	73	64	257	3.248903
72	83	71	82	36	123	1.918208
99	110	105	116	322	356	2.017159
