start1	end1	start2	end2	frag1	frag2	frag_rmsd
80	91	89	100	111	123	1.875625
86	97	95	106	109	295	1.123468
89	100	98	109	141	66	2.244852
104	115	113	124	66	95	1.609657
111	122	120	131	65	240	1.321092
