start1	end1	start2	end2	frag1	frag2	frag_rmsd
3	14	3	14	163	140	2.273358
24	35	23	34	262	254	2.775623
30	41	29	40	352	116	1.676554
33	44	32	43	390	342	2.862403
61	72	61	72	85	358	2.758759
63	74	63	74	342	14	2.230074
65	76	65	76	54	302	1.822938
86	97	85	96	126	395	1.849402
98	109	99	110	8	212	3.592635
100	111	101	112	146	140	2.200590
101	112	102	113	370	183	2.048987
102	113	103	114	183	253	1.817367
104	115	105	116	42	395	2.168523
105	116	106	117	357	42	2.024226
163	174	165	176	318	107	2.418216
