start1	end1	start2	end2	frag1	frag2	frag_rmsd
3	14	2	13	61	126	2.069075
4	15	3	14	167	215	2.690642
39	50	38	49	394	281	1.908381
60	71	59	70	48	262	2.274893
62	73	61	72	296	142	3.406941
66	77	65	76	3	57	2.271934
69	80	68	79	2	125	2.365365
74	85	73	84	9	119	2.580733
116	127	115	126	42	379	2.539853
134	145	133	144	81	51	2.463998
214	225	213	224	360	84	1.521872
216	227	215	226	28	374	1.355458
219	230	218	229	390	181	2.547914
223	234	222	233	346	43	2.303453
236	247	235	246	363	164	1.880850
239	250	238	249	84	392	2.236722
242	253	241	252	374	389	2.460334
278	289	277	288	178	379	1.774921
304	315	302	313	176	343	3.059252
305	316	303	314	53	1	1.826199
