start1	end1	start2	end2	frag1	frag2	frag_rmsd
30	41	30	41	242	14	2.814244
31	42	31	42	370	205	2.172786
70	81	70	81	57	258	3.035632
78	89	78	89	218	173	2.674313
79	90	79	90	162	203	2.837552
