start1	end1	start2	end2	frag1	frag2	frag_rmsd
14	25	46	57	338	235	2.509048
18	29	50	61	341	63	2.923597
21	32	53	64	21	390	2.965423
24	35	56	67	153	193	1.727407
37	48	69	80	127	0	0.813264
40	51	72	83	196	0	1.046929
43	54	75	86	121	0	0.992640
44	55	76	87	27	0	0.813956
60	71	92	103	356	84	1.970757
69	80	101	112	215	351	2.640680
94	105	127	138	254	171	2.333644
96	107	129	140	53	1	1.826199
100	111	133	144	60	149	1.545532
105	116	138	149	143	348	2.671670
107	118	140	151	293	391	2.396353
110	121	143	154	136	236	2.411020
111	122	144	155	346	31	1.101450
142	153	175	186	318	208	2.629900
143	154	176	187	107	392	2.851272
144	155	177	188	132	143	2.277784
145	156	178	189	348	203	1.790407
147	158	180	191	329	122	1.972439
153	164	186	197	253	298	2.223505
161	172	194	205	191	58	2.757551
162	173	195	206	47	384	2.362026
165	176	198	209	140	221	2.978664
173	184	206	217	71	255	2.201151
176	187	209	220	356	126	2.644557
212	223	247	258	128	375	2.998520
213	224	248	259	375	393	2.214683
315	326	342	353	38	56	2.363646
323	334	350	361	27	184	1.585485
330	341	357	368	94	35	1.741150
333	344	360	371	277	100	1.693324
351	362	378	389	157	57	2.214777
352	363	379	390	158	42	2.224014
353	364	380	391	389	258	2.040431
358	369	385	396	177	195	2.959332
394	405	421	432	287	104	2.087811
395	406	422	433	283	52	2.457150
426	437	454	465	232	88	2.547907
458	469	487	498	356	107	1.430031
492	503	524	535	129	376	1.562683
502	513	534	545	338	317	2.297368
590	601	637	648	32	82	2.553400
613	624	660	671	281	268	2.328089
623	634	670	681	293	204	2.075474
624	635	671	682	73	152	2.865449
647	658	694	705	177	390	2.707335
649	660	696	707	179	39	2.743185
650	661	697	708	370	39	2.428466
656	667	703	714	23	111	1.303435
663	674	710	721	164	34	2.524144
665	676	712	723	204	253	2.513767
666	677	713	724	247	293	2.747661
681	692	728	739	160	103	2.737667
788	799	833	844	77	296	3.323356
