start1	end1	start2	end2	frag1	frag2	frag_rmsd
18	29	6	17	177	165	3.179906
20	31	8	19	255	146	2.717476
21	32	9	20	298	370	2.125343
23	34	11	22	379	331	2.384063
26	37	14	25	143	106	2.842250
28	39	16	27	357	248	1.838513
30	41	18	29	57	132	1.551260
99	110	81	92	258	360	2.306964
130	141	109	120	22	227	2.276264
132	143	111	122	18	267	2.129569
182	193	162	173	163	92	2.362957
183	194	163	174	39	253	2.396148
184	195	164	175	331	383	2.036955
185	196	165	176	383	29	2.194744
238	249	218	229	127	87	1.661081
240	251	220	231	170	319	1.723056
266	277	246	257	111	27	1.266595
284	295	264	275	283	354	2.234505
306	317	286	297	302	174	2.621173
310	321	290	301	343	198	2.731500
312	323	292	303	148	89	2.822829
314	325	294	305	169	2	3.268154
337	348	317	328	277	33	2.543323
354	365	334	345	147	11	2.086569
372	383	352	363	291	387	2.790625
408	419	388	399	164	156	1.408711
409	420	389	400	331	174	1.879546
411	422	391	402	143	178	1.650270
434	445	414	425	74	395	2.772109
450	461	430	441	232	93	2.165914
484	495	463	474	232	93	2.165914
