start1	end1	start2	end2	frag1	frag2	frag_rmsd
74	85	46	57	40	10	1.570300
83	94	55	66	322	126	2.289807
84	95	56	67	126	322	2.289807
