start1	end1	start2	end2	frag1	frag2	frag_rmsd
4	15	5	16	121	170	1.774213
5	16	6	17	196	37	1.126710
7	18	8	19	184	240	1.274780
8	19	9	20	196	121	1.241736
9	20	10	21	27	273	1.481073
10	21	11	22	35	188	1.339917
11	22	12	23	188	25	2.082213
31	42	33	44	260	12	1.876675
32	43	34	45	49	279	1.758674
62	73	64	75	196	170	2.124970
70	81	72	83	256	34	2.477094
71	82	73	84	98	48	2.698453
74	85	76	87	3	155	3.124503
76	87	78	89	328	56	2.664981
