start1	end1	start2	end2	frag1	frag2	frag_rmsd
48	59	2	13	398	392	3.364711
83	94	37	48	33	104	2.171568
92	103	46	57	375	393	2.214683
94	105	48	59	262	182	1.903492
111	122	65	76	70	4	1.352136
116	127	70	81	184	240	1.274780
118	129	72	83	196	27	1.059651
160	171	107	118	355	232	2.143807
163	174	110	121	81	56	2.997957
182	193	129	140	171	268	2.686227
208	219	155	166	262	182	1.903492
