start1	end1	start2	end2	frag1	frag2	frag_rmsd
52	63	46	57	60	127	1.135321
55	66	49	60	79	380	1.921925
63	74	57	68	42	248	2.280307
64	75	58	69	379	357	2.465100
87	98	81	92	3	84	3.640187
110	121	104	115	251	18	1.457612
166	177	158	169	322	61	1.532523
167	178	159	170	198	158	2.252765
168	179	160	171	258	40	2.499938
169	180	161	172	167	140	2.920227
171	182	163	174	183	253	1.817367
172	183	164	175	248	379	1.639302
