start1	end1	start2	end2	frag1	frag2	frag_rmsd
26	37	26	37	322	126	2.289807
27	38	27	38	61	258	1.652270
31	42	31	42	292	138	2.059222
104	115	103	114	61	360	1.959112
110	121	109	120	343	7	2.009865
168	179	157	168	337	103	2.644158
186	197	174	185	180	251	1.423305
209	220	197	208	29	370	2.766108
210	221	198	209	247	364	2.424579
247	258	229	240	126	395	1.849402
248	259	230	241	80	203	1.863941
253	264	235	246	85	276	3.208497
266	277	248	259	180	118	1.359643
268	279	250	261	76	119	3.469872
309	320	291	302	179	105	2.940606
310	321	292	303	110	24	1.015908
311	322	293	304	124	168	1.824641
313	324	295	306	107	398	3.078266
