start1	end1	start2	end2	frag1	frag2	frag_rmsd
2	13	1	12	348	279	3.289889
4	15	3	14	2	239	3.225700
5	16	4	15	191	228	3.624875
9	20	8	19	390	393	3.390575
10	21	9	20	71	221	3.015421
33	44	33	44	363	250	2.347188
40	51	40	51	246	92	2.434579
41	52	41	52	38	247	2.150232
68	79	68	79	258	313	2.044899
85	96	85	96	183	178	1.884271
92	103	92	103	96	13	1.738752
