start1	end1	start2	end2	frag1	frag2	frag_rmsd
14	25	14	25	230	333	2.013015
56	67	56	67	177	390	2.707335
60	71	60	71	356	398	3.148517
61	72	61	72	107	348	2.443030
63	74	63	74	203	74	2.632491
66	77	66	77	312	192	2.159358
67	78	67	78	141	51	1.428009
69	80	69	80	267	256	2.746771
71	82	71	82	342	229	2.558558
76	87	76	87	369	276	1.368954
123	134	123	134	35	0	1.003458
131	142	131	142	105	188	1.430055
135	146	135	146	103	280	1.955594
162	173	162	173	30	222	3.006310
169	180	169	180	4	111	0.994513
192	203	192	203	12	110	1.401705
195	206	195	206	75	295	1.792687
197	208	197	208	327	330	2.088556
200	211	200	211	363	97	1.939160
280	291	288	299	245	44	3.155281
