start1	end1	start2	end2	frag1	frag2	frag_rmsd
56	67	10	21	0	127	0.813264
105	116	58	69	149	60	1.545532
198	209	187	198	184	0	1.197355
199	210	188	199	121	0	0.992640
200	211	189	200	27	0	0.813956
201	212	190	201	121	0	0.992640
204	215	193	204	60	149	1.545532
207	218	196	207	52	228	1.946289
