start1	end1	start2	end2	frag1	frag2	frag_rmsd
184	195	115	126	348	162	2.624541
188	199	119	130	11	189	3.122833
206	217	131	142	115	282	3.069281
207	218	132	143	233	380	2.132465
209	220	134	145	164	6	2.989926
210	221	135	146	302	363	2.467216
213	224	138	149	132	318	1.806699
