start1	end1	start2	end2	frag1	frag2	frag_rmsd
9	20	9	20	311	288	1.718799
19	30	19	30	150	20	2.215790
74	85	74	85	215	348	2.843101
84	95	84	95	313	258	2.044899
104	115	104	115	111	4	0.994513
