start1	end1	start2	end2	frag1	frag2	frag_rmsd
10	21	4	15	102	13	2.280470
19	30	13	24	323	10	2.248517
36	47	30	41	25	338	1.152231
39	50	33	44	232	366	2.061297
