start1	end1	start2	end2	frag1	frag2	frag_rmsd
28	39	4	15	299	351	2.013905
49	60	25	36	271	18	1.069917
172	183	130	141	383	379	2.491252
173	184	131	142	185	379	2.721637
174	185	132	143	239	116	2.734039
178	189	136	147	8	301	2.795090
194	205	152	163	201	366	2.109204
