start1	end1	start2	end2	frag1	frag2	frag_rmsd
6	17	8	19	166	25	1.364085
10	21	12	23	355	298	2.464333
12	23	14	25	187	395	2.388178
13	24	15	26	167	357	2.346777
15	26	17	28	204	357	2.675552
17	28	19	30	54	57	2.433783
18	29	20	31	178	42	2.633099
20	31	22	33	392	258	2.406167
85	96	53	64	357	178	2.306823
87	98	55	66	73	329	2.227621
