start1	end1	start2	end2	frag1	frag2	frag_rmsd
7	18	19	30	395	151	2.369932
8	19	20	31	357	395	2.192089
40	51	52	63	2	343	1.502106
87	98	96	107	16	127	1.158335
