start1	end1	start2	end2	frag1	frag2	frag_rmsd
19	30	16	27	47	384	2.362026
24	35	21	32	379	349	2.750120
49	60	44	55	57	178	1.951934
58	69	53	64	393	375	2.214683
65	76	60	71	28	374	1.355458
80	91	75	86	21	146	2.654790
86	97	81	92	162	215	2.221407
93	104	88	99	272	255	2.891372
118	129	112	123	138	292	2.059222
