start1	end1	start2	end2	frag1	frag2	frag_rmsd
7	18	5	16	149	60	1.545532
9	20	7	18	380	77	2.239592
10	21	8	19	139	287	2.113716
14	25	12	23	65	347	2.308913
16	27	14	25	371	23	2.562026
59	70	58	69	134	228	3.009154
65	76	64	75	179	118	2.651788
68	79	67	78	130	139	3.124512
81	92	80	91	350	127	2.042659
84	95	83	94	37	196	1.126710
136	147	113	124	0	127	0.813264
176	187	150	161	35	0	1.003458
187	198	161	172	284	338	2.592032
