start1	end1	start2	end2	frag1	frag2	frag_rmsd
20	31	22	33	364	242	2.617776
48	59	52	63	14	64	2.147495
51	62	55	66	316	74	2.446235
129	140	135	146	11	179	2.773768
