start1	end1	start2	end2	frag1	frag2	frag_rmsd
6	17	6	17	287	79	1.970184
40	51	40	51	16	0	0.775259
42	53	42	53	0	127	0.813264
43	54	43	54	368	149	1.387412
48	59	48	59	230	160	1.979840
49	60	49	60	369	195	2.269153
50	61	50	61	141	227	1.668724
53	64	53	64	16	0	0.775259
75	86	75	86	56	138	1.966884
79	90	79	90	123	4	1.970873
80	91	80	91	4	0	1.783926
84	95	84	95	170	0	1.959205
86	97	86	97	18	338	1.332509
87	98	87	98	41	377	1.723277
111	122	111	122	16	217	1.673517
