start1	end1	start2	end2	frag1	frag2	frag_rmsd
25	36	59	70	374	386	2.195278
30	41	64	75	160	238	2.349236
34	45	68	79	169	144	2.370150
70	81	105	116	266	13	1.425161
86	97	122	133	358	274	2.773524
94	105	130	141	126	61	2.069075
109	120	146	157	178	143	1.650270
113	124	150	161	42	126	2.008935
128	139	165	176	132	357	1.964894
