start1	end1	start2	end2	frag1	frag2	frag_rmsd
18	29	29	40	35	0	1.003458
92	103	95	106	27	0	0.813956
94	105	97	108	35	0	1.003458
95	106	98	109	35	0	1.003458
133	144	138	149	5	121	1.796316
134	145	139	150	217	196	1.508921
135	146	140	151	217	0	1.425276
136	147	141	152	273	16	1.325929
141	152	146	157	184	127	1.484573
