start1	end1	start2	end2	frag1	frag2	frag_rmsd
6	17	9	20	141	51	1.428009
35	46	38	49	25	338	1.152231
48	59	51	62	214	275	3.077813
53	64	56	67	240	66	1.969179
59	70	62	73	184	27	1.585485
61	72	64	75	27	0	0.813956
70	81	73	84	258	389	2.040431
72	83	75	86	204	68	1.976625
73	84	76	87	247	152	2.935201
75	86	78	89	194	346	1.855001
86	97	89	100	112	342	2.771983
