start1	end1	start2	end2	frag1	frag2	frag_rmsd
6	17	4	15	248	379	1.639302
11	22	9	20	322	42	2.200412
108	119	83	94	213	312	1.883397
110	121	85	96	255	301	3.070922
111	122	86	97	91	272	2.404085
113	124	88	99	107	360	2.749925
114	125	89	100	360	322	1.453720
158	169	131	142	398	316	2.703933
184	195	154	165	331	302	2.430370
187	198	157	168	126	258	2.311822
213	224	177	188	29	323	2.895201
