start1	end1	start2	end2	frag1	frag2	frag_rmsd
2	13	14	25	80	258	2.273429
3	14	15	26	205	386	3.053507
10	21	22	33	45	216	1.903162
11	22	23	34	4	111	0.994513
24	35	36	47	141	95	1.602886
68	79	110	121	322	360	1.453720
70	81	112	123	318	61	2.627923
72	83	114	125	258	392	2.406167
73	84	115	126	248	395	1.997362
88	99	130	141	84	322	1.955336
90	101	132	143	126	360	2.237959
91	102	133	144	322	360	1.453720
92	103	134	145	360	132	2.169218
97	108	139	150	322	126	2.289807
