start1	end1	start2	end2	frag1	frag2	frag_rmsd
57	68	68	79	80	395	2.623447
79	90	90	101	126	132	2.227804
87	98	98	109	120	250	1.731988
91	102	102	113	183	334	2.485480
