start1	end1	start2	end2	frag1	frag2	frag_rmsd
1	12	7	18	126	357	2.400813
37	48	43	54	323	258	2.705881
53	64	59	70	149	127	1.616553
72	83	78	89	143	74	2.114755
74	85	80	91	73	329	2.227621
84	95	90	101	167	389	1.584191
103	114	109	120	161	100	0.978809
118	129	124	135	230	32	3.444572
