start1	end1	start2	end2	frag1	frag2	frag_rmsd
13	24	11	22	141	95	1.602886
45	56	43	54	44	37	1.535786
