start1	end1	start2	end2	frag1	frag2	frag_rmsd
16	27	16	27	167	389	1.584191
35	46	35	46	161	100	0.978809
50	61	50	61	230	32	3.444572
