start1	end1	start2	end2	frag1	frag2	frag_rmsd
16	27	21	32	178	392	1.899502
39	50	44	55	80	357	2.082122
