start1	end1	start2	end2	frag1	frag2	frag_rmsd
16	27	21	32	178	392	1.899502
39	50	44	55	80	357	2.082122
72	83	79	90	301	234	3.308976
78	89	85	96	185	210	3.422555
82	93	89	100	367	59	2.032515
83	94	90	101	393	300	2.432839
100	111	107	118	73	274	2.896609
105	116	112	123	272	91	2.404085
107	118	114	125	313	348	2.381382
108	119	115	126	162	386	1.905714
