start1	end1	start2	end2	frag1	frag2	frag_rmsd
9	20	9	20	223	123	1.416700
11	22	11	22	27	196	1.059651
19	30	19	30	349	157	2.208803
66	77	66	77	260	16	1.076875
70	81	70	81	180	17	1.783034
72	83	72	83	354	52	2.431109
75	86	75	86	334	64	2.485784
78	89	78	89	356	84	1.970757
79	90	79	90	84	126	1.909341
89	100	89	100	160	193	2.129072
91	102	91	102	141	95	1.602886
96	107	96	107	0	35	1.003458
97	108	97	108	0	35	1.003458
