start1	end1	start2	end2	frag1	frag2	frag_rmsd
4	15	4	15	78	378	1.620040
21	32	21	32	251	110	1.356883
49	60	49	60	313	258	2.044899
50	61	50	61	28	293	2.419510
55	66	55	66	363	365	2.484110
57	68	57	68	132	57	1.551260
70	81	70	81	107	248	3.288632
71	82	71	82	132	392	1.839294
95	106	95	106	0	27	0.813956
106	117	106	117	108	301	3.370206
108	119	108	119	91	151	2.263245
144	155	145	156	127	16	1.158335
149	160	150	161	93	88	2.435273
150	161	151	162	361	34	2.613225
186	197	187	198	100	131	2.574499
215	226	216	227	159	200	2.404390
221	232	222	233	151	57	2.517792
222	233	223	234	395	107	2.432305
223	234	224	235	313	348	2.381382
230	241	231	242	285	174	2.184810
231	242	232	243	143	253	2.438522
