start1	end1	start2	end2	frag1	frag2	frag_rmsd
30	41	35	46	258	10	2.633312
31	42	36	47	391	248	2.056378
32	43	37	48	204	183	2.582739
33	44	38	49	370	297	3.028646
37	48	42	53	358	234	2.686912
40	51	45	56	219	326	2.987731
52	63	57	68	382	30	3.419959
75	86	80	91	192	292	3.151852
87	98	92	103	246	323	2.173724
108	119	113	124	117	261	2.951389
112	123	117	128	331	298	2.671131
178	189	183	194	38	138	2.473026
185	196	190	201	91	57	2.021486
186	197	191	202	107	310	3.602196
187	198	192	203	392	158	2.916314
213	224	218	229	373	246	2.083918
236	247	241	252	390	98	3.366248
240	251	245	256	157	174	2.869491
