start1	end1	start2	end2	frag1	frag2	frag_rmsd
28	39	32	43	151	298	2.505800
32	43	36	47	130	344	2.207961
33	44	37	48	275	9	2.970815
35	46	39	50	129	396	2.522659
37	48	41	52	223	166	3.669198
40	51	44	55	294	33	2.272830
43	54	47	58	30	50	3.615988
