start1	end1	start2	end2	frag1	frag2	frag_rmsd
10	21	9	20	220	397	2.113998
13	24	12	23	273	27	1.481073
33	44	31	42	100	69	1.602674
34	45	32	43	294	33	2.272830
37	48	35	46	236	152	2.645415
39	50	37	48	369	195	2.269153
43	54	41	52	0	27	0.813956
