start1	end1	start2	end2	frag1	frag2	frag_rmsd
6	17	49	60	210	263	3.309814
7	18	50	61	263	165	2.442166
8	19	51	62	46	209	2.834830
70	81	113	124	374	28	1.355458
