start1	end1	start2	end2	frag1	frag2	frag_rmsd
39	50	47	58	398	190	2.933692
54	65	62	73	298	272	2.306193
55	66	63	74	157	316	2.679901
56	67	64	75	389	198	2.304197
58	69	66	77	73	210	2.056321
60	71	68	79	292	32	2.035472
63	74	71	82	199	11	2.956805
67	78	75	86	226	157	2.688287
69	80	77	88	116	73	2.465220
74	85	82	93	161	380	1.887076
84	95	92	103	357	132	1.964894
94	105	102	113	198	72	3.096020
96	107	104	115	130	26	3.465096
97	108	105	116	214	82	3.286206
98	109	106	117	336	213	3.271586
102	113	110	121	226	331	2.969635
103	114	111	122	398	383	2.420024
104	115	112	123	40	204	2.160416
105	116	113	124	391	40	2.291833
106	117	114	125	205	391	2.622841
107	118	115	126	183	370	2.048987
109	120	117	128	316	151	2.318008
111	122	119	130	28	215	2.173200
116	127	124	135	375	393	2.214683
124	135	132	143	239	215	1.429311
125	136	133	144	210	73	2.056321
