start1	end1	start2	end2	frag1	frag2	frag_rmsd
45	56	47	58	194	207	2.345550
51	62	53	64	157	398	2.818765
71	82	73	84	121	0	0.992640
73	84	75	86	0	16	0.775259
74	85	76	87	0	127	0.813264
75	86	77	88	127	60	1.135321
78	89	80	91	41	161	2.027949
80	91	82	93	311	232	2.404421
82	93	84	95	174	285	2.184810
