start1	end1	start2	end2	frag1	frag2	frag_rmsd
5	16	7	18	274	364	1.999522
34	45	36	47	276	195	1.460134
49	60	51	62	104	33	2.171568
55	66	57	68	160	361	3.403618
60	71	62	73	271	18	1.069917
70	81	72	83	107	173	2.657406
77	88	79	90	7	329	2.127910
82	93	84	95	164	393	2.491372
