start1	end1	start2	end2	frag1	frag2	frag_rmsd
6	17	6	17	68	204	1.976625
12	23	12	23	91	133	3.164066
45	56	44	55	392	126	1.978049
46	57	45	56	126	42	2.008935
105	116	104	115	244	169	2.161606
120	131	119	130	0	127	0.813264
