start1	end1	start2	end2	frag1	frag2	frag_rmsd
11	22	31	42	322	132	1.945705
102	113	122	133	167	158	1.812316
107	118	127	138	220	90	2.685961
110	121	130	141	124	208	2.503023
111	122	131	142	151	398	2.424902
115	126	135	146	51	141	1.428009
141	152	160	171	8	55	2.488528
142	153	161	172	202	372	2.168379
143	154	162	173	344	130	2.207961
149	160	168	179	4	23	1.335798
166	177	185	196	287	170	1.992976
169	180	188	199	98	222	2.557250
