start1	end1	start2	end2	frag1	frag2	frag_rmsd
4	15	4	15	313	61	2.398675
60	71	60	71	95	15	1.966391
61	72	61	72	216	371	1.502072
71	82	71	82	134	387	2.703268
74	85	74	85	292	139	3.229304
87	98	87	98	42	395	2.168523
89	100	89	100	42	126	2.008935
