start1	end1	start2	end2	frag1	frag2	frag_rmsd
6	17	2	13	334	163	2.893576
12	23	8	19	360	126	2.237959
15	26	11	22	10	329	2.738393
17	28	13	24	13	20	1.989394
20	31	16	27	306	200	3.539875
22	33	18	29	385	341	3.753629
24	35	20	31	31	346	1.101450
56	67	52	63	322	360	1.453720
76	87	76	87	389	167	1.584191
100	111	100	111	201	160	2.530382
111	122	111	122	106	389	2.526247
