start1	end1	start2	end2	frag1	frag2	frag_rmsd
47	58	74	85	266	243	2.752082
61	72	88	99	16	0	0.775259
62	73	89	100	16	0	0.775259
63	74	90	101	16	0	0.775259
97	108	124	135	126	395	1.849402
98	109	125	136	318	132	1.806699
156	167	197	208	16	170	2.037066
158	169	199	210	27	273	1.481073
162	173	203	214	0	27	0.813956
185	196	231	242	111	27	1.266595
231	242	295	306	367	195	3.647398
275	286	339	350	262	352	3.276034
