start1	end1	start2	end2	frag1	frag2	frag_rmsd
10	21	39	50	212	364	1.843570
11	22	40	51	219	202	2.050404
18	29	47	58	0	16	0.775259
26	37	55	66	311	288	1.718799
31	42	60	71	236	299	1.995469
32	43	61	72	86	193	1.791219
35	46	64	75	71	115	3.130830
39	50	68	79	138	44	2.709195
