start1	end1	start2	end2	frag1	frag2	frag_rmsd
66	77	133	144	60	184	1.862666
67	78	134	145	16	184	1.241286
69	80	136	147	196	127	1.155792
73	84	140	151	291	387	2.790625
90	101	158	169	368	169	1.875270
91	102	159	170	118	149	1.094155
97	108	165	176	164	179	2.678352
101	112	169	180	132	126	2.227804
102	113	170	181	356	132	2.067486
123	134	194	205	282	116	3.382458
