start1	end1	start2	end2	frag1	frag2	frag_rmsd
12	23	6	17	0	16	0.775259
24	35	18	29	251	18	1.457612
49	60	42	53	7	329	2.127910
54	65	47	58	174	133	1.804231
97	108	91	102	1	210	3.208155
