start1	end1	start2	end2	frag1	frag2	frag_rmsd
12	23	16	27	166	368	1.571683
29	40	33	44	262	171	2.758530
30	41	34	45	351	341	3.209707
31	42	35	46	56	295	2.898680
32	43	36	47	194	292	2.884059
34	45	38	49	347	227	2.229226
116	127	120	131	144	103	3.235748
117	128	121	132	284	98	3.148468
118	129	122	133	104	98	2.569445
120	131	124	135	280	170	3.342169
121	132	125	136	30	44	3.140204
122	133	126	137	43	369	3.020514
125	136	129	140	4	111	0.994513
136	147	140	151	0	35	1.003458
140	151	144	155	79	380	1.921925
142	153	146	157	243	101	2.551150
147	158	151	162	348	351	3.054554
148	159	152	163	28	299	3.077039
149	160	153	164	2	72	2.187701
