start1	end1	start2	end2	frag1	frag2	frag_rmsd
4	15	4	15	192	225	2.126876
12	23	12	23	360	107	2.749925
20	31	20	31	164	250	2.535361
87	98	87	98	102	130	2.413590
90	101	90	101	300	361	2.667794
97	108	97	108	360	322	1.453720
103	114	103	114	54	178	2.265003
109	120	109	120	229	113	2.224987
110	121	110	121	71	301	2.996809
131	142	131	142	107	132	2.350722
171	182	171	182	287	41	1.672245
184	195	184	195	80	313	2.489096
219	230	219	230	158	248	2.329879
