start1	end1	start2	end2	frag1	frag2	frag_rmsd
45	56	26	37	257	373	2.902383
46	57	27	38	96	150	2.639101
48	59	29	40	59	330	2.244902
