start1	end1	start2	end2	frag1	frag2	frag_rmsd
32	43	23	34	126	316	2.926603
33	44	24	35	258	389	2.040431
77	88	61	72	170	287	1.992976
172	183	151	162	329	210	2.327830
179	190	158	169	383	185	2.808102
180	191	159	170	351	185	2.540310
181	192	160	171	293	198	2.517606
183	194	162	173	209	205	2.538613
189	200	168	179	182	29	1.423903
190	201	169	180	212	364	1.843570
192	203	171	182	207	225	1.967256
206	217	185	196	146	93	1.954768
213	224	192	203	268	14	2.894534
217	228	196	207	9	292	2.837338
