start1	end1	start2	end2	frag1	frag2	frag_rmsd
11	22	21	32	0	16	0.775259
15	26	25	36	16	184	1.241286
16	27	26	37	0	121	0.992640
17	28	27	38	0	27	0.813956
47	58	57	68	0	35	1.003458
