start1	end1	start2	end2	frag1	frag2	frag_rmsd
37	48	39	50	316	57	2.064021
40	51	42	53	167	395	2.258216
52	63	54	65	108	226	3.508037
54	65	56	67	398	185	2.987202
124	135	126	137	32	82	2.553400
