start1	end1	start2	end2	frag1	frag2	frag_rmsd
48	59	48	59	366	101	1.790697
120	131	118	129	133	97	1.973700
125	136	123	134	203	80	1.863941
132	143	130	141	363	156	2.308899
150	161	148	159	29	298	2.664713
160	171	158	169	396	51	1.709799
170	181	168	179	237	224	2.429202
185	196	183	194	216	371	1.502072
