start1	end1	start2	end2	frag1	frag2	frag_rmsd
19	30	14	25	268	155	3.504348
60	71	54	65	231	341	2.816067
63	74	57	68	24	180	1.017167
83	94	78	89	164	363	1.880850
92	103	87	98	390	34	3.331273
122	133	120	131	6	355	2.242598
