start1	end1	start2	end2	frag1	frag2	frag_rmsd
8	19	8	19	364	247	2.424579
63	74	63	74	77	79	2.104037
