start1	end1	start2	end2	frag1	frag2	frag_rmsd
86	97	77	88	35	94	1.741150
99	110	90	101	16	0	0.775259
144	155	135	146	201	19	2.814050
148	159	139	150	305	129	2.207893
206	217	197	208	308	160	2.629237
239	250	230	241	357	148	2.968852
241	252	232	243	57	310	2.973413
293	304	282	293	322	360	1.453720
294	305	283	294	322	360	1.453720
296	307	285	296	313	258	2.044899
305	316	294	305	322	360	1.453720
308	319	297	308	126	158	2.723694
309	320	298	309	258	198	1.817841
333	344	322	333	69	249	1.666766
335	346	324	335	134	290	2.704419
337	348	326	337	156	131	3.010123
338	349	327	338	112	268	2.830405
340	351	329	340	179	257	2.843468
342	353	331	342	371	89	2.559953
344	355	333	344	24	18	1.529172
346	357	335	346	71	307	2.794466
349	360	338	349	316	383	2.436672
398	409	386	397	289	51	2.618019
399	410	387	398	45	11	2.503953
433	444	421	432	321	377	2.684501
441	452	429	440	99	193	2.061111
443	454	431	442	141	95	1.602886
458	469	446	457	318	348	2.448920
461	472	449	460	211	395	2.688355
463	474	451	462	7	130	2.742187
469	480	457	468	97	363	1.939160
490	501	479	490	389	374	2.460334
499	510	488	499	359	283	2.495380
504	515	493	504	4	169	1.747250
528	539	517	528	385	268	2.894825
532	543	521	532	216	115	2.416815
533	544	522	533	23	111	1.303435
