start1	end1	start2	end2	frag1	frag2	frag_rmsd
14	25	19	30	320	56	2.638903
47	58	52	63	112	156	3.015267
53	64	58	69	45	147	1.713468
