start1	end1	start2	end2	frag1	frag2	frag_rmsd
13	24	10	21	13	96	1.738752
14	25	11	22	330	20	1.984773
44	55	39	50	357	258	1.886183
51	62	46	57	178	183	1.884271
67	78	62	73	248	334	2.628843
68	79	63	74	178	183	1.884271
84	95	79	90	57	143	2.304628
