start1	end1	start2	end2	frag1	frag2	frag_rmsd
14	25	16	27	131	31	3.072362
15	26	17	28	21	265	2.183885
20	31	22	33	95	51	1.563872
