start1	end1	start2	end2	frag1	frag2	frag_rmsd
2	13	2	13	179	52	2.927481
3	14	3	14	18	251	1.457612
5	16	5	16	75	88	1.561748
7	18	7	18	385	337	3.786426
12	23	12	23	298	272	2.306193
19	30	19	30	1	344	2.558048
26	37	26	37	222	19	2.421744
27	38	27	38	22	364	2.741569
41	52	41	52	357	258	1.886183
45	56	45	56	213	378	2.157761
80	91	80	91	126	42	2.008935
96	107	96	107	198	80	2.497363
