start1	end1	start2	end2	frag1	frag2	frag_rmsd
6	17	5	16	117	112	2.722193
39	50	38	49	178	57	1.951934
59	70	58	69	304	327	3.089213
82	93	81	92	198	258	1.817841
95	106	94	105	313	211	2.221163
125	136	123	134	72	145	2.234583
126	137	124	135	125	72	2.135122
127	138	125	136	17	148	2.606227
