start1	end1	start2	end2	frag1	frag2	frag_rmsd
33	44	31	42	126	84	1.909341
36	47	34	45	40	374	2.415167
38	49	36	47	152	38	2.741259
39	50	37	48	274	275	3.251747
67	78	65	76	38	92	2.065054
84	95	82	93	380	79	1.921925
88	99	86	97	179	156	2.821309
142	153	136	147	51	141	1.428009
144	155	138	149	4	111	0.994513
151	162	145	156	25	338	1.152231
152	163	146	157	235	100	1.231875
158	169	152	163	21	140	2.729796
184	195	178	189	34	164	2.524144
220	231	214	225	214	191	2.538137
255	266	253	264	225	344	2.325829
