start1	end1	start2	end2	frag1	frag2	frag_rmsd
110	121	61	72	251	284	1.783480
115	126	66	77	342	93	2.979558
116	127	67	78	301	298	2.504542
117	128	68	79	253	91	2.403003
122	133	73	84	328	102	2.916418
123	134	74	85	276	369	1.368954
143	154	94	105	383	54	2.585327
144	155	95	106	379	178	1.774921
207	218	159	170	84	107	2.480937
