start1	end1	start2	end2	frag1	frag2	frag_rmsd
11	22	3	14	248	357	1.838513
113	124	174	185	232	288	2.068787
114	125	175	186	34	6	2.330814
121	132	182	193	360	84	1.521872
247	258	228	239	132	357	1.964894
266	277	247	258	253	54	1.914846
269	280	250	261	392	57	2.274546
273	284	254	265	132	392	1.839294
343	354	334	345	382	352	2.471930
