start1	end1	start2	end2	frag1	frag2	frag_rmsd
41	52	41	52	97	262	2.621390
45	56	45	56	330	304	2.895056
53	64	53	64	297	167	2.343013
