start1	end1	start2	end2	frag1	frag2	frag_rmsd
49	60	48	59	233	168	2.546631
51	62	50	61	201	290	1.873591
54	65	53	64	113	229	2.224987
55	66	54	65	363	301	2.839556
61	72	60	71	68	248	2.645435
68	79	67	78	85	336	3.388266
119	130	118	129	132	395	2.384097
120	131	119	130	356	132	2.067486
152	163	151	162	95	22	1.944771
158	169	157	168	151	91	2.263245
168	179	167	178	100	235	1.231875
190	201	189	200	144	166	1.768288
199	210	198	209	12	17	1.213096
204	215	203	214	270	126	2.450739
210	221	209	220	160	138	2.227130
213	224	212	223	45	123	1.488609
