start1	end1	start2	end2	frag1	frag2	frag_rmsd
54	65	61	72	6	256	2.076516
57	68	64	75	57	318	2.213565
58	69	65	76	126	316	2.926603
60	71	67	78	56	328	2.664981
