start1	end1	start2	end2	frag1	frag2	frag_rmsd
8	19	7	18	195	390	3.189056
13	24	12	23	23	15	1.595702
90	101	97	108	95	371	2.542504
92	103	99	110	4	23	1.335798
93	104	100	111	0	35	1.003458
94	105	101	112	0	35	1.003458
150	161	171	182	0	127	0.813264
