start1	end1	start2	end2	frag1	frag2	frag_rmsd
1	12	1	12	213	292	2.564850
3	14	3	14	261	227	2.553216
10	21	10	21	307	339	2.624244
11	22	11	22	71	151	2.958856
16	27	16	27	141	95	1.602886
56	67	56	67	29	250	3.021097
57	68	57	68	349	373	2.057910
65	76	65	76	211	198	2.273368
66	77	66	77	344	58	2.709953
75	86	75	86	0	27	0.813956
77	88	77	88	0	127	0.813264
82	93	82	93	60	149	1.545532
84	95	84	95	124	168	1.824641
106	117	106	117	197	137	2.494610
110	121	110	121	27	0	0.813956
125	136	125	136	16	0	0.775259
127	138	127	138	25	18	1.880110
133	144	133	144	154	297	3.592525
135	146	135	146	372	343	2.617812
140	151	140	151	188	368	1.404624
142	153	142	153	377	100	1.241297
