start1	end1	start2	end2	frag1	frag2	frag_rmsd
3	14	3	14	132	322	1.945705
40	51	46	57	0	127	0.813264
42	53	48	59	127	49	1.619635
43	54	49	60	149	144	1.522937
44	55	50	61	251	110	1.356883
47	58	53	64	151	298	2.505800
54	65	60	71	356	360	2.206112
56	67	62	73	132	357	1.964894
61	72	67	78	126	360	2.237959
62	73	68	79	61	126	2.069075
66	77	72	83	329	7	2.127910
184	195	201	212	126	84	1.909341
227	238	254	265	167	248	2.115099
235	246	262	273	126	322	2.289807
