start1	end1	start2	end2	frag1	frag2	frag_rmsd
15	26	6	17	127	0	0.813264
18	29	9	20	196	0	1.046929
21	32	12	23	121	0	0.992640
73	84	55	66	219	153	2.935815
128	139	104	115	136	193	1.585201
129	140	105	116	49	341	2.564185
130	141	106	117	309	81	2.679981
