start1	end1	start2	end2	frag1	frag2	frag_rmsd
43	54	53	64	180	251	1.423305
46	57	56	67	14	164	2.894384
71	82	84	95	39	263	1.670447
78	89	91	102	192	378	2.501649
82	93	95	106	99	193	2.061111
103	114	116	127	254	262	2.775623
134	145	185	196	58	282	3.076939
135	146	186	197	191	319	2.202864
137	148	188	199	82	119	2.841019
141	152	192	203	111	4	0.994513
153	164	204	215	100	284	1.981155
