start1	end1	start2	end2	frag1	frag2	frag_rmsd
2	13	2	13	28	204	2.411456
5	16	5	16	342	78	2.611060
21	32	24	35	57	248	2.232921
23	34	26	37	313	176	2.698070
37	48	40	51	336	304	2.812236
39	50	42	53	365	254	3.487443
43	54	46	57	205	378	2.595378
56	67	60	71	392	208	2.373540
57	68	61	72	297	318	2.590663
58	69	62	73	373	297	3.245128
59	70	63	74	38	246	2.667939
60	71	64	75	312	38	2.387113
63	74	67	78	133	174	1.804231
65	76	69	80	318	107	2.418216
66	77	70	81	348	258	2.128741
69	80	73	84	186	358	2.904982
72	83	76	87	253	331	1.801250
