start1	end1	start2	end2	frag1	frag2	frag_rmsd
72	83	65	76	119	32	2.937466
109	120	102	113	223	371	1.695846
