start1	end1	start2	end2	frag1	frag2	frag_rmsd
61	72	27	38	78	390	2.515234
64	75	30	41	57	91	2.021486
66	77	32	43	322	132	1.945705
86	97	51	62	28	239	2.289206
132	143	91	102	312	192	2.159358
134	145	93	104	388	182	2.997735
137	148	96	107	205	10	2.408549
141	152	100	111	126	132	2.227804
144	155	103	114	322	357	2.219787
145	156	104	115	323	389	2.182032
166	177	124	135	386	80	2.587573
171	182	129	140	304	336	2.812236
190	201	148	159	355	146	2.939947
237	248	202	213	129	376	1.562683
260	271	225	236	215	28	2.173200
263	274	228	239	358	78	2.344151
266	277	231	242	213	358	2.035530
270	281	235	246	142	372	3.269970
357	368	324	335	132	360	2.169218
416	427	383	394	118	18	1.480048
420	431	387	398	91	107	2.649081
422	433	389	400	360	84	1.521872
431	442	398	409	250	363	2.347188
432	443	399	410	157	302	1.373132
455	466	422	433	120	250	1.731988
499	510	459	470	61	258	1.652270
502	513	462	473	73	56	2.826661
503	514	463	474	358	38	2.528073
508	519	468	479	178	157	2.103654
515	526	475	486	389	158	2.036257
525	536	485	496	395	126	1.849402
529	540	489	500	322	61	1.532523
530	541	490	501	126	42	2.008935
543	554	503	514	391	151	2.509443
569	580	529	540	169	238	2.436671
572	583	532	543	233	319	1.769620
573	584	533	544	354	228	2.187212
580	591	540	551	322	356	2.017159
581	592	541	552	360	84	1.521872
583	594	543	554	322	360	1.453720
599	610	556	567	322	360	1.453720
604	615	561	572	322	258	2.166966
606	617	563	574	132	392	1.839294
639	650	596	607	84	57	2.559962
650	661	607	618	302	310	2.918408
666	677	624	635	322	360	1.453720
672	683	630	641	10	204	2.009667
680	691	638	649	356	132	2.067486
681	692	639	650	360	322	1.453720
684	695	642	653	61	313	2.398675
689	700	647	658	375	324	2.394722
690	701	648	659	133	97	1.973700
