start1	end1	start2	end2	frag1	frag2	frag_rmsd
29	40	27	38	272	314	2.456653
30	41	28	39	318	173	2.752165
48	59	46	57	328	2	1.547551
52	63	50	61	366	179	3.223463
56	67	54	65	242	54	2.573580
57	68	55	66	57	178	1.951934
75	86	73	84	331	379	2.384063
79	90	77	88	132	57	1.551260
92	103	90	101	54	91	2.270861
