start1	end1	start2	end2	frag1	frag2	frag_rmsd
24	35	25	36	331	174	1.879546
34	45	35	46	16	0	0.775259
55	66	56	67	284	41	2.164096
60	71	61	72	276	195	1.460134
79	90	80	91	196	127	1.155792
80	91	81	92	368	144	1.335465
183	194	185	196	100	277	1.693324
193	204	195	206	9	199	4.280909
197	208	199	210	223	123	1.416700
231	242	233	244	366	25	2.998442
247	258	249	260	180	24	1.017167
248	259	250	261	380	377	1.677706
250	261	252	263	146	355	2.939947
251	262	253	264	39	331	2.341424
