start1	end1	start2	end2	frag1	frag2	frag_rmsd
33	44	27	38	78	390	2.515234
36	47	30	41	57	91	2.021486
38	49	32	43	322	132	1.945705
58	69	51	62	28	239	2.289206
104	115	91	102	312	192	2.159358
106	117	93	104	388	182	2.997735
109	120	96	107	205	10	2.408549
113	124	100	111	126	132	2.227804
116	127	103	114	322	357	2.219787
117	128	104	115	323	389	2.182032
138	149	124	135	386	80	2.587573
