start1	end1	start2	end2	frag1	frag2	frag_rmsd
3	14	6	17	138	275	2.617606
52	63	61	72	350	271	1.820287
65	76	74	85	73	191	3.007741
71	82	80	91	4	111	0.994513
85	96	94	105	331	301	2.779249
87	98	96	107	178	57	1.951934
102	113	111	122	161	69	1.879688
103	114	112	123	287	75	2.548505
105	116	114	125	201	164	3.031590
106	117	115	126	97	174	2.041055
112	123	121	132	141	95	1.602886
