start1	end1	start2	end2	frag1	frag2	frag_rmsd
5	16	5	16	132	322	1.945705
59	70	59	70	138	328	2.615349
62	73	62	73	394	281	1.908381
114	125	117	128	3	97	2.451993
118	129	121	132	246	373	2.083918
119	130	122	133	329	328	2.430959
124	135	127	138	376	340	2.433654
139	150	142	153	106	322	2.256879
140	151	143	154	176	239	2.693058
143	154	146	157	266	150	2.410675
