start1	end1	start2	end2	frag1	frag2	frag_rmsd
77	88	54	65	2	292	3.179426
185	196	162	173	162	386	1.905714
