start1	end1	start2	end2	frag1	frag2	frag_rmsd
151	162	105	116	0	16	0.775259
170	181	126	137	0	127	0.813264
189	200	141	152	227	141	1.668724
191	202	143	154	224	70	1.307761
