start1	end1	start2	end2	frag1	frag2	frag_rmsd
26	37	25	36	158	389	2.036257
45	56	44	55	297	348	2.452514
