start1	end1	start2	end2	frag1	frag2	frag_rmsd
14	25	15	26	0	127	0.813264
119	130	122	133	20	150	2.215790
308	319	304	315	23	4	1.335798
309	320	305	316	27	0	0.813956
310	321	306	317	121	0	0.992640
316	327	312	323	12	17	1.213096
338	349	333	344	280	290	1.950923
339	350	334	345	160	230	1.979840
