start1	end1	start2	end2	frag1	frag2	frag_rmsd
42	53	45	56	95	66	1.609657
66	77	78	89	136	230	2.068366
67	78	79	90	31	231	1.286233
70	81	82	93	111	4	0.994513
71	82	83	94	0	27	0.813956
