start1	end1	start2	end2	frag1	frag2	frag_rmsd
12	23	12	23	383	302	2.329043
97	108	89	100	209	155	2.902832
99	110	91	102	372	30	3.295816
141	152	129	140	355	232	2.143807
159	170	147	158	365	393	2.281657
173	184	177	188	319	279	1.889850
201	212	205	216	277	287	1.480842
209	220	213	224	140	310	3.331833
225	236	228	239	363	157	2.737417
226	237	229	240	57	272	2.547597
230	241	233	244	7	328	1.961591
