start1	end1	start2	end2	frag1	frag2	frag_rmsd
6	17	15	26	162	28	1.560721
27	38	36	47	0	184	1.197355
28	39	37	48	0	121	0.992640
