start1	end1	start2	end2	frag1	frag2	frag_rmsd
3	14	3	14	78	378	1.620040
12	23	12	23	272	142	3.786763
16	27	16	27	162	122	3.626815
60	71	60	71	65	63	2.267265
62	73	62	73	192	58	1.504351
83	94	83	94	0	16	0.775259
