start1	end1	start2	end2	frag1	frag2	frag_rmsd
65	76	71	82	16	184	1.241286
79	90	85	96	309	206	2.540870
86	97	92	103	66	141	2.244852
132	143	138	149	33	93	2.502357
134	145	140	151	171	268	2.686227
154	165	162	173	310	40	2.788884
163	174	171	182	200	365	2.605423
168	179	176	187	191	225	2.453863
175	186	183	194	180	24	1.017167
176	187	184	195	168	362	1.985841
