start1	end1	start2	end2	frag1	frag2	frag_rmsd
12	23	14	25	58	10	2.327811
15	26	17	28	54	298	2.540643
17	28	19	30	42	322	2.200412
24	35	26	37	247	38	2.150232
25	36	27	38	117	213	2.137352
30	41	32	43	316	323	2.822707
37	48	39	50	257	31	1.958695
48	59	50	61	145	1	2.392532
