start1	end1	start2	end2	frag1	frag2	frag_rmsd
23	34	29	40	222	370	3.102744
24	35	30	41	331	253	1.801250
25	36	31	42	54	395	2.541594
27	38	33	44	162	297	2.762471
59	70	64	75	356	107	1.430031
60	71	65	76	258	357	1.886183
66	77	71	82	183	10	2.579576
67	78	72	83	391	54	2.548109
