start1	end1	start2	end2	frag1	frag2	frag_rmsd
6	17	6	17	258	42	2.172989
9	20	9	20	395	392	1.956324
96	107	111	122	126	322	2.289807
