start1	end1	start2	end2	frag1	frag2	frag_rmsd
9	20	11	22	251	100	1.963032
10	21	12	23	233	75	2.088875
14	25	16	27	95	141	1.602886
17	28	19	30	0	127	0.813264
23	34	25	36	294	33	2.272830
25	36	27	38	236	274	1.789125
59	70	61	72	25	359	2.215761
