start1	end1	start2	end2	frag1	frag2	frag_rmsd
21	32	14	25	14	112	2.476924
27	38	20	31	371	216	1.502072
72	83	64	75	127	35	1.273794
73	84	65	76	149	368	1.387412
75	86	67	78	319	287	2.297661
80	91	72	83	45	353	1.252194
82	93	74	85	60	350	2.003689
121	132	110	121	16	260	1.076875
132	143	121	132	121	216	1.107965
