start1	end1	start2	end2	frag1	frag2	frag_rmsd
55	66	53	64	51	141	1.428009
59	70	57	68	168	315	1.621254
62	73	60	71	173	348	2.362281
93	104	91	102	206	212	2.579829
95	106	93	104	319	231	2.937653
140	151	137	148	374	28	1.355458
