start1	end1	start2	end2	frag1	frag2	frag_rmsd
1	12	1	12	24	21	2.814461
2	13	2	13	315	168	1.621254
9	20	9	20	343	2	1.502106
13	24	13	24	52	169	2.403494
43	54	43	54	266	96	2.037755
68	79	68	79	302	133	2.836895
70	81	70	81	322	84	1.955336
134	145	134	145	25	338	1.152231
142	153	142	153	167	28	2.361477
147	158	147	158	31	237	1.767577
149	160	149	160	45	223	1.647681
162	173	162	173	157	302	1.373132
163	174	163	174	297	162	2.762471
208	219	196	207	371	45	1.366556
