start1	end1	start2	end2	frag1	frag2	frag_rmsd
60	71	42	53	60	127	1.135321
63	74	45	56	279	124	2.389898
