start1	end1	start2	end2	frag1	frag2	frag_rmsd
42	53	41	52	216	121	1.107965
45	56	44	55	127	0	0.813264
147	158	141	152	0	16	0.775259
154	165	148	159	273	368	1.870733
