start1	end1	start2	end2	frag1	frag2	frag_rmsd
42	53	21	32	273	0	1.419073
43	54	22	33	184	0	1.197355
92	103	59	70	16	0	0.775259
93	104	60	71	184	0	1.197355
94	105	61	72	127	0	0.813264
95	106	62	73	16	0	0.775259
96	107	63	74	121	16	1.372802
120	131	86	97	0	35	1.003458
121	132	87	98	0	245	2.249697
122	133	88	99	0	260	1.731263
123	134	89	100	0	170	1.959205
124	135	90	101	188	37	1.980378
125	136	91	102	25	144	1.398598
126	137	92	103	235	284	2.316448
127	138	93	104	33	287	2.385081
128	139	94	105	232	88	2.547907
129	140	95	106	34	14	3.544107
130	141	96	107	174	302	2.621173
131	142	97	108	57	143	2.304628
132	143	98	109	126	318	2.511599
133	144	99	110	61	348	2.472281
134	145	100	111	167	293	1.284317
135	146	101	112	329	73	2.227621
136	147	102	113	358	138	2.570733
137	148	103	114	82	32	2.553400
138	149	104	115	390	276	3.114003
139	150	105	116	347	22	2.639220
140	151	106	117	179	147	2.305745
141	152	107	118	257	169	3.351327
142	153	108	119	148	110	2.872438
144	155	110	121	99	354	2.230986
145	156	111	122	102	201	3.610003
150	161	116	127	74	348	2.456740
151	162	117	128	162	320	2.866105
163	174	130	141	4	70	1.352136
178	189	146	157	149	368	1.387412
