start1	end1	start2	end2	frag1	frag2	frag_rmsd
8	19	8	19	331	57	2.831093
47	58	46	57	202	160	2.761046
49	60	48	59	141	95	1.602886
