start1	end1	start2	end2	frag1	frag2	frag_rmsd
1	12	2	13	95	141	1.602886
11	22	12	23	6	366	1.707860
29	40	30	41	0	121	0.992640
42	53	43	54	208	124	2.503023
43	54	44	55	356	107	1.430031
51	62	52	63	114	73	2.858654
89	100	94	105	23	224	2.008855
131	142	205	216	35	0	1.003458
164	175	238	249	0	127	0.813264
168	179	242	253	273	0	1.419073
186	197	260	271	148	55	1.769837
193	204	267	278	126	389	2.201165
195	206	269	280	246	386	2.014472
196	207	270	281	329	130	2.138251
198	209	272	283	14	254	2.971511
218	229	292	303	84	126	1.909341
220	231	294	305	389	386	2.769251
230	241	304	315	118	149	1.094155
233	244	307	318	139	50	1.891742
234	245	308	319	376	119	2.593517
236	247	310	321	305	65	2.583247
243	254	317	328	16	0	0.775259
281	292	355	366	184	0	1.197355
282	293	356	367	184	0	1.197355
283	294	357	368	121	0	0.992640
293	304	367	378	260	16	1.076875
