start1	end1	start2	end2	frag1	frag2	frag_rmsd
27	38	27	38	0	35	1.003458
30	41	30	41	251	17	1.487591
31	42	31	42	168	124	1.824641
40	51	40	51	100	161	0.978809
54	65	55	66	35	94	1.741150
63	74	64	75	274	364	1.999522
64	75	65	76	292	328	2.946322
65	76	66	77	369	194	1.775960
101	112	104	115	203	357	2.520142
103	114	106	117	248	357	1.838513
105	116	108	119	57	356	1.996521
119	130	124	135	297	58	2.910107
125	136	130	141	189	182	2.177050
129	140	134	145	379	370	2.763094
132	143	137	148	247	38	2.150232
138	149	143	154	348	173	2.362281
139	150	144	155	329	7	2.127910
147	158	152	163	126	61	2.069075
156	167	161	172	42	84	2.426355
158	169	163	174	323	313	2.463705
159	170	164	175	329	73	2.227621
166	177	171	182	107	395	2.432305
170	181	175	186	258	158	2.560971
171	182	176	187	10	198	2.406182
174	185	179	190	29	182	1.423903
186	197	191	202	245	127	2.014304
195	206	200	211	63	289	3.350639
196	207	201	212	115	199	3.233007
232	243	235	246	239	215	1.429311
233	244	236	247	320	56	2.638903
238	249	241	252	4	23	1.335798
240	251	243	254	0	35	1.003458
247	258	250	261	355	335	2.473582
