start1	end1	start2	end2	frag1	frag2	frag_rmsd
57	68	57	68	393	375	2.214683
59	70	59	70	91	298	2.033592
62	73	62	73	356	248	2.969552
82	93	78	89	392	132	1.839294
84	95	80	91	28	162	1.560721
90	101	86	97	31	271	2.794120
