start1	end1	start2	end2	frag1	frag2	frag_rmsd
26	37	22	33	258	80	2.273429
29	40	25	36	163	183	2.424667
35	46	31	42	194	225	1.011234
37	48	33	44	394	45	1.792183
46	57	42	53	25	338	1.152231
48	59	44	55	75	294	2.540937
94	105	81	92	338	25	1.152231
98	109	85	96	164	34	2.524144
99	110	86	97	302	363	2.467216
104	115	91	102	229	78	2.235105
105	116	92	103	262	48	2.274893
106	117	93	104	299	268	2.793043
108	119	95	106	43	346	2.303453
109	120	96	107	51	95	1.563872
125	136	111	122	73	96	2.402429
126	137	112	123	358	150	2.344975
143	154	126	137	28	320	2.315284
162	173	145	156	357	178	2.306823
165	176	148	159	360	126	2.237959
166	177	149	160	126	132	2.227804
168	179	151	162	389	61	1.926015
171	182	154	165	248	391	2.056378
173	184	156	167	308	246	2.593362
174	185	157	168	102	19	3.139195
176	187	159	170	85	369	2.990726
183	194	166	177	0	16	0.775259
184	195	167	178	0	196	1.046929
185	196	168	179	0	27	0.813956
217	228	210	221	0	16	0.775259
218	229	211	222	0	16	0.775259
220	231	213	224	16	0	0.775259
254	265	267	278	127	368	1.781241
255	266	268	279	260	18	1.686863
256	267	269	280	170	377	2.232639
257	268	270	281	44	307	3.097107
258	269	271	282	273	91	4.331222
259	270	272	283	149	107	4.637038
260	271	273	284	180	360	5.319991
261	272	274	285	168	126	4.874191
262	273	275	286	154	74	3.415103
263	274	276	287	154	374	3.979575
264	275	277	288	142	198	3.891914
267	278	280	291	218	47	3.092602
268	279	281	292	212	221	2.599218
269	280	282	293	92	39	2.539443
274	285	287	298	173	348	2.362281
333	344	338	349	16	0	0.775259
348	359	350	361	54	178	2.265003
355	366	357	368	292	138	2.059222
366	377	368	379	376	396	2.586490
367	378	369	380	396	123	2.569396
372	383	374	385	25	338	1.152231
377	388	379	390	363	3	2.560867
379	390	381	392	28	215	2.173200
383	394	385	396	95	66	1.609657
408	419	406	417	186	14	2.187195
