start1	end1	start2	end2	frag1	frag2	frag_rmsd
16	27	27	38	31	231	1.286233
20	31	31	42	0	16	0.775259
23	34	34	45	180	110	1.207298
25	36	36	47	295	109	1.123468
26	37	37	48	201	160	2.530382
28	39	39	50	66	227	2.066214
29	40	40	51	281	45	1.651716
30	41	41	52	70	4	1.352136
31	42	42	53	16	0	0.775259
32	43	43	54	121	0	0.992640
33	44	44	55	27	0	0.813956
