start1	end1	start2	end2	frag1	frag2	frag_rmsd
70	81	78	89	17	315	2.125358
71	82	79	90	124	208	2.503023
72	83	80	91	208	151	2.827388
73	84	81	92	151	57	2.517792
