start1	end1	start2	end2	frag1	frag2	frag_rmsd
7	18	4	15	329	73	2.227621
52	63	47	58	394	45	1.792183
82	93	118	129	35	0	1.003458
109	120	146	157	95	141	1.602886
166	177	211	222	202	318	4.149457
167	178	212	223	58	395	3.267563
168	179	213	224	148	357	2.968852
169	180	214	225	71	395	3.019201
180	191	226	237	4	23	1.335798
201	212	257	268	4	0	1.783926
205	216	261	272	184	0	1.197355
206	217	262	273	121	0	0.992640
