start1	end1	start2	end2	frag1	frag2	frag_rmsd
81	92	89	100	20	336	2.941584
91	102	99	110	39	263	1.670447
120	131	128	139	158	185	2.536032
125	136	133	144	59	82	3.183806
127	138	135	146	113	252	1.744519
146	157	155	166	182	324	3.695967
147	158	156	167	349	133	2.957184
148	159	157	168	19	263	2.369558
149	160	158	169	163	391	2.193995
152	163	161	172	91	395	2.501168
171	182	180	191	360	258	2.306964
175	186	184	195	357	318	2.179797
