start1	end1	start2	end2	frag1	frag2	frag_rmsd
15	26	15	26	298	301	2.504542
17	28	17	28	143	183	1.720893
18	29	18	29	391	395	2.221324
21	32	21	32	357	318	2.179797
31	42	31	42	91	363	3.248630
40	51	40	51	296	203	3.036304
44	55	44	55	36	241	1.758679
60	71	61	72	356	173	3.062883
62	73	63	74	10	391	2.250856
68	79	69	80	357	183	2.467299
72	83	73	84	38	213	2.833934
74	85	75	86	78	82	3.016939
84	95	85	96	253	178	2.074688
85	96	86	97	383	379	2.491252
86	97	87	98	167	158	1.812316
99	110	100	111	287	282	3.159933
103	114	104	115	120	361	2.508254
105	116	106	117	351	173	3.024743
106	117	107	118	7	211	2.204320
133	144	134	145	297	167	2.343013
139	150	140	151	46	108	3.050391
142	153	143	154	117	330	2.708168
145	156	146	157	298	272	2.306193
165	176	166	177	0	184	1.197355
166	177	167	178	35	87	1.660723
167	178	168	179	245	144	1.489214
173	184	174	185	217	27	1.512015
177	188	178	189	245	35	2.065446
183	194	184	195	335	262	2.820973
219	230	220	231	358	150	2.344975
220	231	221	232	292	82	2.425930
224	235	225	236	111	23	1.303435
230	241	231	242	277	33	2.543323
231	242	232	243	232	6	1.900358
233	244	234	245	97	174	2.041055
234	245	235	246	302	54	1.822938
235	246	236	247	74	143	2.114755
237	248	238	249	211	343	2.532802
244	255	245	256	136	230	2.068366
257	268	258	269	272	325	2.987046
258	269	259	270	226	163	3.188941
259	270	260	271	334	248	2.628843
268	279	269	280	141	227	1.668724
280	291	281	292	177	390	2.707335
282	293	283	294	298	301	2.504542
306	317	306	317	307	355	2.511192
307	318	307	318	298	363	2.950286
309	320	309	320	107	356	1.430031
312	323	312	323	40	293	2.204989
316	327	316	327	310	11	3.310269
317	328	317	328	46	228	3.823209
318	329	318	329	286	230	3.237321
323	334	323	334	217	0	1.425276
339	350	339	350	148	115	3.248587
342	353	342	353	97	263	2.464240
343	354	343	354	310	302	2.918408
349	360	349	360	394	238	1.931646
352	363	352	363	216	121	1.107965
357	368	357	368	25	338	1.152231
360	371	360	371	101	232	2.441589
361	372	361	372	6	34	2.330814
