start1	end1	start2	end2	frag1	frag2	frag_rmsd
29	40	31	42	246	204	2.169894
30	41	32	43	68	247	2.728096
33	44	35	46	130	358	2.067353
75	86	73	84	209	187	2.575169
108	119	101	112	374	351	2.405416
113	124	106	117	393	200	3.294082
116	127	109	120	391	263	2.789819
117	128	110	121	183	331	2.314556
