start1	end1	start2	end2	frag1	frag2	frag_rmsd
97	108	85	96	273	0	1.419073
136	147	126	137	190	114	2.532336
137	148	127	138	89	73	3.308911
139	150	129	140	235	117	3.144169
140	151	130	141	321	390	3.552566
141	152	131	142	119	108	3.467872
142	153	132	143	243	108	3.420516
143	154	133	144	385	280	2.491078
161	172	155	166	61	270	2.370076
