start1	end1	start2	end2	frag1	frag2	frag_rmsd
5	16	16	27	77	282	2.065325
8	19	19	30	376	129	1.562683
11	22	22	33	169	4	1.747250
12	23	23	34	118	149	1.094155
14	25	25	36	168	380	2.092287
15	26	26	37	325	88	2.730942
16	27	27	38	298	355	2.464333
32	43	42	53	38	150	2.863885
35	46	45	56	361	393	2.351732
36	47	46	57	363	174	2.440306
54	65	64	75	4	70	1.352136
56	67	66	77	16	121	1.372802
57	68	67	78	196	121	1.241736
58	69	68	79	0	196	1.046929
63	74	73	84	100	161	0.978809
65	76	75	86	6	232	1.900358
68	79	78	89	54	302	1.822938
70	81	80	91	132	395	2.384097
81	92	92	103	41	96	3.594698
82	93	93	104	131	213	2.617456
83	94	94	105	119	369	3.371955
84	95	95	106	65	227	2.070036
100	111	111	122	0	35	1.003458
109	120	120	131	298	91	2.033592
110	121	121	132	57	157	2.214777
116	127	127	138	326	207	3.057975
117	128	128	139	289	90	2.511995
124	135	135	146	156	332	4.178559
126	137	137	148	14	112	2.476924
127	138	138	149	182	48	2.414366
132	143	143	154	375	367	2.523916
133	144	144	155	250	120	1.731988
134	145	145	156	46	364	2.858318
135	146	146	157	372	202	2.168379
154	165	165	176	6	232	1.900358
189	200	200	211	391	258	2.417334
191	202	202	213	204	178	2.470310
192	203	203	214	263	320	3.484418
223	234	218	229	22	275	2.910979
228	239	223	234	23	111	1.303435
244	255	238	249	74	318	2.154001
245	256	239	250	239	215	1.429311
250	261	244	255	394	22	2.764360
314	325	309	320	121	216	1.107965
