start1	end1	start2	end2	frag1	frag2	frag_rmsd
8	19	8	19	303	269	1.007020
13	24	13	24	266	122	2.336820
22	33	22	33	61	258	1.652270
27	38	27	38	390	78	2.515234
28	39	28	39	301	361	2.339875
32	43	32	43	132	208	2.303221
33	44	33	44	132	356	2.067486
34	45	34	45	126	84	1.909341
71	82	73	84	150	358	2.344975
72	83	74	85	117	112	2.722193
73	84	75	86	375	342	3.105267
74	85	76	87	361	285	2.386829
77	88	79	90	132	392	1.839294
78	89	80	91	126	322	2.289807
95	106	96	107	159	365	3.026434
