start1	end1	start2	end2	frag1	frag2	frag_rmsd
10	21	11	22	60	127	1.135321
87	98	84	95	132	356	2.067486
92	103	89	100	73	92	3.166250
94	105	91	102	82	261	2.364559
99	110	96	107	0	184	1.197355
100	111	97	108	0	121	0.992640
101	112	98	109	0	27	0.813956
103	114	100	111	16	0	0.775259
