start1	end1	start2	end2	frag1	frag2	frag_rmsd
8	19	9	20	331	242	2.369118
10	21	11	22	392	178	1.899502
11	22	12	23	132	107	2.350722
14	25	15	26	313	167	2.555667
19	30	20	31	151	157	2.684703
21	32	22	33	258	198	1.817841
22	33	23	34	386	7	2.587679
71	82	72	83	164	34	2.524144
75	86	76	87	322	84	1.955336
76	87	77	88	322	61	1.532523
78	89	79	90	158	176	2.838007
81	92	82	93	391	58	2.359458
86	97	87	98	7	329	2.127910
92	103	93	104	383	157	2.212296
94	105	95	106	248	389	2.208556
101	112	102	113	350	90	2.437442
105	116	106	117	398	189	2.824691
111	122	112	123	133	285	1.901995
115	126	116	127	167	187	2.121763
116	127	117	128	320	246	2.330997
121	132	122	133	223	147	1.957202
126	137	127	138	184	260	1.878962
127	138	128	139	26	170	1.571461
128	139	129	140	196	44	1.689019
130	141	131	142	184	240	1.274780
144	155	145	156	126	84	1.909341
185	196	173	184	162	212	3.180261
197	208	185	196	298	133	3.008662
199	210	187	198	258	389	2.040431
214	225	202	213	127	188	1.791159
215	226	203	214	260	271	1.852839
216	227	204	215	170	319	1.723056
217	228	205	216	295	354	1.529198
219	230	207	218	161	256	2.832333
220	231	208	219	104	377	1.491193
237	248	224	235	90	63	2.785612
239	250	226	237	339	124	1.907543
272	283	259	270	61	392	2.873967
294	305	282	293	154	398	2.760865
295	306	283	294	187	348	2.633419
296	307	284	295	373	293	2.970744
297	308	285	296	152	13	3.354507
309	320	297	308	129	224	2.608637
320	331	308	319	164	34	2.524144
323	334	311	322	379	42	2.539853
