start1	end1	start2	end2	frag1	frag2	frag_rmsd
46	57	78	89	250	365	2.607868
101	112	135	146	0	35	1.003458
102	113	136	147	149	368	1.387412
103	114	137	148	251	235	2.623560
