start1	end1	start2	end2	frag1	frag2	frag_rmsd
12	23	14	25	374	114	1.630636
13	24	15	26	211	210	3.272150
14	25	16	27	344	130	2.207961
17	28	19	30	129	291	2.576033
18	29	20	31	303	289	3.237840
22	33	24	35	34	355	2.271590
24	35	26	37	253	316	2.933120
40	51	46	57	220	397	2.113998
54	65	60	71	355	232	2.143807
57	68	63	74	40	253	3.260938
59	70	65	76	114	351	2.335949
60	71	66	77	56	193	2.495541
73	84	79	90	18	338	1.332509
74	85	80	91	377	100	1.241297
76	87	82	93	366	6	1.707860
80	91	86	97	301	253	2.483787
81	92	87	98	91	54	2.270861
83	94	89	100	84	322	1.955336
85	96	91	102	61	357	2.416361
86	97	92	103	42	395	2.168523
87	98	93	104	357	176	3.176837
105	116	110	121	84	360	1.521872
155	166	157	168	338	25	1.152231
173	184	176	187	122	210	2.784487
180	191	183	194	389	313	2.390236
215	226	218	229	158	57	2.974713
216	227	219	230	198	158	2.252765
218	229	221	232	357	10	2.250248
220	231	223	234	274	364	1.999522
222	233	225	236	194	225	1.011234
223	234	226	237	141	22	1.438165
229	240	232	243	93	355	2.537338
241	252	244	255	208	143	2.184799
247	258	250	261	213	330	3.372750
253	264	256	267	11	172	2.939472
255	266	258	269	250	46	2.809732
260	271	263	274	45	371	1.366556
261	272	264	275	4	111	0.994513
