start1	end1	start2	end2	frag1	frag2	frag_rmsd
1	12	1	12	360	126	2.237959
2	13	2	13	360	322	1.453720
3	14	3	14	360	322	1.453720
50	61	48	59	389	313	2.390236
55	66	53	64	45	394	1.792183
59	70	57	68	149	87	1.474472
62	73	60	71	295	109	1.123468
96	107	97	108	175	55	3.874174
97	108	98	109	175	214	3.078236
101	112	102	113	120	159	3.166612
102	113	103	114	169	341	2.492437
