start1	end1	start2	end2	frag1	frag2	frag_rmsd
22	33	21	32	287	41	1.672245
25	36	24	35	365	361	2.392314
26	37	25	36	347	250	2.752480
57	68	56	67	30	81	3.215761
65	76	64	75	233	319	1.769620
69	80	68	79	141	95	1.602886
77	88	76	87	110	24	1.015908
81	92	80	91	345	31	1.281039
85	96	84	95	184	16	1.241286
108	119	107	118	249	110	1.575234
133	144	132	143	4	111	0.994513
141	152	140	151	95	141	1.602886
149	160	148	159	18	25	1.880110
154	165	153	164	316	91	2.638295
156	167	155	166	198	167	2.269619
157	168	156	167	58	40	2.106453
172	183	171	182	0	35	1.003458
188	199	187	198	35	0	1.003458
190	201	189	200	245	127	2.014304
191	202	190	201	149	118	1.094155
210	221	209	220	283	288	2.531015
239	250	238	249	238	44	2.179609
249	260	248	259	127	0	0.813264
250	261	249	260	60	127	1.135321
265	276	264	275	35	0	1.003458
275	286	274	285	16	397	2.383839
280	291	279	290	35	0	1.003458
303	314	302	313	4	0	1.783926
306	317	305	316	188	368	1.404624
