start1	end1	start2	end2	frag1	frag2	frag_rmsd
81	92	120	131	147	45	1.713468
82	93	121	132	23	4	1.335798
87	98	126	137	0	16	0.775259
89	100	128	139	35	196	1.146322
161	172	153	164	281	308	2.337001
165	176	157	168	62	264	1.971903
167	178	159	170	292	44	3.065850
232	243	219	230	227	65	2.070036
279	290	266	277	94	35	1.741150
368	379	345	356	27	0	0.813956
372	383	349	360	251	24	1.701363
442	453	404	415	294	134	2.660687
444	455	406	417	333	230	2.013015
458	469	420	431	369	192	2.809420
462	473	424	435	99	153	1.751370
463	474	425	436	31	345	1.281039
466	477	428	439	4	70	1.352136
470	481	432	443	124	154	2.667896
471	482	433	444	209	62	2.902144
478	489	440	451	385	63	3.990097
484	495	446	457	0	16	0.775259
486	497	448	459	0	196	1.046929
487	498	449	460	0	217	1.425276
490	501	452	463	0	27	0.813956
509	520	475	486	346	231	1.531187
510	521	476	487	95	227	2.206519
511	522	477	488	45	223	1.647681
513	524	479	490	16	0	0.775259
514	525	480	491	127	368	1.781241
515	526	481	492	60	118	1.979052
516	527	482	493	12	249	1.685416
517	528	483	494	279	75	2.725765
519	530	485	496	153	193	1.727407
