start1	end1	start2	end2	frag1	frag2	frag_rmsd
18	29	52	63	25	338	1.152231
67	78	74	85	364	101	3.591839
68	79	75	86	160	82	2.687032
69	80	76	87	345	195	2.125554
70	81	77	88	141	227	1.668724
71	82	78	89	45	223	1.647681
72	83	79	90	4	111	0.994513
90	101	99	110	331	174	1.879546
91	102	100	111	57	54	2.433783
92	103	101	112	392	143	2.200380
106	117	115	126	141	95	1.602886
145	156	153	164	369	129	2.160628
146	157	154	165	227	396	2.329098
163	174	172	183	348	61	2.472281
260	271	269	280	16	0	0.775259
