start1	end1	start2	end2	frag1	frag2	frag_rmsd
64	75	87	98	10	92	1.712565
68	79	91	102	342	39	2.308509
130	141	147	158	35	0	1.003458
209	220	220	231	99	329	2.954183
211	222	222	233	181	32	2.913043
219	230	230	241	67	252	3.060292
224	235	235	246	395	106	2.587321
226	237	237	248	322	248	2.535011
227	238	238	249	239	389	2.206659
232	243	243	254	45	281	1.651716
234	245	245	256	180	251	1.423305
235	246	246	257	168	165	2.435156
236	247	247	258	325	307	2.398407
239	250	250	261	74	84	2.819412
