start1	end1	start2	end2	frag1	frag2	frag_rmsd
34	45	26	37	9	269	2.802775
132	143	112	123	218	250	3.143706
137	148	117	128	54	302	1.822938
142	153	122	133	395	126	1.849402
277	288	259	270	35	0	1.003458
