start1	end1	start2	end2	frag1	frag2	frag_rmsd
6	17	6	17	81	63	3.177060
22	33	22	33	222	363	2.706564
41	52	41	52	126	395	1.849402
42	53	42	53	360	132	2.169218
80	91	80	91	343	328	1.513701
85	96	85	96	160	153	2.634094
91	102	91	102	319	49	2.099008
96	107	96	107	379	91	2.388994
98	109	98	109	167	389	1.584191
101	112	101	112	38	138	2.473026
102	113	102	113	112	327	3.244677
126	137	126	137	126	322	2.289807
134	145	134	145	256	34	2.477094
139	150	139	150	183	64	2.589948
148	159	148	159	158	167	1.812316
149	160	149	160	40	92	1.759016
155	166	155	166	210	122	2.784487
164	175	164	175	146	301	2.719791
167	178	167	178	74	318	2.154001
169	180	169	180	293	38	2.937432
171	182	171	182	263	112	3.002135
173	184	173	184	174	342	2.548424
175	186	175	186	253	331	1.801250
211	222	212	223	210	38	2.440545
221	232	222	233	142	173	3.439718
234	245	235	246	132	322	1.945705
