start1	end1	start2	end2	frag1	frag2	frag_rmsd
47	58	39	50	100	377	1.241297
48	59	40	51	33	307	3.155549
60	71	52	63	285	314	1.999647
