start1	end1	start2	end2	frag1	frag2	frag_rmsd
60	71	41	52	280	359	3.060039
65	76	46	57	105	166	2.375283
67	78	48	59	100	377	1.241297
70	81	51	62	153	137	1.744421
73	84	54	65	15	23	1.595702
76	87	57	68	18	338	1.332509
78	89	59	70	233	33	2.469359
92	103	73	84	0	273	1.419073
93	104	74	85	0	184	1.197355
94	105	75	86	35	121	1.375045
99	110	80	91	217	5	1.208122
101	112	82	93	0	16	0.775259
102	113	83	94	27	121	1.355932
