start1	end1	start2	end2	frag1	frag2	frag_rmsd
11	22	3	14	118	180	1.359643
15	26	7	18	333	82	3.077088
28	39	20	31	127	60	1.135321
36	47	28	39	236	182	2.993036
43	54	35	46	161	69	1.879688
45	56	37	48	396	134	3.164378
46	57	38	49	137	153	1.744421
47	58	39	50	397	147	2.282721
74	85	66	77	180	118	1.359643
76	87	68	79	109	79	2.849821
88	99	80	91	359	396	2.970426
92	103	84	95	111	27	1.266595
114	125	106	117	16	127	1.158335
117	128	109	120	41	284	2.164096
128	139	120	131	271	69	2.332715
130	141	122	133	291	359	2.762499
135	146	127	138	0	27	0.813956
152	163	139	150	4	111	0.994513
166	177	153	164	243	336	3.099077
168	179	155	166	14	390	3.227577
170	181	157	168	364	299	3.148291
171	182	158	169	193	136	1.585201
174	185	161	172	45	216	1.903162
175	186	162	173	4	111	0.994513
177	188	164	175	0	184	1.197355
180	191	167	178	16	184	1.241286
204	215	191	202	49	87	1.514184
211	222	198	209	223	45	1.647681
214	225	201	212	16	0	0.775259
215	226	202	213	87	188	1.255021
217	228	204	215	69	161	1.879688
219	230	206	217	291	396	2.756078
220	231	207	218	153	137	1.744421
248	259	235	246	41	319	1.992396
256	267	243	254	0	16	0.775259
261	272	248	259	396	359	2.970426
265	276	252	263	196	111	1.803074
266	277	253	264	273	27	1.481073
267	278	254	265	184	16	1.241286
290	301	277	288	319	41	1.992396
291	302	278	289	295	109	1.123468
305	316	292	303	397	147	2.282721
308	319	295	306	0	27	0.813956
312	323	299	310	118	245	1.562188
344	355	333	344	271	69	2.332715
394	405	388	399	396	283	2.850925
399	410	393	404	0	16	0.775259
403	414	397	408	118	24	1.501714
