start1	end1	start2	end2	frag1	frag2	frag_rmsd
68	79	56	67	277	33	2.543323
75	86	63	74	239	162	2.363423
76	87	64	75	386	329	2.809270
91	102	80	91	311	288	1.718799
100	111	89	100	371	241	2.038166
101	112	90	101	111	23	1.303435
102	113	91	102	0	27	0.813956
117	128	107	118	293	389	2.078620
118	129	108	119	274	73	2.896609
126	137	116	127	291	376	3.006765
133	144	123	134	338	25	1.152231
175	186	156	167	0	127	0.813264
176	187	157	168	0	260	1.731263
