start1	end1	start2	end2	frag1	frag2	frag_rmsd
22	33	23	34	272	91	2.404085
25	36	26	37	395	126	1.849402
26	37	27	38	357	258	1.886183
27	38	28	39	187	167	2.121763
109	120	112	123	132	322	1.945705
