start1	end1	start2	end2	frag1	frag2	frag_rmsd
9	20	9	20	3	301	3.526546
17	28	17	28	298	314	2.656936
19	30	19	30	203	211	1.857122
30	41	30	41	13	266	1.425161
50	61	51	62	80	313	2.489096
51	62	52	63	297	386	2.304549
73	84	74	85	263	68	2.861353
74	85	75	86	191	38	3.003051
75	86	76	87	19	358	2.566475
78	89	79	90	54	298	2.540643
79	90	80	91	57	178	1.951934
