start1	end1	start2	end2	frag1	frag2	frag_rmsd
20	31	20	31	0	16	0.775259
22	33	22	33	0	196	1.046929
27	38	27	38	0	196	1.046929
45	56	45	56	107	356	1.430031
56	67	75	86	313	389	2.390236
