start1	end1	start2	end2	frag1	frag2	frag_rmsd
24	35	23	34	110	24	1.015908
25	36	24	35	319	165	2.763122
26	37	25	36	109	75	2.036545
27	38	26	37	99	337	2.667194
29	40	28	39	32	276	2.058499
31	42	30	41	394	223	1.646543
52	63	51	62	338	25	1.152231
54	65	53	64	321	294	3.014053
55	66	54	65	303	339	3.155324
75	86	68	79	395	316	2.625391
81	92	74	85	27	23	1.068713
82	93	75	86	121	0	0.992640
83	94	76	87	196	35	1.146322
84	95	77	88	273	127	1.542975
86	97	79	90	121	0	0.992640
183	194	172	183	121	0	0.992640
184	195	173	184	0	121	0.992640
186	197	175	186	188	144	1.413047
190	201	179	190	303	321	3.520569
212	223	200	211	94	35	1.741150
