start1	end1	start2	end2	frag1	frag2	frag_rmsd
75	86	85	96	275	22	2.910979
76	87	86	97	82	292	2.425930
