start1	end1	start2	end2	frag1	frag2	frag_rmsd
26	37	26	37	230	136	2.068366
51	62	51	62	137	172	3.000208
57	68	57	68	17	168	1.555351
59	70	59	70	339	325	3.275784
61	72	61	72	286	299	2.143065
