start1	end1	start2	end2	frag1	frag2	frag_rmsd
56	67	39	50	0	35	1.003458
57	68	40	51	149	368	1.387412
84	95	67	78	0	16	0.775259
85	96	68	79	0	16	0.775259
94	105	77	88	103	160	2.737667
97	108	80	91	51	396	1.709799
120	131	103	114	240	95	2.379651
121	132	104	115	241	371	2.038166
125	136	108	119	0	27	0.813956
135	146	118	129	16	5	1.629181
139	150	122	133	0	16	0.775259
145	156	128	139	283	359	2.495380
