start1	end1	start2	end2	frag1	frag2	frag_rmsd
13	24	10	21	0	27	0.813956
14	25	11	22	0	35	1.003458
15	26	12	23	0	127	0.813264
16	27	13	24	0	16	0.775259
77	88	74	85	312	140	1.998926
78	89	75	86	229	183	2.741092
79	90	76	87	253	183	1.817367
83	94	80	91	322	357	2.219787
120	131	108	119	307	208	2.658720
125	136	113	124	163	38	2.391719
126	137	114	125	253	64	2.640506
127	138	115	126	54	298	2.540643
132	143	120	131	38	163	2.391719
147	158	137	148	322	360	1.453720
151	162	141	152	213	192	2.401294
153	164	143	154	301	146	2.719791
157	168	147	158	348	343	3.430043
160	171	150	161	175	214	3.078236
161	172	151	162	214	139	2.698924
163	174	153	164	103	304	3.603980
165	176	155	166	268	48	2.942534
166	177	156	167	112	172	3.151947
171	182	161	172	383	173	3.138007
172	183	162	173	374	28	1.355458
175	186	165	176	205	229	2.523216
177	188	167	178	298	91	2.033592
179	190	169	180	167	42	2.323165
