start1	end1	start2	end2	frag1	frag2	frag_rmsd
39	50	28	39	0	16	0.775259
54	65	43	54	316	356	2.665484
73	84	62	73	196	127	1.155792
75	86	64	75	184	0	1.197355
99	110	88	99	139	329	3.538991
102	113	91	102	324	301	3.092973
117	128	106	117	232	288	2.068787
118	129	107	118	164	355	2.821670
142	153	131	142	91	272	2.404085
143	154	132	143	356	74	2.593547
147	158	136	147	318	357	2.179797
152	163	141	152	150	141	3.411837
153	164	142	153	261	268	2.624343
161	172	150	161	372	9	2.266052
166	177	155	166	245	94	1.654793
214	225	203	214	73	329	2.227621
221	232	210	221	348	351	3.054554
237	248	226	237	271	76	2.479283
241	252	230	241	301	221	2.892481
242	253	231	242	91	298	2.033592
243	254	232	243	356	185	3.316743
244	255	233	244	258	310	3.238591
245	256	234	245	323	293	1.968250
251	262	240	251	179	169	2.606904
258	269	247	258	83	213	2.559615
263	274	252	263	253	91	2.403003
