start1	end1	start2	end2	frag1	frag2	frag_rmsd
27	38	23	34	29	182	1.423903
32	43	28	39	71	255	2.201151
33	44	29	40	173	91	2.560482
48	59	44	55	239	40	2.307218
51	62	47	58	112	39	3.249838
53	64	49	60	174	331	1.879546
54	65	50	61	253	54	1.914846
55	66	51	62	143	218	2.049999
57	68	53	64	178	40	3.158722
61	72	57	68	312	131	2.764994
64	75	60	71	29	182	1.423903
65	76	61	72	373	236	2.316582
70	81	66	77	173	272	2.804773
