start1	end1	start2	end2	frag1	frag2	frag_rmsd
52	63	53	64	48	155	3.138770
54	65	55	66	230	160	1.979840
56	67	57	68	141	95	1.602886
57	68	58	69	45	371	1.366556
