start1	end1	start2	end2	frag1	frag2	frag_rmsd
38	49	10	21	73	83	3.147417
39	50	11	22	13	327	2.936573
40	51	12	23	128	367	2.784997
