start1	end1	start2	end2	frag1	frag2	frag_rmsd
38	49	29	40	34	363	3.284685
66	77	66	77	343	2	1.502106
70	81	70	81	4	23	1.335798
77	88	77	88	103	6	2.355410
