start1	end1	start2	end2	frag1	frag2	frag_rmsd
29	40	37	48	375	367	2.523916
37	48	45	56	281	45	1.651716
38	49	46	57	70	179	2.491249
39	50	47	58	110	180	1.207298
