start1	end1	start2	end2	frag1	frag2	frag_rmsd
20	31	18	29	357	167	2.346777
32	43	30	41	363	250	2.347188
35	46	33	44	360	126	2.237959
63	74	63	74	395	42	2.168523
76	87	75	86	24	110	1.015908
79	90	78	89	91	151	2.263245
81	92	80	91	84	360	1.521872
84	95	83	94	42	126	2.008935
94	105	93	104	74	318	2.154001
99	110	98	109	126	322	2.289807
