start1	end1	start2	end2	frag1	frag2	frag_rmsd
46	57	42	53	126	84	1.909341
64	75	59	70	375	300	2.169523
67	78	62	73	64	247	2.636218
68	79	63	74	48	262	2.274893
70	81	65	76	112	138	3.231930
72	83	67	78	229	21	2.030465
73	84	68	79	301	71	2.996809
76	87	71	82	389	348	2.657845
77	88	72	83	28	246	2.083931
78	89	73	84	38	138	2.473026
