start1	end1	start2	end2	frag1	frag2	frag_rmsd
21	32	20	31	92	2	2.738010
22	33	21	32	194	369	1.775960
24	35	23	34	388	45	1.950228
25	36	24	35	179	118	2.651788
26	37	25	36	17	251	1.487591
27	38	26	37	319	279	1.889850
28	39	27	38	354	228	2.187212
31	42	30	41	229	390	2.341461
33	44	32	43	29	171	2.510623
36	47	35	46	58	192	1.504351
