start1	end1	start2	end2	frag1	frag2	frag_rmsd
6	17	3	14	37	127	1.685836
7	18	4	15	273	16	1.325929
8	19	5	16	240	184	1.274780
9	20	6	17	216	196	1.905582
11	22	8	19	271	338	1.431102
12	23	9	20	294	277	2.827017
13	24	10	21	228	283	2.662883
15	26	12	23	50	332	3.323123
20	31	17	28	122	337	3.131304
68	79	56	67	109	354	1.258230
70	81	58	69	31	231	1.286233
78	89	66	77	0	16	0.775259
132	143	115	126	318	203	2.348379
137	148	120	131	99	160	2.486686
180	191	164	175	127	16	1.158335
