start1	end1	start2	end2	frag1	frag2	frag_rmsd
14	25	26	37	111	4	0.994513
21	32	33	44	180	18	1.503133
41	52	53	64	327	336	3.187930
70	81	82	93	180	338	1.985909
73	84	85	96	189	355	3.055860
108	119	120	131	16	127	1.158335
110	121	122	133	18	338	1.332509
139	150	153	164	16	0	0.775259
140	151	154	165	127	0	0.813264
182	193	196	207	359	354	2.244567
185	196	199	210	327	306	3.239205
186	197	200	211	367	59	2.032515
188	199	202	213	46	222	3.030653
228	239	239	250	225	68	2.476200
230	241	241	252	281	309	3.255616
240	251	251	262	59	367	2.032515
242	253	253	264	98	393	2.507349
243	254	254	265	262	171	2.758530
246	257	257	268	369	194	1.775960
249	260	260	271	4	111	0.994513
265	276	276	287	141	51	1.428009
272	283	283	294	0	16	0.775259
273	284	284	295	16	0	0.775259
279	290	290	301	318	151	2.401869
282	293	293	304	389	322	2.292898
283	294	294	305	158	84	2.726643
284	295	295	306	357	392	2.035569
285	296	296	307	248	360	3.051493
286	297	297	308	392	84	2.236722
287	298	298	309	74	318	2.154001
288	299	299	310	360	126	2.237959
