start1	end1	start2	end2	frag1	frag2	frag_rmsd
14	25	26	37	111	4	0.994513
21	32	33	44	180	18	1.503133
41	52	53	64	327	336	3.187930
70	81	82	93	180	338	1.985909
73	84	85	96	189	355	3.055860
108	119	120	131	16	127	1.158335
110	121	122	133	18	338	1.332509
139	150	153	164	16	0	0.775259
140	151	154	165	127	0	0.813264
