start1	end1	start2	end2	frag1	frag2	frag_rmsd
16	27	25	36	392	132	1.839294
45	56	60	71	398	74	3.044837
53	64	68	79	91	272	2.404085
68	79	84	95	132	107	2.350722
69	80	85	96	132	360	2.169218
