start1	end1	start2	end2	frag1	frag2	frag_rmsd
37	48	37	48	318	389	2.785520
80	91	73	84	100	277	1.693324
82	93	75	86	232	6	1.900358
106	117	99	110	132	357	1.964894
107	118	100	111	389	323	2.182032
108	119	101	112	28	73	2.597259
118	129	111	122	126	356	2.644557
119	130	112	123	126	84	1.909341
137	148	127	138	218	296	3.087577
138	149	128	139	372	343	2.617812
139	150	129	140	53	176	2.615884
140	151	130	141	90	72	2.571062
183	194	173	184	174	97	2.041055
185	196	175	186	143	178	1.650270
186	197	176	187	395	318	2.216742
187	198	177	188	132	360	2.169218
225	236	206	217	126	395	1.849402
226	237	207	218	132	357	1.964894
227	238	208	219	126	322	2.289807
229	240	210	221	61	158	2.386508
240	251	222	233	322	158	2.437978
242	253	224	235	126	392	1.978049
262	273	243	254	91	298	2.033592
268	279	249	260	2	343	1.502106
