start1	end1	start2	end2	frag1	frag2	frag_rmsd
9	20	31	42	2	86	1.884148
17	28	39	50	398	226	2.805966
20	31	42	53	266	329	2.739298
27	38	49	60	258	389	2.040431
36	47	58	69	74	241	3.162308
39	50	61	72	150	50	3.229899
42	53	64	75	347	268	2.598705
82	93	104	115	201	311	2.767802
83	94	105	116	48	256	2.637503
84	95	106	117	229	362	3.096653
85	96	107	118	315	272	2.717818
89	100	111	122	309	89	1.629779
103	114	125	136	299	30	3.574895
104	115	126	137	373	58	3.203529
137	148	157	168	105	169	1.732125
138	149	158	169	251	110	1.356883
143	154	163	174	66	95	1.609657
151	162	171	182	33	294	2.272830
167	178	187	198	127	149	1.616553
172	183	192	203	113	252	1.744519
174	185	194	205	171	262	2.758530
176	187	196	207	193	138	2.309416
178	189	198	209	227	141	1.668724
203	214	223	234	188	144	1.413047
216	227	236	247	328	374	3.142440
229	240	249	260	389	158	2.036257
234	245	254	265	292	82	2.425930
265	276	284	295	28	329	2.589986
275	286	294	305	235	338	2.509048
278	289	297	308	252	355	2.067600
282	293	301	312	351	176	2.600279
285	296	304	315	369	192	2.809420
286	297	305	316	227	22	2.276264
291	302	310	321	149	87	1.474472
303	314	322	333	328	329	2.430959
309	320	328	339	190	125	2.408132
311	322	330	341	241	147	1.629783
314	325	333	344	121	196	1.241736
315	326	334	345	188	144	1.413047
329	340	348	359	171	108	2.315758
347	358	366	377	111	27	1.266595
356	367	375	386	16	0	0.775259
373	384	392	403	178	392	1.899502
388	399	407	418	0	16	0.775259
410	421	429	440	164	363	1.880850
425	436	444	455	136	347	2.515518
464	475	483	494	123	223	1.416700
465	476	484	495	4	70	1.352136
467	478	486	497	249	251	1.059141
472	483	491	502	141	95	1.602886
480	491	499	510	127	0	0.813264
486	497	505	516	385	256	2.772588
487	498	506	517	200	156	3.188571
489	500	508	519	250	29	3.021097
490	501	509	520	308	349	2.936461
491	502	510	521	19	40	3.013999
492	503	511	522	163	391	2.193995
496	507	515	526	239	215	1.429311
504	515	523	534	184	121	1.193672
520	531	539	550	31	192	2.998028
524	535	543	554	355	307	2.511192
525	536	544	555	298	370	2.125343
527	538	546	557	61	322	1.532523
530	541	549	560	140	391	2.255408
532	543	551	562	274	358	2.773524
533	544	552	563	274	364	1.999522
536	547	555	566	227	141	1.668724
556	567	575	586	296	55	3.026279
558	569	577	588	190	326	2.057006
563	574	582	593	376	129	1.562683
577	588	596	607	288	232	2.068787
578	589	597	608	256	164	2.413952
