start1	end1	start2	end2	frag1	frag2	frag_rmsd
24	35	26	37	95	66	1.609657
54	65	56	67	196	0	1.046929
55	66	57	68	27	0	0.813956
58	69	60	71	77	149	2.821879
59	70	61	72	77	380	2.239592
61	72	63	74	376	93	2.792367
63	74	65	76	171	255	3.542155
64	75	66	77	189	398	2.824691
68	79	70	81	51	141	1.428009
80	91	82	93	359	295	2.633742
88	99	90	101	0	16	0.775259
124	135	126	137	23	27	1.068713
134	145	136	147	33	100	2.701198
174	185	175	186	0	35	1.003458
175	186	176	187	188	35	1.339917
181	192	182	193	65	66	2.012778
