start1	end1	start2	end2	frag1	frag2	frag_rmsd
65	76	66	77	163	391	2.193995
67	78	68	79	182	263	2.907105
70	81	71	82	92	378	2.698621
72	83	73	84	54	301	3.091302
77	88	78	89	322	360	1.453720
78	89	79	90	126	360	2.237959
79	90	80	91	313	61	2.398675
