start1	end1	start2	end2	frag1	frag2	frag_rmsd
15	26	15	26	234	358	2.686912
22	33	22	33	251	191	3.153850
23	34	23	34	388	104	3.344577
25	36	25	36	156	263	2.527505
33	44	33	44	358	92	2.902689
41	52	41	52	152	73	2.865449
42	53	42	53	152	332	3.286408
43	54	43	54	332	59	4.229681
49	60	49	60	253	178	2.074688
55	66	55	66	342	234	2.805291
63	74	63	74	311	234	2.778769
70	81	70	81	298	253	2.223505
90	101	90	101	150	332	2.960658
91	102	91	102	261	59	3.077335
93	104	93	104	314	252	3.047322
103	114	103	114	257	39	2.376784
106	117	106	117	346	193	2.594440
107	118	107	118	90	265	2.096142
109	120	109	120	277	214	3.103451
110	121	110	121	134	311	2.904282
111	122	111	122	335	6	1.971828
113	124	113	124	334	174	2.642144
114	125	114	125	205	165	2.675090
115	126	115	126	183	331	2.314556
117	128	117	128	370	395	2.639038
119	130	119	130	297	187	2.474313
120	131	120	131	373	246	2.083918
125	136	125	136	3	331	2.648256
129	140	129	140	152	73	2.865449
130	141	130	141	332	152	3.286408
132	143	132	143	261	59	3.077335
138	149	138	149	57	383	2.505220
149	160	149	160	90	289	2.511995
151	162	151	162	311	243	1.853647
158	169	158	169	298	253	2.223505
