start1	end1	start2	end2	frag1	frag2	frag_rmsd
27	38	9	20	258	61	1.652270
38	49	20	31	356	132	2.067486
41	52	23	34	360	322	1.453720
42	53	24	35	126	84	1.909341
49	60	31	42	341	260	2.508913
54	65	36	47	183	331	2.314556
56	67	38	49	39	151	2.940242
60	71	42	53	126	322	2.289807
62	73	44	55	360	322	1.453720
63	74	45	56	360	126	2.237959
64	75	46	57	389	313	2.390236
68	79	50	61	78	48	3.446361
69	80	51	62	301	342	2.307304
120	131	103	114	374	176	2.511074
121	132	104	115	58	28	2.871135
125	136	108	119	189	134	2.650643
130	141	113	124	45	353	1.252194
153	164	136	147	84	360	1.521872
