start1	end1	start2	end2	frag1	frag2	frag_rmsd
91	102	77	88	174	331	1.879546
95	106	81	92	126	61	2.069075
97	108	83	94	28	329	2.589986
117	128	117	128	169	118	2.120396
124	135	124	135	167	151	2.485552
149	160	165	176	389	61	1.926015
151	162	167	178	38	329	2.609070
