start1	end1	start2	end2	frag1	frag2	frag_rmsd
3	14	6	17	61	322	1.532523
11	22	14	25	298	253	2.223505
21	32	24	35	284	369	3.189876
51	62	54	65	274	96	3.035045
52	63	55	66	83	20	2.024528
53	64	56	67	327	59	2.076427
58	69	61	72	389	258	2.040431
70	81	73	84	162	116	3.188256
76	87	79	90	174	222	2.234287
80	91	83	94	198	80	2.497363
106	117	109	120	178	91	1.731687
109	120	112	123	10	40	1.570300
115	126	118	129	191	51	2.831934
123	134	126	137	84	57	2.559962
153	164	157	168	258	360	2.306964
