start1	end1	start2	end2	frag1	frag2	frag_rmsd
127	138	111	122	40	357	2.500053
128	139	112	123	391	248	2.056378
131	142	115	126	379	391	2.465700
132	143	116	127	373	379	3.344001
154	165	129	140	378	54	3.319877
155	166	130	141	253	178	2.074688
156	167	131	142	29	379	2.690963
160	171	135	146	253	155	2.769031
162	173	137	148	274	236	1.789125
166	177	141	152	281	179	2.644974
189	200	159	170	96	274	3.035045
