start1	end1	start2	end2	frag1	frag2	frag_rmsd
8	19	1	12	357	132	1.964894
11	22	4	15	126	360	2.237959
18	29	11	22	393	375	2.214683
20	31	13	24	178	157	2.103654
21	32	14	25	57	132	1.551260
28	39	21	32	322	356	2.017159
31	42	24	35	395	126	1.849402
48	59	41	52	248	258	2.636532
49	60	42	53	357	187	2.719249
50	61	43	54	357	10	2.250248
51	62	44	55	248	68	2.645435
52	63	45	56	392	255	2.478791
53	64	46	57	198	356	3.533634
54	65	47	58	158	310	2.602228
58	69	51	62	132	42	2.640108
77	88	70	81	61	322	1.532523
80	91	73	84	391	167	2.154784
82	93	75	86	349	92	2.990949
83	94	76	87	263	342	2.508454
84	95	77	88	92	378	2.698621
85	96	78	89	204	253	2.513767
86	97	79	90	163	370	2.628991
91	102	84	95	390	378	2.617645
