start1	end1	start2	end2	frag1	frag2	frag_rmsd
9	20	9	20	129	225	2.985670
17	28	17	28	170	0	1.959205
36	47	36	47	357	183	2.467299
37	48	37	48	395	248	1.997362
40	51	40	51	80	258	2.273429
45	56	45	56	365	375	1.934439
83	94	83	94	68	191	2.038373
85	96	85	96	19	160	3.003024
88	99	88	99	301	388	3.509788
