start1	end1	start2	end2	frag1	frag2	frag_rmsd
3	14	2	13	25	338	1.152231
4	15	3	14	161	69	1.879688
7	18	6	17	396	223	2.481038
16	27	15	26	304	103	3.603980
26	37	25	36	127	368	1.781241
27	38	26	37	16	260	1.076875
41	52	40	51	35	0	1.003458
55	66	54	65	54	174	2.729182
59	70	58	69	357	10	2.250248
61	72	60	71	274	286	2.640733
63	74	62	73	194	231	2.031382
