start1	end1	start2	end2	frag1	frag2	frag_rmsd
20	31	19	30	368	144	1.335465
21	32	20	31	284	235	2.316448
25	36	24	35	174	363	2.440306
26	37	25	36	178	3	2.441931
47	58	41	52	346	43	2.303453
78	89	73	84	377	100	1.241297
81	92	76	87	156	164	1.408711
115	126	123	134	51	95	1.563872
116	127	124	135	123	45	1.488609
