start1	end1	start2	end2	frag1	frag2	frag_rmsd
21	32	22	33	0	35	1.003458
26	37	27	38	294	288	3.063095
29	40	30	41	81	351	2.583979
30	41	31	42	86	309	2.383501
32	43	33	44	67	51	2.684189
34	45	35	46	111	169	1.734636
35	46	36	47	273	260	1.686527
36	47	37	48	184	170	1.844017
37	48	38	49	121	196	1.241736
79	90	80	91	196	37	1.126710
81	92	82	93	260	240	2.228724
84	95	85	96	276	369	1.368954
109	120	110	121	338	166	1.595083
121	132	122	133	56	329	2.670926
123	134	124	135	276	369	1.368954
