start1	end1	start2	end2	frag1	frag2	frag_rmsd
14	25	15	26	127	0	0.813264
15	26	16	27	16	0	0.775259
53	64	54	65	69	110	2.136480
106	117	110	121	16	0	0.775259
