start1	end1	start2	end2	frag1	frag2	frag_rmsd
69	80	74	85	16	0	0.775259
105	116	108	119	380	287	1.753020
110	121	113	124	356	57	1.996521
111	122	114	125	386	323	2.469135
133	144	133	144	203	392	2.667348
134	145	134	145	374	162	2.026859
138	149	138	149	371	45	1.366556
157	168	157	168	92	204	2.213959
158	169	158	169	379	323	2.385592
159	170	159	170	68	73	2.957185
161	172	161	172	138	292	2.059222
173	184	172	183	178	143	1.650270
174	185	173	184	395	318	2.216742
175	186	174	185	318	203	2.348379
190	201	191	202	255	178	1.895190
193	204	194	205	360	84	1.521872
235	246	233	244	357	392	2.035569
240	251	238	249	378	14	2.892557
242	253	240	251	112	182	3.589709
244	255	242	253	19	163	2.650989
251	262	249	260	4	111	0.994513
301	312	325	336	322	126	2.289807
315	326	339	350	16	240	1.850213
