start1	end1	start2	end2	frag1	frag2	frag_rmsd
72	83	85	96	389	313	2.390236
73	84	86	97	28	162	1.560721
74	85	87	98	96	329	1.925419
75	86	88	99	20	83	2.024528
95	106	108	119	25	338	1.152231
109	120	121	132	96	13	1.738752
