start1	end1	start2	end2	frag1	frag2	frag_rmsd
23	34	20	31	100	161	0.978809
30	41	27	38	318	107	2.418216
34	45	31	42	329	38	2.609070
47	58	44	55	188	368	1.404624
49	60	46	57	377	277	1.951425
71	82	68	79	35	0	1.003458
73	84	70	81	260	284	1.981488
80	91	77	88	91	57	2.021486
81	92	78	89	132	107	2.350722
88	99	85	96	17	251	1.487591
90	101	87	98	208	339	2.951955
91	102	88	99	173	298	3.246915
92	103	89	100	143	272	2.353076
120	131	117	128	16	0	0.775259
122	133	119	130	196	0	1.046929
124	135	121	132	166	118	2.028517
146	157	143	154	51	15	2.489994
149	160	146	157	149	60	1.545532
280	291	201	212	27	0	0.813956
295	306	216	227	99	51	3.082774
297	308	218	229	66	240	1.969179
299	310	220	231	111	44	2.561213
301	312	222	233	149	188	1.382009
302	313	223	234	18	25	1.880110
307	318	228	239	30	230	1.728147
308	319	229	240	112	131	2.361165
309	320	230	241	229	390	2.341461
311	322	232	243	29	262	2.255448
313	324	234	245	28	53	3.521263
315	326	236	247	225	326	2.488373
319	330	240	251	295	354	1.529198
328	339	249	260	114	239	2.524293
329	340	250	261	89	138	3.254190
332	343	253	264	65	223	2.551652
338	349	259	270	0	170	1.959205
341	352	262	273	184	16	1.241286
362	373	283	294	60	169	1.967618
367	378	288	299	296	212	3.063980
368	379	289	300	372	202	2.168379
377	388	298	309	39	97	2.692864
380	391	301	312	395	318	2.216742
385	396	306	317	78	234	2.319677
391	402	312	323	105	118	2.291669
393	404	314	325	104	233	2.407098
394	405	315	326	307	93	2.669688
397	408	318	329	208	178	1.931564
398	409	319	330	316	57	2.064021
399	410	320	331	84	158	2.726643
