start1	end1	start2	end2	frag1	frag2	frag_rmsd
3	14	11	22	108	281	2.580083
7	18	15	26	390	78	2.515234
