start1	end1	start2	end2	frag1	frag2	frag_rmsd
27	38	27	38	337	303	4.323595
28	39	28	39	202	119	3.129238
29	40	29	40	129	376	1.562683
30	41	30	41	396	65	2.073749
31	42	31	42	223	371	1.695846
32	43	32	43	111	23	1.303435
33	44	33	44	0	27	0.813956
41	52	41	52	277	235	1.734496
46	57	46	57	174	54	2.729182
47	58	47	58	178	349	2.466717
155	166	142	153	235	277	1.734496
157	168	144	155	232	355	2.143807
163	174	150	161	167	374	2.251345
185	196	168	179	88	232	2.547907
186	197	169	180	256	164	2.413952
187	198	170	181	222	174	2.234287
188	199	171	182	208	57	2.152129
199	210	185	196	174	342	2.548424
200	211	186	197	174	301	2.796572
232	243	234	245	16	0	0.775259
235	246	237	248	0	16	0.775259
236	247	238	249	35	0	1.003458
237	248	239	250	35	127	1.273794
238	249	240	251	350	16	2.000042
239	250	241	252	16	184	1.241286
241	252	243	254	217	273	2.005378
242	253	244	255	16	184	1.241286
243	254	245	256	184	121	1.193672
244	255	246	257	196	27	1.059651
245	256	247	258	278	0	2.028020
246	257	248	259	184	0	1.197355
247	258	249	260	121	0	0.992640
300	311	309	320	174	133	1.804231
