start1	end1	start2	end2	frag1	frag2	frag_rmsd
2	13	3	14	4	111	0.994513
7	18	8	19	346	339	3.479435
23	34	24	35	108	252	3.299251
24	35	25	36	337	385	3.786426
27	38	28	39	32	237	2.615781
29	40	30	41	47	43	3.791511
30	41	31	42	370	113	2.888775
34	45	35	46	107	126	2.640432
42	53	43	54	375	365	1.934439
44	55	45	56	398	29	2.328114
48	59	49	60	335	306	3.497958
63	74	64	75	76	118	1.975835
71	82	72	83	111	70	1.984381
74	85	75	86	149	87	1.474472
76	87	77	88	319	264	1.327043
110	121	111	122	16	0	0.775259
114	125	115	126	319	279	1.889850
115	126	116	127	295	354	1.529198
124	135	125	136	368	127	1.781241
131	142	132	143	97	334	3.084971
140	151	141	152	167	239	2.383832
165	176	166	177	57	132	1.551260
192	203	193	204	208	331	2.833187
210	221	211	222	33	288	1.743390
214	225	215	226	302	165	2.626395
231	242	232	243	134	335	1.552550
292	303	293	304	80	72	3.047606
306	317	307	318	396	227	2.329098
328	339	329	340	258	74	2.771739
335	346	336	347	274	152	2.290286
368	379	369	380	201	280	1.864047
389	400	390	401	33	288	1.743390
396	407	397	408	356	392	2.525602
438	449	439	450	280	103	1.955594
439	450	440	451	230	333	2.013015
440	451	441	452	195	21	3.499928
459	470	460	471	338	25	1.152231
460	471	461	472	100	69	1.602674
464	475	465	476	145	30	2.939674
466	477	467	478	51	22	1.833239
468	479	469	480	23	4	1.335798
477	488	478	489	103	333	3.127807
486	497	487	498	0	16	0.775259
488	499	489	500	0	121	0.992640
489	500	490	501	0	196	1.046929
490	501	491	502	87	368	1.849840
496	507	497	508	299	352	2.856319
508	519	509	520	365	363	2.484110
509	520	510	521	262	29	2.255448
512	523	513	524	225	207	1.967256
514	525	515	526	71	339	2.715677
516	527	517	528	398	226	2.805966
517	528	518	529	398	173	2.666717
519	530	520	531	293	246	2.307992
520	531	521	532	96	13	1.738752
523	534	524	535	269	254	3.216623
527	538	528	539	154	398	2.760865
529	540	530	541	53	343	2.763546
530	541	531	542	43	225	2.352954
534	545	535	546	16	127	1.158335
535	546	536	547	60	149	1.545532
536	547	537	548	60	12	1.701483
541	552	542	553	334	113	3.486019
