start1	end1	start2	end2	frag1	frag2	frag_rmsd
4	15	4	15	84	126	1.909341
28	39	28	39	161	100	0.978809
33	44	33	44	54	379	2.066468
35	46	35	46	320	309	2.947880
36	47	36	47	320	344	3.343698
44	55	44	55	282	259	2.499811
59	70	59	70	368	149	1.387412
62	73	62	73	52	295	2.563711
63	74	63	74	338	201	2.628320
65	76	65	76	104	377	1.491193
68	79	68	79	157	57	2.214777
70	81	70	81	84	360	1.521872
80	91	80	91	111	4	0.994513
84	95	84	95	0	127	0.813264
85	96	85	96	0	16	0.775259
86	97	86	97	0	49	1.806828
87	98	87	98	188	87	1.255021
89	100	89	100	100	161	0.978809
93	104	93	104	174	97	2.041055
94	105	94	105	54	302	1.822938
99	110	99	110	61	176	2.931227
100	111	100	111	313	7	3.136900
101	112	101	112	140	58	2.200384
103	114	103	114	234	342	2.805291
104	115	104	115	48	182	2.414366
106	117	106	117	136	193	1.585201
134	145	133	144	214	304	3.744505
136	147	135	146	355	256	3.141144
139	150	138	149	236	299	1.995469
140	151	139	150	2	72	2.187701
142	153	141	152	141	51	1.428009
145	156	144	155	0	16	0.775259
146	157	145	156	127	16	1.158335
147	158	146	157	149	87	1.474472
148	159	147	158	149	25	2.140871
149	160	148	159	77	79	2.104037
151	162	150	161	311	93	2.591588
152	163	151	162	6	113	2.758204
156	167	155	166	143	74	2.114755
159	170	158	169	10	247	2.806417
160	171	159	170	191	358	3.302683
162	173	161	172	292	160	2.571253
164	175	163	174	141	65	2.029741
165	176	164	175	371	147	1.829059
166	177	165	176	111	23	1.303435
167	178	166	177	0	121	0.992640
168	179	167	178	0	121	0.992640
188	199	188	199	216	121	1.107965
191	202	191	202	161	235	1.099262
199	210	199	210	343	207	2.291251
200	211	200	211	225	326	2.488373
206	217	206	217	273	340	2.637148
209	220	209	220	27	111	1.266595
216	227	216	227	338	25	1.152231
217	228	217	228	100	161	0.978809
226	237	226	237	0	16	0.775259
228	239	228	239	0	127	0.813264
229	240	229	240	0	16	0.775259
230	241	230	241	0	170	1.959205
231	242	231	242	0	196	1.046929
232	243	232	243	0	273	1.419073
233	244	233	244	0	184	1.197355
234	245	234	245	0	121	0.992640
235	246	235	246	0	16	0.775259
236	247	236	247	0	127	0.813264
237	248	237	248	0	16	0.775259
263	274	263	274	38	329	2.609070
264	275	264	275	117	213	2.137352
267	278	267	278	97	3	2.451993
269	280	269	280	351	211	3.164557
274	285	274	285	224	4	1.600329
275	286	275	286	184	0	1.197355
276	287	276	287	121	0	0.992640
277	288	277	288	27	0	0.813956
