start1	end1	start2	end2	frag1	frag2	frag_rmsd
73	84	68	79	379	198	2.896183
74	85	69	80	248	357	1.838513
75	86	70	81	80	392	2.526476
76	87	71	82	74	318	2.154001
79	90	74	85	114	162	1.980808
80	91	75	86	56	309	2.165861
81	92	76	87	346	1	1.971244
98	109	94	105	301	183	2.802658
100	111	96	107	57	157	2.214777
117	128	112	123	0	16	0.775259
118	129	113	124	0	16	0.775259
119	130	114	125	0	60	1.639067
131	142	127	138	126	198	2.710825
164	175	157	168	287	41	1.672245
165	176	158	169	311	243	1.853647
166	177	159	170	256	201	2.397156
168	179	161	172	54	174	2.729182
169	180	162	173	57	178	1.951934
170	181	163	174	107	57	2.508886
171	182	164	175	360	84	1.521872
174	185	167	178	7	198	2.925963
176	187	169	180	275	78	2.564950
177	188	170	181	276	213	3.207881
183	194	176	187	23	111	1.303435
184	195	177	188	0	27	0.813956
189	200	182	193	235	161	1.099262
190	201	183	194	277	33	2.543323
196	207	189	200	80	392	2.526476
199	210	192	203	360	322	1.453720
201	212	194	205	106	360	2.403800
202	213	195	206	395	126	1.849402
203	214	196	207	392	360	2.657878
204	215	197	208	132	126	2.227804
205	216	198	209	360	61	1.959112
206	217	199	210	389	374	2.460334
207	218	200	211	246	329	2.836035
208	219	201	212	96	83	1.987429
209	220	202	213	20	327	2.071002
261	272	247	258	292	32	2.035472
262	273	248	259	276	369	1.368954
270	281	256	267	161	235	1.099262
277	288	263	274	187	74	3.251216
293	304	278	289	0	127	0.813264
294	305	279	290	0	16	0.775259
296	307	281	292	0	196	1.046929
297	308	282	293	0	273	1.419073
