start1	end1	start2	end2	frag1	frag2	frag_rmsd
52	63	41	52	274	358	2.773524
75	86	64	75	2	328	1.547551
77	88	66	77	51	95	1.563872
78	89	67	78	371	11	2.438266
80	91	69	80	284	41	2.164096
81	92	70	81	44	79	2.999741
83	94	72	83	219	376	2.632382
86	97	75	86	27	111	1.266595
109	120	97	108	311	119	2.491373
113	124	101	112	12	169	2.879771
118	129	106	117	388	11	2.864817
127	138	115	126	191	73	3.007741
128	139	116	127	292	138	2.059222
133	144	121	132	184	16	1.241286
