start1	end1	start2	end2	frag1	frag2	frag_rmsd
25	36	25	36	102	304	3.556342
27	38	27	38	128	335	3.395526
28	39	28	39	159	199	4.437578
29	40	29	40	142	332	3.661873
33	44	33	44	285	120	2.293388
35	46	35	46	19	202	3.047819
37	48	37	48	55	148	1.769837
38	49	38	49	71	255	2.201151
