start1	end1	start2	end2	frag1	frag2	frag_rmsd
38	49	51	62	200	375	3.058529
63	74	89	100	176	162	2.557893
64	75	90	101	38	329	2.609070
68	79	94	105	160	230	1.979840
69	80	95	106	345	31	1.281039
70	81	96	107	141	66	2.244852
100	111	154	165	95	141	1.602886
106	117	160	171	0	127	0.813264
107	118	161	172	0	16	0.775259
109	120	163	174	0	196	1.046929
131	142	183	194	167	158	1.812316
133	144	185	196	56	138	1.966884
149	160	201	212	6	232	1.900358
151	162	203	214	174	363	2.440306
