start1	end1	start2	end2	frag1	frag2	frag_rmsd
2	13	3	14	61	322	1.532523
5	16	6	17	38	138	2.473026
7	18	8	19	195	32	1.944403
29	40	30	41	176	343	3.059252
30	41	31	42	176	207	2.783500
31	42	32	43	53	326	2.460151
32	43	33	44	89	216	2.255267
44	55	45	56	216	371	1.502072
96	107	90	101	94	5	1.412501
101	112	95	106	217	0	1.425276
106	117	100	111	33	93	2.502357
123	134	117	128	0	35	1.003458
138	149	130	141	126	42	2.008935
142	153	134	145	343	328	1.513701
150	161	142	153	149	188	1.382009
152	163	144	155	69	377	1.451916
155	166	147	158	337	219	2.788891
196	207	182	193	132	74	2.503655
197	208	183	194	61	374	2.524894
198	209	184	195	389	198	2.304197
