start1	end1	start2	end2	frag1	frag2	frag_rmsd
22	33	40	51	319	62	1.833671
26	37	44	55	141	369	2.433557
27	38	45	56	261	268	2.624343
28	39	46	57	70	160	2.513107
29	40	47	58	224	231	2.681529
31	42	49	60	27	111	1.266595
60	71	78	89	57	173	2.731170
61	72	79	90	215	374	2.387500
62	73	80	91	328	343	1.513701
63	74	81	92	292	372	3.152132
65	76	83	94	227	51	2.546879
66	77	84	95	223	123	1.416700
69	80	87	98	251	180	1.423305
103	114	120	131	0	16	0.775259
