start1	end1	start2	end2	frag1	frag2	frag_rmsd
79	90	53	64	210	215	2.059582
80	91	54	65	56	329	2.670926
81	92	55	66	292	117	2.762161
87	98	61	72	397	15	1.948758
88	99	62	73	15	89	2.198231
126	137	99	110	35	0	1.003458
