start1	end1	start2	end2	frag1	frag2	frag_rmsd
5	16	5	16	300	367	3.208377
10	21	10	21	84	360	1.521872
28	39	28	39	326	225	2.488373
44	55	43	54	392	178	1.899502
46	57	45	56	126	84	1.909341
47	58	46	57	357	61	2.416361
55	66	54	65	356	316	2.665484
56	67	55	66	360	322	1.453720
57	68	56	67	360	84	1.521872
80	91	78	89	322	126	2.289807
103	114	101	112	34	324	2.516852
147	158	145	156	181	376	3.336328
148	159	146	157	181	93	2.886996
168	179	168	179	387	154	3.114350
