start1	end1	start2	end2	frag1	frag2	frag_rmsd
16	27	16	27	177	390	2.707335
20	31	20	31	370	302	2.412534
24	35	24	35	61	258	1.652270
30	41	30	41	365	375	1.934439
32	43	32	43	226	91	2.048829
33	44	33	44	248	395	1.997362
59	70	57	68	33	294	2.272830
73	84	71	82	147	45	1.713468
74	85	72	83	23	4	1.335798
93	104	90	101	141	227	1.668724
94	105	91	102	45	223	1.647681
96	107	93	104	16	0	0.775259
97	108	94	105	121	0	0.992640
