start1	end1	start2	end2	frag1	frag2	frag_rmsd
13	24	13	24	293	167	1.284317
21	32	21	32	0	16	0.775259
24	35	24	35	0	16	0.775259
29	40	29	40	188	35	1.339917
96	107	111	122	258	391	2.417334
97	108	112	123	248	386	2.891023
98	109	113	124	80	183	2.396931
99	110	114	125	297	8	3.428263
100	111	115	126	187	272	3.460648
101	112	116	127	148	208	2.551325
102	113	117	128	255	248	2.386358
103	114	118	129	91	356	2.966574
104	115	119	130	356	360	2.206112
105	116	120	131	356	126	2.644557
113	124	128	139	107	57	2.508886
