start1	end1	start2	end2	frag1	frag2	frag_rmsd
16	27	11	22	164	34	2.524144
17	28	12	23	302	133	2.836895
66	77	62	73	235	277	1.734496
