start1	end1	start2	end2	frag1	frag2	frag_rmsd
7	18	14	25	13	266	1.425161
29	40	34	45	378	358	2.874418
30	41	35	46	234	358	2.686912
31	42	36	47	48	361	2.719634
32	43	37	48	48	14	2.518260
33	44	38	49	358	48	3.244800
34	45	39	50	292	274	2.697813
35	46	40	51	304	102	3.556342
37	48	42	53	128	390	2.944982
38	49	43	54	120	324	2.723047
39	50	44	55	212	285	3.746982
48	59	53	64	191	22	2.706449
49	60	54	65	268	274	2.562781
56	67	61	72	0	127	0.813264
80	91	84	95	213	117	2.137352
90	101	94	105	141	51	1.428009
91	102	95	106	123	371	1.899626
107	118	110	121	38	329	2.609070
109	120	112	123	78	390	2.515234
114	125	117	128	258	203	2.291121
117	128	120	131	43	326	2.228664
143	154	147	158	91	107	2.649081
144	155	148	159	157	316	2.679901
160	171	164	175	369	177	2.952384
173	184	177	188	51	15	2.489994
