start1	end1	start2	end2	frag1	frag2	frag_rmsd
16	27	15	26	121	0	0.992640
17	28	16	27	368	127	1.781241
59	70	50	61	118	149	1.094155
60	71	51	62	251	24	1.701363
