start1	end1	start2	end2	frag1	frag2	frag_rmsd
6	17	8	19	100	235	1.231875
9	20	11	22	63	171	3.101650
