start1	end1	start2	end2	frag1	frag2	frag_rmsd
1	12	1	12	248	84	2.774836
4	15	4	15	360	322	1.453720
5	16	5	16	360	84	1.521872
6	17	6	17	126	61	2.069075
67	78	108	119	16	0	0.775259
69	80	110	121	87	368	1.849840
70	81	111	122	24	18	1.529172
71	82	112	123	279	49	1.758674
73	84	114	125	172	287	3.576543
79	90	120	131	8	285	3.612948
80	91	121	132	143	370	2.441360
81	92	122	133	187	140	2.242707
82	93	123	134	391	54	2.548109
84	95	125	136	54	91	2.270861
90	101	131	142	132	178	2.174432
