start1	end1	start2	end2	frag1	frag2	frag_rmsd
24	35	21	32	250	349	3.416743
25	36	22	33	8	331	2.506271
46	57	43	54	80	258	2.273429
51	62	48	59	367	59	2.032515
54	65	51	62	331	302	2.430370
56	67	53	64	126	395	1.849402
65	76	62	73	151	318	2.401869
68	79	65	76	322	360	1.453720
71	82	68	79	360	322	1.453720
72	83	69	80	126	42	2.008935
111	122	109	120	221	301	2.892481
115	126	113	124	258	357	1.886183
