start1	end1	start2	end2	frag1	frag2	frag_rmsd
16	27	16	27	126	360	2.237959
17	28	17	28	61	126	2.069075
44	55	44	55	57	322	2.446228
47	58	47	58	329	138	3.133921
64	75	64	75	245	94	1.654793
74	85	74	85	307	294	2.981011
76	87	76	87	349	236	2.677930
79	90	79	90	275	22	2.910979
81	92	81	92	129	224	2.608637
83	94	83	94	223	216	2.223151
93	104	93	104	172	280	3.162962
98	109	98	109	202	142	3.084444
100	111	100	111	286	268	1.937654
103	114	103	114	95	66	1.609657
106	117	106	117	27	0	0.813956
147	158	145	156	40	198	1.579973
148	159	146	157	391	80	2.405700
151	162	149	160	372	344	2.247971
153	164	151	162	181	175	3.612940
154	165	152	163	214	321	3.237109
159	170	157	168	98	112	2.830390
160	171	158	169	156	200	3.188571
171	182	169	180	268	85	2.843272
193	204	191	202	188	166	1.839547
197	208	195	206	103	256	2.482641
200	211	198	209	11	71	3.666338
201	212	199	210	12	226	3.397737
202	213	200	211	154	398	2.760865
207	218	205	216	367	375	2.523916
209	220	207	218	174	133	1.804231
213	224	211	222	152	155	3.294148
214	225	212	223	274	152	2.290286
228	239	226	237	25	338	1.152231
236	247	234	245	226	208	2.686596
243	254	241	252	343	89	2.975827
245	256	243	254	148	207	3.087205
280	291	279	290	127	35	1.273794
281	292	280	291	144	166	1.768288
284	295	283	294	288	232	2.068787
292	303	291	302	215	68	2.637702
306	317	305	316	180	251	1.423305
307	318	306	317	41	287	1.672245
308	319	307	318	88	311	2.062164
309	320	308	319	201	6	2.321672
313	324	312	323	74	297	2.608031
320	331	319	330	295	44	1.924792
338	349	337	348	323	316	2.822707
362	373	361	372	363	164	1.880850
363	374	362	373	133	363	1.994719
366	377	365	376	84	126	1.909341
381	392	380	391	27	0	0.813956
387	398	386	397	156	164	1.408711
389	400	388	399	54	272	2.666404
411	422	410	421	368	127	1.781241
415	426	414	425	144	201	2.736298
417	428	416	427	362	21	2.743604
418	429	417	428	208	71	2.491031
