start1	end1	start2	end2	frag1	frag2	frag_rmsd
4	15	2	13	313	74	2.543058
9	20	7	18	375	367	2.523916
11	22	9	20	298	285	2.888822
39	50	34	45	55	21	2.054944
40	51	35	46	388	214	2.708895
