start1	end1	start2	end2	frag1	frag2	frag_rmsd
3	14	4	15	126	84	1.909341
15	26	16	27	57	143	2.304628
42	53	45	56	90	95	2.879727
45	56	48	59	119	377	3.336484
68	79	71	82	228	268	3.095981
82	93	85	96	164	365	2.534748
83	94	86	97	174	133	1.804231
84	95	87	98	54	331	2.439269
85	96	88	99	143	379	2.468075
87	98	90	101	86	89	2.921993
122	133	125	136	121	0	0.992640
134	145	137	148	179	307	3.176086
151	162	154	165	223	123	1.416700
177	188	180	191	291	396	2.756078
200	211	203	214	322	132	1.945705
225	236	228	239	273	0	1.419073
237	248	240	251	161	100	0.978809
248	259	251	262	92	10	1.712565
256	267	259	270	223	396	2.481038
