start1	end1	start2	end2	frag1	frag2	frag_rmsd
5	16	15	26	371	45	1.366556
6	17	16	27	111	4	0.994513
35	46	45	56	184	326	2.250308
36	47	46	57	216	65	2.680001
56	67	66	77	27	0	0.813956
60	71	70	81	0	12	2.575342
61	72	71	82	0	184	1.197355
62	73	72	83	188	87	1.255021
64	75	74	85	235	79	2.273249
66	77	76	87	232	93	2.165914
