start1	end1	start2	end2	frag1	frag2	frag_rmsd
19	30	16	27	157	39	2.759277
20	31	17	28	357	331	3.289281
24	35	21	32	356	84	1.970757
35	46	33	44	395	54	2.541594
36	47	34	45	132	57	1.551260
37	48	35	46	356	84	1.970757
38	49	36	47	356	84	1.970757
54	65	54	65	377	277	1.951425
72	83	73	84	273	0	1.419073
73	84	74	85	16	0	0.775259
74	85	75	86	121	0	0.992640
75	86	76	87	27	0	0.813956
