start1	end1	start2	end2	frag1	frag2	frag_rmsd
27	38	25	36	358	130	2.067353
30	41	28	39	129	65	2.521098
31	42	29	40	65	223	2.551652
32	43	30	41	371	111	2.158258
47	58	45	56	351	318	3.448167
48	59	46	57	158	84	2.726643
53	64	51	62	376	129	1.562683
58	69	56	67	203	151	3.084596
59	70	57	68	297	203	2.332825
60	71	58	69	122	7	2.510319
66	77	64	75	173	74	2.685678
68	79	66	77	40	38	2.653770
70	81	68	79	191	85	2.474521
93	104	100	111	127	149	1.616553
94	105	101	112	118	180	1.359643
95	106	102	113	251	168	2.205779
97	108	104	115	354	290	2.353313
98	109	105	116	160	136	1.910361
101	112	108	119	394	45	1.792183
102	113	109	120	179	118	2.651788
105	116	112	123	359	354	2.244567
110	121	117	128	105	169	1.732125
112	123	119	130	377	69	1.451916
114	125	121	132	103	366	2.392940
115	126	122	133	336	201	3.034432
122	133	129	140	23	111	1.303435
123	134	130	141	27	0	0.813956
140	151	147	158	316	383	2.436672
151	162	159	170	330	59	2.244902
156	167	164	175	286	152	2.137580
157	168	165	176	172	38	2.710375
161	172	169	180	29	97	2.744655
162	173	170	181	302	157	1.373132
190	201	199	210	146	163	2.035090
192	203	201	212	178	392	1.899502
209	220	220	231	132	270	2.960624
210	221	221	232	61	374	2.524894
211	222	222	233	198	211	2.273368
215	226	226	237	128	330	2.625531
219	230	230	241	218	250	3.143706
221	232	232	243	372	351	3.368496
223	234	234	245	89	15	2.198231
224	235	235	246	371	216	1.502072
226	237	237	248	16	260	1.076875
229	240	240	251	251	110	1.356883
230	241	241	252	104	165	3.151778
231	242	242	253	366	387	2.734881
233	244	244	255	230	160	1.979840
235	246	246	257	129	141	2.508890
236	247	247	258	396	394	2.782183
244	255	255	266	0	35	1.003458
