start1	end1	start2	end2	frag1	frag2	frag_rmsd
43	54	31	42	178	357	2.306823
59	70	48	59	132	322	1.945705
61	72	50	61	61	258	1.652270
62	73	51	62	374	389	2.460334
75	86	65	76	91	298	2.033592
81	92	71	82	126	74	2.701927
86	97	76	87	216	45	1.903162
87	98	77	88	111	4	0.994513
102	113	94	105	178	253	2.074688
103	114	95	106	84	57	2.559962
123	134	123	134	345	195	2.125554
126	137	126	137	105	4	1.644032
128	139	128	139	76	118	1.975835
133	144	133	144	142	310	3.494132
134	145	134	145	140	310	3.331833
135	146	135	146	146	255	2.717476
136	147	136	147	182	209	3.542343
138	149	138	149	202	2	2.509539
144	155	144	155	184	0	1.197355
151	162	151	162	160	333	2.412519
157	168	157	168	16	0	0.775259
158	169	158	169	16	0	0.775259
174	185	170	181	94	0	2.174593
175	186	171	182	94	35	1.741150
176	187	172	183	94	368	2.306554
179	190	175	186	294	307	2.981011
180	191	176	187	335	262	2.820973
182	193	178	189	30	86	3.276537
188	199	184	195	18	260	1.686863
202	213	198	209	180	251	1.423305
204	215	200	211	208	307	2.658720
218	229	214	225	346	192	2.698629
220	231	216	227	281	85	2.862147
224	235	220	231	208	174	3.044976
226	237	222	233	107	356	1.430031
228	239	224	235	42	126	2.008935
231	242	227	238	126	84	1.909341
246	257	244	255	51	141	1.428009
