start1	end1	start2	end2	frag1	frag2	frag_rmsd
14	25	14	25	362	168	1.985841
15	26	15	26	183	47	2.875500
44	55	37	48	307	47	2.971121
45	56	38	49	151	146	3.066723
46	57	39	50	302	39	2.674435
47	58	40	51	178	331	2.377337
49	60	42	53	392	143	2.200380
69	80	63	74	28	329	2.589986
70	81	64	75	358	102	2.219381
71	82	65	76	213	181	2.005427
105	116	93	104	38	358	2.528073
109	120	97	108	57	272	2.547597
110	121	98	109	392	84	2.236722
112	123	100	111	61	258	1.652270
113	124	101	112	389	293	2.078620
130	141	118	129	203	296	3.036304
134	145	122	133	9	181	2.710060
135	146	123	134	129	252	3.521532
139	150	127	138	397	346	2.308866
140	151	128	139	396	95	2.153849
141	152	129	140	147	45	1.713468
142	153	130	141	4	111	0.994513
143	154	131	142	27	0	0.813956
144	155	132	143	16	0	0.775259
146	157	134	145	118	149	1.094155
149	160	137	148	93	88	2.435273
153	164	141	152	194	31	2.133963
154	165	142	153	141	66	2.244852
157	168	145	156	180	25	2.193725
165	176	153	164	262	63	2.896692
182	193	170	181	312	58	2.499082
227	238	227	238	36	214	2.435610
231	242	231	242	47	46	2.909541
