start1	end1	start2	end2	frag1	frag2	frag_rmsd
29	40	28	39	392	42	2.128589
31	42	30	41	126	318	2.511599
32	43	31	42	215	258	2.499323
34	45	33	44	83	117	1.919939
35	46	34	45	330	358	3.076728
36	47	35	46	333	390	3.552772
37	48	36	47	159	171	3.376048
38	49	37	48	135	206	2.279882
39	50	38	49	397	197	2.844258
81	92	78	89	84	322	1.955336
83	94	80	91	61	360	1.959112
84	95	81	92	322	360	1.453720
85	96	82	93	215	61	2.716918
86	97	83	94	162	239	2.363423
87	98	84	95	38	329	2.609070
88	99	85	96	130	117	2.630877
122	133	119	130	323	167	1.943224
123	134	120	131	92	58	2.238939
124	135	121	132	112	191	3.596074
125	136	122	133	281	268	2.328089
128	139	125	136	129	66	2.969271
129	140	126	137	51	371	1.963017
130	141	127	138	353	36	1.560245
131	142	128	139	217	4	1.467713
136	147	133	144	33	321	2.658565
143	154	140	151	318	107	2.418216
146	157	143	154	28	158	2.314039
164	175	161	172	260	16	1.076875
165	176	162	173	170	0	1.959205
166	177	163	174	37	196	1.126710
168	179	165	176	235	338	2.509048
170	181	167	178	93	33	2.502357
246	257	243	254	67	151	3.148822
