start1	end1	start2	end2	frag1	frag2	frag_rmsd
31	42	32	43	25	149	2.140871
32	43	33	44	359	77	2.382337
64	75	65	76	25	338	1.152231
77	88	78	89	106	360	2.403800
80	91	81	92	198	114	2.372330
81	92	82	93	334	258	3.300328
118	129	119	130	65	95	2.348324
121	132	122	133	127	0	0.813264
131	142	132	143	0	27	0.813956
