start1	end1	start2	end2	frag1	frag2	frag_rmsd
67	78	53	64	31	259	3.053847
68	79	54	65	265	208	3.430653
69	80	55	66	71	208	2.491031
71	82	57	68	208	132	2.303221
98	109	70	81	215	313	2.543151
101	112	73	84	128	390	2.944982
102	113	74	85	365	361	2.392314
103	114	75	86	314	262	3.515621
110	121	82	93	262	285	3.461850
112	123	84	95	38	19	2.252345
114	125	86	97	390	78	2.515234
117	128	89	100	151	157	2.684703
124	135	96	107	262	398	2.884132
