start1	end1	start2	end2	frag1	frag2	frag_rmsd
2	13	5	16	107	151	2.864918
20	31	23	34	322	360	1.453720
59	70	64	75	365	363	2.484110
61	72	66	77	57	107	2.508886
66	77	71	82	28	40	1.916230
67	78	72	83	358	38	2.528073
69	80	74	85	361	112	3.296315
70	81	75	86	301	342	2.307304
71	82	76	87	298	174	2.958851
72	83	77	88	57	178	1.951934
73	84	78	89	126	356	2.644557
74	85	79	90	360	84	1.521872
75	86	80	91	61	258	1.652270
76	87	81	92	313	239	2.359216
82	93	87	98	364	108	2.869193
84	95	89	100	43	64	3.841449
85	96	90	101	289	155	3.813418
86	97	91	102	11	3	2.991060
87	98	92	103	124	362	2.182590
