start1	end1	start2	end2	frag1	frag2	frag_rmsd
54	65	34	45	322	61	1.532523
134	145	106	117	126	395	1.849402
135	146	107	118	322	132	1.945705
138	149	110	121	360	126	2.237959
139	150	111	122	126	360	2.237959
