start1	end1	start2	end2	frag1	frag2	frag_rmsd
18	29	27	38	143	253	2.438522
21	32	30	41	395	42	2.168523
25	36	34	45	28	215	2.173200
30	41	39	50	314	393	2.541582
82	93	84	95	90	289	2.511995
85	96	87	98	283	359	2.495380
97	108	98	109	312	131	2.764994
98	109	99	110	378	229	1.841616
