start1	end1	start2	end2	frag1	frag2	frag_rmsd
5	16	21	32	184	0	1.197355
7	18	23	34	0	35	1.003458
15	26	31	42	66	95	1.609657
18	29	34	45	368	127	1.781241
32	43	48	59	127	27	1.019607
35	46	51	62	196	27	1.059651
38	49	54	65	24	12	1.462726
41	52	57	68	151	107	2.864918
43	54	59	70	322	389	2.292898
48	59	64	75	183	247	2.956963
51	62	67	78	148	331	2.779127
57	68	73	84	323	389	2.182032
63	74	79	90	285	98	3.120625
66	77	82	93	334	14	3.195834
68	79	84	95	3	302	2.726615
69	80	85	96	91	57	2.021486
70	81	86	97	57	356	1.996521
74	85	90	101	68	190	2.378621
75	86	91	102	206	308	1.972609
104	115	123	134	181	214	2.950031
105	116	124	135	335	48	2.158443
122	133	144	155	322	360	1.453720
123	134	145	156	258	126	2.311822
126	137	148	159	191	96	3.273524
148	159	170	181	316	248	2.344338
150	161	172	183	198	106	2.191348
151	162	173	184	293	389	2.078620
158	169	180	191	203	162	2.837552
200	211	208	219	22	51	1.833239
208	219	216	227	277	41	1.800987
213	224	221	232	143	218	2.049999
217	228	225	236	204	10	2.009667
229	240	237	248	161	235	1.099262
237	248	245	256	80	84	3.362015
238	249	246	257	318	313	2.326547
242	253	250	261	192	78	2.516625
243	254	251	262	214	85	2.252746
248	259	256	267	262	3	3.090472
251	262	259	270	207	43	2.180942
255	266	263	274	273	127	1.542975
257	268	265	276	121	0	0.992640
258	269	266	277	27	0	0.813956
273	284	286	297	163	247	1.946979
280	291	293	304	4	23	1.335798
292	303	305	316	348	162	2.624541
294	305	307	318	176	1	2.742328
303	314	316	327	277	381	2.847991
304	315	317	328	283	101	2.199898
309	320	322	333	0	16	0.775259
329	340	342	353	382	264	3.364087
331	342	344	355	82	138	2.373469
332	343	345	356	195	177	2.959332
