start1	end1	start2	end2	frag1	frag2	frag_rmsd
23	34	22	33	141	51	1.428009
69	80	69	80	174	301	2.796572
70	81	70	81	57	91	2.021486
71	82	71	82	157	356	2.870994
