start1	end1	start2	end2	frag1	frag2	frag_rmsd
70	81	66	77	188	87	1.255021
71	82	67	78	18	24	1.529172
76	87	72	83	331	174	1.879546
80	91	76	87	187	40	2.485770
85	96	81	92	331	14	2.663108
86	97	82	93	323	29	2.895201
87	98	83	94	274	236	1.789125
126	137	143	154	132	248	2.493342
131	142	148	159	38	92	2.065054
144	155	161	172	0	16	0.775259
146	157	163	174	0	196	1.046929
158	169	175	186	25	338	1.152231
160	171	177	188	321	33	2.658565
161	172	178	189	339	355	3.306220
162	173	179	190	252	113	1.744519
