start1	end1	start2	end2	frag1	frag2	frag_rmsd
60	71	55	66	3	302	2.726615
84	95	78	89	128	59	2.692989
86	97	80	91	63	385	3.990097
