start1	end1	start2	end2	frag1	frag2	frag_rmsd
2	13	2	13	374	386	2.195278
9	20	9	20	41	380	1.363415
55	66	48	59	97	363	1.939160
57	68	50	61	178	57	1.951934
104	115	91	102	239	293	2.280486
107	118	94	105	276	195	1.460134
