start1	end1	start2	end2	frag1	frag2	frag_rmsd
91	102	50	61	376	9	2.546357
92	103	51	62	376	129	1.562683
93	104	52	63	394	223	1.646543
94	105	53	64	394	147	2.672883
95	106	54	65	4	23	1.335798
96	107	55	66	188	368	1.404624
99	110	58	69	288	33	1.743390
