start1	end1	start2	end2	frag1	frag2	frag_rmsd
82	93	81	92	208	255	1.969801
88	99	87	98	329	38	2.609070
96	107	95	106	45	353	1.252194
97	108	96	107	169	105	1.732125
98	109	97	108	18	180	1.503133
101	112	100	111	93	14	2.993530
