start1	end1	start2	end2	frag1	frag2	frag_rmsd
12	23	14	25	235	161	1.099262
15	26	17	28	280	385	2.491078
17	28	19	30	231	194	2.031382
41	52	43	54	277	100	1.693324
44	55	46	57	385	156	2.695774
45	56	47	58	109	81	2.962508
46	57	48	59	261	138	2.494118
54	65	56	67	188	368	1.404624
