start1	end1	start2	end2	frag1	frag2	frag_rmsd
19	30	16	27	84	356	1.970757
68	79	52	63	178	357	2.306823
93	104	72	83	167	162	2.657010
98	109	77	88	363	393	3.168032
102	113	81	92	322	360	1.453720
113	124	94	105	57	132	1.551260
115	126	96	107	322	126	2.289807
116	127	97	108	258	313	2.044899
