start1	end1	start2	end2	frag1	frag2	frag_rmsd
33	44	10	21	320	73	2.671755
90	101	58	69	79	380	1.921925
94	105	62	73	174	179	3.171522
98	109	66	77	107	318	2.418216
120	131	88	99	157	218	2.398060
122	133	90	101	28	10	2.196024
123	134	91	102	40	2	2.406057
124	135	92	103	58	155	2.905168
125	136	93	104	205	55	2.529426
126	137	94	105	388	241	2.709475
150	161	118	129	386	374	2.195278
151	162	119	130	86	80	2.813168
152	163	120	131	125	207	2.298237
153	164	121	132	90	148	3.369318
155	166	123	134	77	359	2.382337
156	167	124	135	119	372	3.184701
159	170	127	138	223	123	1.416700
160	171	128	139	111	4	0.994513
179	190	144	155	84	356	1.970757
228	239	180	191	178	357	2.306823
253	264	200	211	167	162	2.657010
258	269	205	216	363	393	3.168032
262	273	209	220	322	360	1.453720
