start1	end1	start2	end2	frag1	frag2	frag_rmsd
15	26	17	28	60	169	1.967618
18	29	20	31	154	124	2.667896
19	30	21	32	295	162	3.178064
20	31	22	33	122	99	3.251304
26	37	28	39	272	3	2.548933
28	39	30	41	198	74	3.018816
33	44	35	46	84	258	2.915962
37	48	39	50	360	84	1.521872
39	50	41	52	61	258	1.652270
41	52	43	54	329	7	2.127910
51	62	53	64	162	351	2.473278
65	76	67	78	5	26	2.797243
75	86	77	88	302	91	2.022399
120	131	121	132	258	357	1.886183
122	133	123	134	148	318	2.921868
139	150	143	154	111	4	0.994513
140	151	144	155	121	0	0.992640
141	152	145	156	27	0	0.813956
149	160	153	164	170	287	1.992976
153	164	157	168	208	301	3.595820
154	165	158	169	91	298	2.033592
156	167	160	171	42	316	2.676032
158	169	162	173	10	329	2.738393
159	170	163	174	130	344	2.207961
161	172	165	176	9	181	2.710060
173	184	178	189	197	230	3.429194
174	185	179	190	53	231	2.836637
175	186	180	191	72	90	2.571062
177	188	182	193	315	381	3.051232
178	189	183	194	325	307	2.398407
229	240	235	246	174	331	1.879546
230	241	236	247	54	57	2.433783
232	243	238	249	318	61	2.627923
247	258	259	270	16	35	1.607878
248	259	260	271	0	35	1.003458
254	265	266	277	164	256	2.413952
