start1	end1	start2	end2	frag1	frag2	frag_rmsd
15	26	15	26	348	173	2.362281
16	27	16	27	187	211	2.157363
20	31	20	31	209	297	2.490138
23	34	23	34	327	117	2.673967
33	44	33	44	71	255	2.201151
45	56	45	56	357	132	1.964894
98	109	98	109	97	157	2.683104
122	133	122	133	365	393	2.281657
143	154	143	154	126	360	2.237959
158	169	158	169	375	393	2.214683
162	173	162	173	389	258	2.040431
168	179	168	179	349	263	2.146382
171	182	171	182	183	379	2.366043
197	208	197	208	132	178	2.174432
