start1	end1	start2	end2	frag1	frag2	frag_rmsd
15	26	15	26	358	117	2.136260
16	27	16	27	390	78	2.515234
17	28	17	28	301	361	2.339875
19	30	19	30	302	253	2.427313
22	33	22	33	258	61	1.652270
23	34	23	34	293	167	1.284317
28	39	28	39	314	365	3.190201
44	55	44	55	114	185	2.618176
53	64	53	64	298	91	2.033592
60	71	60	71	248	357	1.838513
95	106	95	106	222	168	2.604344
97	108	97	108	146	182	3.224594
125	136	125	136	393	250	2.576258
126	137	126	137	285	222	2.219445
141	152	141	152	378	229	1.841616
155	166	155	166	235	161	1.099262
171	182	170	181	395	379	2.439526
