start1	end1	start2	end2	frag1	frag2	frag_rmsd
3	14	5	16	360	322	1.453720
10	21	12	23	55	148	1.769837
17	28	19	30	393	250	2.576258
18	29	20	31	171	272	3.545879
21	32	23	34	125	207	2.298237
24	35	26	37	27	111	1.266595
37	48	39	50	331	97	2.080183
46	57	48	59	289	15	3.117307
52	63	54	65	311	330	3.485176
61	72	63	74	371	111	2.158258
69	80	71	82	338	25	1.152231
73	84	75	86	164	363	1.880850
76	87	78	89	395	322	2.883785
77	88	79	90	158	126	2.723694
88	99	90	101	288	304	3.294945
98	109	100	111	207	1	1.582075
103	114	105	116	0	35	1.003458
111	122	113	124	64	47	2.923718
130	141	132	143	17	69	1.740406
138	149	140	151	230	30	1.728147
160	171	162	173	321	377	2.684501
161	172	163	174	232	93	2.165914
164	175	166	177	57	97	2.871700
165	176	167	178	84	302	3.261039
166	177	168	179	208	392	2.373540
180	191	182	193	296	55	3.026279
184	195	186	197	181	139	3.391212
215	226	217	228	156	256	2.527395
218	229	220	231	255	3	2.650042
219	230	221	232	80	398	3.860205
221	232	223	234	198	106	2.191348
222	233	224	235	310	215	3.063778
224	235	226	237	185	176	3.165386
225	236	227	238	299	351	2.013905
226	237	228	239	50	210	3.428664
241	252	243	254	347	65	2.308913
242	253	244	255	197	305	3.193270
245	256	247	258	76	43	3.536614
282	293	284	295	360	322	1.453720
284	295	286	297	126	84	1.909341
290	301	292	303	190	148	2.500916
293	304	295	306	41	287	1.672245
296	307	298	309	340	333	2.739439
312	323	314	325	347	65	2.308913
313	324	315	326	137	197	2.494610
315	326	317	328	371	241	2.038166
318	329	320	331	127	0	0.813264
320	331	322	333	184	0	1.197355
327	338	329	340	91	302	2.022399
328	339	330	341	318	74	2.154001
329	340	331	342	126	158	2.723694
335	346	337	348	286	114	2.964443
369	380	371	382	158	61	2.386508
371	382	373	384	293	391	2.396353
372	383	374	385	312	92	2.438767
391	402	393	404	387	334	3.421813
396	407	398	409	361	390	2.592892
397	408	399	410	361	314	2.885015
400	411	402	413	370	379	2.763094
403	414	405	416	84	57	2.559962
412	423	414	425	225	326	2.488373
415	426	417	428	359	79	2.929854
419	430	421	432	394	123	1.831961
450	461	456	467	198	126	2.710825
453	464	459	470	56	28	2.669292
455	466	461	472	194	225	1.011234
