start1	end1	start2	end2	frag1	frag2	frag_rmsd
10	21	10	21	43	1	2.128343
27	38	27	38	40	246	2.347780
29	40	29	40	152	358	2.955362
34	45	34	45	45	371	1.366556
46	57	46	57	322	379	2.785664
63	74	63	74	223	45	1.647681
64	75	64	75	111	23	1.303435
69	80	69	80	35	245	2.065446
70	81	70	81	94	5	1.412501
83	94	84	95	379	158	2.555747
85	96	86	97	176	74	2.724529
89	100	90	101	56	274	2.377615
114	125	115	126	179	222	2.819390
123	134	124	135	343	2	1.502106
124	135	125	136	58	225	1.979801
129	140	130	141	165	172	2.937124
130	141	131	142	210	228	3.111175
133	144	134	145	304	300	3.563590
134	145	135	146	375	393	2.214683
162	173	160	171	322	360	1.453720
178	189	176	187	206	153	2.010158
201	212	200	211	369	276	1.368954
217	228	216	227	283	101	2.199898
218	229	217	228	256	156	2.527395
219	230	218	229	222	156	2.042465
221	232	220	231	208	178	1.931564
235	246	234	245	336	304	2.812236
238	249	237	248	199	286	2.983576
264	275	263	274	205	272	3.028554
267	278	266	277	203	318	2.348379
274	285	273	284	308	246	2.593362
286	297	286	297	380	172	2.777624
290	301	290	301	77	142	3.687820
