start1	end1	start2	end2	frag1	frag2	frag_rmsd
21	32	32	43	125	397	2.152504
99	110	89	100	185	208	3.132386
100	111	90	101	142	185	3.586885
102	113	92	103	117	92	3.270062
105	116	95	106	8	331	2.506271
150	161	126	137	185	74	3.393445
151	162	127	138	187	198	2.496295
152	163	128	139	210	10	2.873571
153	164	129	140	213	247	2.620636
156	167	132	143	302	331	2.430370
157	168	133	144	178	54	2.265003
159	170	135	146	40	349	3.067019
160	171	136	147	10	391	2.250856
172	183	148	159	310	74	3.194705
174	185	150	161	162	198	2.305391
175	186	151	162	210	140	3.336763
176	187	152	163	117	247	3.215085
178	189	154	165	301	342	2.307304
179	190	155	166	298	331	2.671131
180	191	156	167	383	253	2.587207
181	192	157	168	379	151	2.133956
182	193	158	169	40	349	3.067019
183	194	159	170	10	357	2.250248
209	220	183	194	40	349	3.067019
210	221	184	195	10	391	2.250856
215	226	189	200	320	358	3.466047
216	227	190	201	13	117	2.375734
217	228	191	202	213	276	3.207881
218	229	192	203	14	200	3.222879
220	231	194	205	3	310	2.712558
237	248	206	217	40	349	3.067019
238	249	207	218	10	357	2.250248
239	250	208	219	391	395	2.221324
241	252	210	221	370	246	2.748381
245	256	214	225	14	229	2.682356
246	257	215	226	189	97	2.906468
262	273	233	244	391	42	2.281049
264	275	235	246	391	357	1.962426
267	278	238	249	92	373	2.613988
270	281	241	252	48	32	3.473488
272	283	243	254	3	63	3.117989
274	285	245	256	310	334	2.654164
293	304	263	274	391	357	1.962426
294	305	264	275	183	178	1.884271
299	310	269	280	14	48	2.518260
303	314	273	284	310	334	2.654164
304	315	274	285	246	209	2.800286
317	328	289	300	91	302	2.022399
318	329	290	301	318	316	2.200800
319	330	291	302	126	74	2.701927
320	331	292	303	357	258	1.886183
364	375	345	356	92	40	1.759016
