start1	end1	start2	end2	frag1	frag2	frag_rmsd
2	13	1	12	357	318	2.179797
5	16	4	15	318	379	2.886744
14	25	13	24	395	107	2.432305
16	27	15	26	248	395	1.997362
17	28	16	27	143	203	2.143008
22	33	21	32	26	371	1.310295
24	35	23	34	144	166	1.768288
25	36	24	35	338	161	2.232406
32	43	31	42	10	40	1.570300
37	48	36	47	395	126	1.849402
48	59	47	58	357	258	1.886183
56	67	55	66	275	32	2.536594
67	78	66	77	219	337	2.788891
70	81	69	80	113	370	2.888775
73	84	72	83	84	356	1.970757
74	85	73	84	258	61	1.652270
75	86	74	85	167	389	1.584191
76	87	75	86	373	28	2.536956
78	89	77	88	150	117	2.233273
92	103	90	101	112	172	3.151947
98	109	96	107	42	316	2.676032
106	117	104	115	57	107	2.508886
115	126	113	124	375	367	2.523916
121	132	119	130	167	389	1.584191
131	142	129	140	258	126	2.311822
132	143	130	141	167	313	2.555667
141	152	139	150	158	162	2.720135
147	158	145	156	323	297	1.891877
153	164	151	162	272	133	3.327040
154	165	152	163	107	356	1.430031
155	166	153	164	360	84	1.521872
165	176	163	174	252	221	2.706345
166	177	164	175	226	298	2.107868
185	196	183	194	187	328	2.633297
192	203	190	201	253	331	1.801250
193	204	191	202	54	370	2.155444
195	206	193	204	395	151	2.369932
196	207	194	205	143	157	2.115800
198	209	196	207	73	329	2.227621
204	215	202	213	57	107	2.508886
205	216	203	214	84	360	1.521872
216	227	214	225	91	54	2.270861
228	239	226	237	316	157	2.679901
231	242	229	240	322	132	1.945705
233	244	231	242	162	313	2.591497
234	245	232	243	328	28	2.829249
235	246	233	244	92	38	2.065054
236	247	234	245	78	342	2.611060
239	250	237	248	7	47	2.790183
240	251	238	249	117	50	2.595024
241	252	239	250	336	304	2.812236
264	275	263	274	151	253	2.347071
265	276	264	275	395	253	3.014187
282	293	281	292	210	228	3.111175
286	297	285	296	361	300	2.667794
291	302	290	301	395	42	2.168523
293	304	292	303	167	386	2.284802
295	306	294	305	190	326	2.057006
296	307	295	306	81	89	2.076888
298	309	297	308	358	282	3.659498
299	310	298	309	277	287	1.480842
341	352	339	350	61	360	1.959112
345	356	343	354	344	343	2.610830
346	357	344	355	207	58	2.282401
348	359	346	357	287	214	2.750648
376	387	374	385	198	392	2.724956
377	388	375	386	74	80	2.193283
378	389	376	387	176	351	2.600279
