start1	end1	start2	end2	frag1	frag2	frag_rmsd
14	25	19	30	178	357	2.306823
16	27	21	32	84	392	2.236722
26	37	31	42	84	322	1.955336
42	53	46	57	157	302	1.373132
43	54	47	58	57	91	2.021486
49	60	53	64	293	215	2.617928
56	67	60	71	325	298	2.268278
58	69	62	73	379	248	1.639302
59	70	63	74	80	392	2.526476
95	106	81	92	392	357	2.035569
232	243	126	137	293	73	2.790553
233	244	127	138	152	96	3.340467
256	267	151	162	57	392	2.274546
257	268	152	163	74	126	2.701927
258	269	153	164	162	167	2.657010
261	272	156	167	163	64	2.102946
277	288	172	183	84	322	1.955336
293	304	191	202	73	210	2.056321
324	335	219	230	393	365	2.281657
325	336	220	231	272	302	2.325891
353	364	250	261	162	296	2.783193
355	366	252	263	140	58	2.200384
387	398	286	297	210	162	2.752910
391	402	290	301	367	300	3.208377
392	403	291	302	300	361	2.667794
393	404	292	303	314	222	2.759478
420	431	309	320	392	143	2.200380
436	447	323	334	313	258	2.044899
