start1	end1	start2	end2	frag1	frag2	frag_rmsd
25	36	20	31	158	392	2.916314
38	49	36	47	231	95	2.883359
106	117	103	114	121	216	1.107965
107	118	104	115	27	111	1.266595
124	135	121	132	331	272	2.775539
129	140	126	137	360	248	3.051493
148	159	143	154	16	0	0.775259
152	163	147	158	16	0	0.775259
162	173	157	168	298	91	2.033592
163	174	158	169	91	132	2.241050
165	176	160	171	348	61	2.472281
170	181	165	176	306	261	3.285434
215	226	210	221	133	302	2.836895
217	228	212	223	74	167	3.299370
221	232	216	227	239	185	2.749889
223	234	218	229	210	68	3.036326
227	238	222	233	261	59	3.077335
230	241	225	236	221	164	3.191143
231	242	226	237	182	29	1.423903
233	244	228	239	145	86	1.664823
234	245	229	240	125	225	2.024259
254	265	249	260	322	360	1.453720
256	267	251	262	28	187	2.636312
