start1	end1	start2	end2	frag1	frag2	frag_rmsd
197	208	241	252	0	16	0.775259
236	247	287	298	239	389	2.206659
237	248	288	299	374	215	2.387500
239	250	290	301	205	334	2.027607
242	253	293	304	75	214	2.776051
243	254	294	305	354	358	3.071152
244	255	295	306	82	336	2.722974
249	260	300	311	302	165	2.626395
250	261	301	312	74	392	2.779359
256	267	307	318	310	140	3.331833
