start1	end1	start2	end2	frag1	frag2	frag_rmsd
3	14	3	14	57	356	1.996521
7	18	7	18	126	357	2.400813
23	34	23	34	126	395	1.849402
27	38	27	38	270	74	2.419552
29	40	29	40	343	328	1.513701
30	41	30	41	207	58	2.282401
44	55	43	54	53	398	3.536177
45	56	44	55	175	239	3.919467
47	58	46	57	213	330	3.372750
50	61	49	60	364	46	2.858318
52	63	51	62	58	43	3.010099
57	68	56	67	44	119	2.044452
58	69	57	68	276	376	2.642037
66	77	65	76	151	91	2.263245
68	79	67	78	322	84	1.955336
86	97	84	95	157	316	2.679901
121	132	122	133	57	107	2.508886
123	134	124	135	322	357	2.219787
124	135	125	136	126	389	2.201165
141	152	142	153	357	10	2.250248
158	169	157	168	56	188	3.898267
161	172	160	171	294	339	2.275774
206	217	190	201	183	357	2.467299
211	222	195	206	297	162	2.762471
256	267	219	230	211	348	2.148105
279	290	240	251	378	88	2.803925
280	291	241	252	301	146	2.719791
285	296	246	257	360	322	1.453720
298	309	267	278	313	389	2.390236
344	355	297	308	371	95	2.542504
348	359	301	312	127	0	0.813264
349	360	302	313	87	188	1.255021
350	361	303	314	24	25	2.346644
353	364	306	317	298	307	3.042097
354	365	307	318	253	151	2.347071
355	366	308	319	57	302	2.286634
356	367	309	320	42	84	2.426355
357	368	310	321	357	322	2.219787
363	374	316	327	7	329	2.127910
368	379	321	332	397	105	2.709777
394	405	335	346	148	265	2.538074
395	406	336	347	189	286	3.098272
396	407	337	348	299	282	3.143333
397	408	338	349	2	372	2.761195
400	411	341	352	45	123	1.488609
401	412	342	353	111	105	1.800114
404	415	345	356	49	104	2.713771
406	417	347	358	24	97	3.042521
407	418	348	359	302	362	1.914259
410	421	351	362	356	84	1.970757
411	422	352	363	322	360	1.453720
413	424	354	365	360	357	2.658914
415	426	356	367	42	392	2.128589
416	427	357	368	158	323	2.741083
417	428	358	369	239	293	2.280486
