start1	end1	start2	end2	frag1	frag2	frag_rmsd
2	13	2	13	322	126	2.289807
3	14	3	14	61	258	1.652270
43	54	45	56	294	33	2.272830
47	58	49	60	95	141	1.602886
95	106	108	119	360	322	1.453720
105	116	118	129	27	196	1.059651
106	117	119	130	0	27	0.813956
107	118	120	131	0	16	0.775259
