start1	end1	start2	end2	frag1	frag2	frag_rmsd
1	12	2	13	322	126	2.289807
102	113	126	137	338	18	1.332509
103	114	127	138	100	377	1.241297
105	116	129	140	232	366	2.061297
108	119	132	143	274	152	2.290286
110	121	134	145	194	346	1.855001
115	126	139	150	16	0	0.775259
116	127	140	151	16	121	1.372802
206	217	230	241	294	33	2.272830
210	221	234	245	95	141	1.602886
258	269	293	304	360	322	1.453720
268	279	303	314	27	196	1.059651
269	280	304	315	0	27	0.813956
270	281	305	316	0	16	0.775259
