start1	end1	start2	end2	frag1	frag2	frag_rmsd
93	104	93	104	174	178	2.867621
94	105	94	105	379	57	2.336006
102	113	102	113	373	39	2.559497
103	114	103	114	163	68	2.208242
104	115	104	115	155	114	3.375420
207	218	228	239	318	297	2.590663
