start1	end1	start2	end2	frag1	frag2	frag_rmsd
69	80	53	64	112	213	3.032604
113	124	82	93	2	343	1.502106
127	138	98	109	297	167	2.343013
130	141	101	112	186	358	2.904982
146	157	117	128	28	210	2.476754
147	158	118	129	13	117	2.375734
148	159	119	130	358	117	2.136260
149	160	120	131	390	361	2.592892
187	198	184	195	383	310	2.997578
188	199	185	196	165	374	3.396099
191	202	188	199	318	106	2.386148
193	204	190	201	357	208	2.490627
195	206	192	203	57	356	1.996521
