start1	end1	start2	end2	frag1	frag2	frag_rmsd
50	61	40	51	143	74	2.114755
51	62	41	52	107	356	1.430031
119	130	71	82	0	16	0.775259
120	131	72	83	0	16	0.775259
121	132	73	84	0	184	1.197355
122	133	74	85	35	184	1.806062
124	135	76	87	284	338	2.592032
125	136	77	88	287	277	1.480842
129	140	81	92	208	3	2.137017
135	146	87	98	211	203	1.857122
136	147	88	99	7	351	3.604796
197	208	146	157	27	121	1.355932
198	209	147	158	0	27	0.813956
228	239	180	191	56	329	2.670926
243	254	197	208	284	251	1.783480
253	264	207	218	176	114	1.989951
255	266	209	220	53	244	2.660406
320	331	299	310	235	100	1.231875
324	335	303	314	3	174	2.344203
327	338	306	317	360	318	2.599279
