start1	end1	start2	end2	frag1	frag2	frag_rmsd
8	19	31	42	241	45	2.171847
18	29	41	52	71	291	3.174784
22	33	45	56	177	282	3.355534
24	35	47	58	48	232	2.771896
27	38	50	61	208	143	2.184799
28	39	51	62	356	107	1.430031
29	40	52	63	84	258	2.915962
49	60	98	109	339	76	2.745218
50	61	99	110	339	154	2.724389
69	80	116	127	45	394	1.792183
70	81	117	128	4	123	1.970873
71	82	118	129	0	4	1.783926
75	86	122	133	0	35	1.003458
82	93	129	140	3	208	2.137017
86	97	133	144	167	126	2.697257
88	99	135	146	297	211	2.408413
89	100	136	147	351	7	3.604796
90	101	137	148	343	328	1.513701
91	102	138	149	225	192	2.126876
171	182	225	236	61	389	1.926015
178	189	232	243	223	123	1.416700
179	190	233	244	179	169	2.606904
183	194	237	248	153	206	2.010158
189	200	243	254	251	284	1.783480
191	202	245	256	307	88	2.822750
195	206	249	260	316	356	2.665484
196	207	250	261	84	74	2.819412
198	209	252	263	389	176	2.556364
199	210	253	264	158	176	2.838007
212	223	267	278	58	38	2.827557
250	261	304	315	126	167	2.697257
253	264	307	318	357	248	1.838513
269	280	329	340	54	248	2.082630
271	282	331	342	297	348	2.452514
273	284	333	344	13	266	1.425161
301	312	365	376	57	174	3.312263
311	322	375	386	331	316	2.657642
315	326	379	390	296	211	2.885790
329	340	393	404	100	235	1.231875
333	344	397	408	174	3	2.344203
336	347	400	411	318	360	2.599279
