start1	end1	start2	end2	frag1	frag2	frag_rmsd
37	48	32	43	172	215	3.314190
38	49	33	44	81	210	3.191441
39	50	34	45	38	50	3.055071
40	51	35	46	342	112	2.771983
74	85	69	80	125	237	2.751272
88	99	83	94	168	69	1.769267
104	115	101	112	55	265	2.502428
106	117	103	114	226	91	2.048829
107	118	104	115	226	107	3.451074
115	126	112	123	82	292	2.425930
133	144	129	140	343	106	3.183244
151	162	148	159	187	143	2.920199
179	190	180	191	171	98	2.880722
194	205	195	206	305	344	3.435754
196	207	197	208	85	214	2.252746
199	210	200	211	31	333	3.016909
200	211	201	212	81	66	2.571413
201	212	202	213	11	347	2.849687
202	213	203	214	397	231	1.991083
205	216	206	217	100	69	1.602674
263	274	263	274	60	184	1.862666
265	276	265	276	110	24	1.015908
267	278	267	278	387	228	1.467269
287	298	286	297	226	169	2.850649
292	303	291	302	146	378	2.332415
317	328	316	327	58	8	3.104091
319	330	318	329	71	255	2.201151
320	331	319	330	291	299	2.813710
379	390	378	389	164	285	2.359531
380	391	379	390	218	29	2.546996
385	396	384	395	342	234	2.805291
386	397	385	396	182	48	2.414366
389	400	388	399	330	59	2.244902
394	405	393	404	310	40	2.788884
397	408	396	407	142	115	3.133787
404	415	403	414	11	76	3.541647
406	417	405	416	296	372	2.302973
408	419	407	418	326	129	2.641751
412	423	411	422	0	27	0.813956
423	434	422	433	18	338	1.332509
425	436	424	435	75	288	2.996111
429	440	428	439	22	51	1.833239
432	443	431	442	184	0	1.197355
433	444	432	443	121	0	0.992640
434	445	433	444	27	0	0.813956
439	450	438	449	0	16	0.775259
453	464	452	463	91	3	2.746684
481	492	482	493	84	158	2.726643
529	540	524	535	368	245	1.282466
542	553	535	546	84	310	3.280810
544	555	537	548	258	80	2.273429
545	556	538	549	167	187	2.121763
551	562	544	555	127	87	1.661081
575	586	568	579	213	181	2.005427
579	590	572	583	345	231	1.953593
584	595	577	588	273	224	1.238802
592	603	585	596	223	147	1.957202
603	614	596	607	363	164	1.880850
604	615	597	608	272	302	2.325891
605	616	598	609	132	57	1.551260
607	618	600	611	357	360	2.658914
608	619	601	612	395	126	1.849402
612	623	605	616	326	225	2.488373
