start1	end1	start2	end2	frag1	frag2	frag_rmsd
27	38	27	38	51	396	1.709799
28	39	28	39	147	123	1.240679
35	46	35	46	287	41	1.672245
42	53	42	53	62	381	3.062305
62	73	62	73	17	251	1.487591
71	82	71	82	335	128	3.395526
72	83	72	83	280	65	3.140291
77	88	77	88	169	325	2.660518
78	89	78	89	151	24	3.057649
105	116	103	114	97	3	2.451993
106	117	104	115	157	310	3.174643
161	172	159	170	70	341	2.234815
162	173	160	171	202	372	2.168379
173	184	171	182	373	308	2.485033
174	185	172	183	343	2	1.502106
179	190	177	188	161	100	0.978809
186	197	184	195	396	227	2.329098
198	209	196	207	388	52	2.586999
223	234	221	232	363	164	1.880850
225	236	223	234	204	40	2.160416
227	238	225	236	80	357	2.082122
230	241	228	239	343	211	2.532802
