start1	end1	start2	end2	frag1	frag2	frag_rmsd
36	47	26	37	323	293	1.968250
38	49	28	39	13	266	1.425161
41	52	31	42	375	393	2.214683
43	54	33	44	91	226	2.048829
