start1	end1	start2	end2	frag1	frag2	frag_rmsd
4	15	1	12	57	253	2.589846
5	16	2	13	316	379	2.363083
12	23	9	20	326	396	2.892924
15	26	12	23	23	111	1.303435
24	35	21	32	0	35	1.003458
32	43	29	40	331	165	2.338736
35	46	32	43	318	107	2.418216
60	71	57	68	318	357	2.179797
62	73	59	70	357	132	1.964894
68	79	65	76	162	28	1.560721
69	80	66	77	122	329	1.972439
77	88	74	85	215	239	1.429311
80	91	77	88	112	213	3.032604
81	92	78	89	98	112	2.830390
88	99	85	96	370	325	2.247233
89	100	86	97	163	146	2.035090
98	109	95	106	318	316	2.200800
100	111	97	108	322	310	3.280069
103	114	100	111	323	204	2.129611
113	124	110	121	370	29	2.766108
127	138	124	135	261	287	3.359048
133	144	130	141	57	157	2.214777
139	150	136	147	54	205	2.287349
142	153	139	150	132	395	2.384097
169	180	166	177	35	0	1.003458
182	193	179	190	357	80	2.082122
186	197	183	194	73	191	3.007741
192	203	189	200	168	377	1.816464
210	221	207	218	124	60	2.161067
240	251	241	252	298	174	2.958851
241	252	242	253	318	143	2.218027
244	255	245	256	258	126	2.311822
245	256	246	257	167	258	2.425136
247	258	248	259	247	40	2.931975
249	260	250	261	183	163	2.424667
252	263	253	264	318	126	2.511599
254	265	255	266	42	61	2.195955
262	273	263	274	132	360	2.169218
264	275	265	276	126	258	2.311822
266	277	267	278	28	293	2.419510
270	281	271	282	98	82	3.708600
273	284	274	285	54	301	3.091302
274	285	275	286	143	91	2.025929
288	299	289	300	368	127	1.781241
