start1	end1	start2	end2	frag1	frag2	frag_rmsd
6	17	4	15	138	275	2.617606
31	42	29	40	215	185	3.111688
33	44	31	42	150	384	3.468392
62	73	60	71	196	0	1.046929
87	98	85	96	51	89	2.589863
109	120	107	118	180	77	2.325824
110	121	108	119	287	79	1.970184
111	122	109	120	311	139	2.001653
113	124	111	122	164	113	2.695395
114	125	112	123	3	301	3.526546
115	126	113	124	91	173	2.560482
119	130	117	128	163	155	2.633433
130	141	128	139	349	348	3.444170
159	170	157	168	322	392	2.364933
165	176	163	174	347	261	2.608656
173	184	171	182	51	141	1.428009
174	185	172	183	45	388	1.950228
180	191	178	189	39	171	3.137640
192	203	190	201	129	227	2.576417
217	228	215	226	155	306	3.888502
268	279	266	277	393	365	2.281657
277	288	275	286	360	318	2.599279
287	298	285	296	1	168	3.713809
290	301	288	299	137	308	2.586184
306	317	303	314	96	266	2.037755
307	318	304	315	332	150	2.960658
319	330	316	327	2	343	1.502106
323	334	320	331	139	33	2.240956
327	338	324	335	236	274	1.789125
346	357	343	354	6	34	2.330814
361	372	358	369	329	73	2.227621
369	380	366	377	40	92	1.759016
371	382	368	379	351	296	2.893150
378	389	375	386	235	284	2.316448
382	393	379	390	174	222	2.234287
384	395	381	392	57	91	2.021486
385	396	382	393	356	132	2.067486
386	397	383	394	360	126	2.237959
390	401	387	398	313	258	2.044899
404	415	401	412	360	91	3.512148
411	422	408	419	114	28	1.637541
417	428	414	425	363	314	2.815277
419	430	416	427	318	132	1.806699
421	432	418	429	143	392	2.200380
422	433	419	430	187	395	2.388178
425	436	422	433	292	213	2.564850
427	438	424	435	227	261	2.553216
430	441	427	438	121	216	1.107965
432	443	429	440	0	27	0.813956
434	445	431	442	121	184	1.193672
435	446	432	443	27	0	0.813956
446	457	443	454	51	141	1.428009
447	458	444	455	147	45	1.713468
459	470	456	467	223	396	2.481038
466	477	463	474	157	242	3.287199
467	478	464	475	205	302	2.722936
