start1	end1	start2	end2	frag1	frag2	frag_rmsd
13	24	20	31	338	25	1.152231
15	26	22	33	33	259	3.125240
16	27	23	34	355	93	2.537338
17	28	24	35	298	254	3.193851
34	45	41	52	198	360	2.868520
36	47	43	54	158	185	2.536032
37	48	44	55	198	310	2.994431
41	52	48	59	318	316	2.200800
42	53	49	60	389	316	2.563569
46	57	53	64	95	51	1.563872
48	59	55	66	4	111	0.994513
82	93	85	96	0	184	1.197355
114	125	114	125	126	318	2.511599
115	126	115	126	360	132	2.169218
122	133	122	133	360	322	1.453720
137	148	138	149	323	374	2.760700
146	157	147	158	15	278	1.862927
149	160	150	161	0	16	0.775259
150	161	151	162	0	121	0.992640
151	162	152	163	0	27	0.813956
152	163	153	164	0	184	1.197355
153	164	154	165	0	184	1.197355
154	165	155	166	0	27	0.813956
218	229	212	223	26	216	1.454310
221	232	215	226	0	16	0.775259
238	249	231	242	328	343	1.513701
272	283	262	273	352	299	2.856319
274	285	264	275	119	139	2.402640
294	305	283	294	232	93	2.165914
295	306	284	295	103	34	3.089630
296	307	285	296	160	337	3.041217
298	309	287	298	344	219	3.389940
302	313	291	302	396	95	2.153849
304	315	293	304	169	4	1.747250
309	320	298	309	43	376	3.034280
313	324	302	313	16	127	1.158335
314	325	303	314	87	127	1.661081
315	326	304	315	25	144	1.398598
316	327	305	316	79	77	2.104037
317	328	306	317	119	380	3.277833
333	344	323	334	0	16	0.775259
340	351	330	341	157	302	1.373132
341	352	331	342	74	132	2.503655
355	366	345	356	35	0	1.003458
357	368	347	358	245	368	1.282466
359	370	349	360	170	287	1.992976
362	373	352	363	256	222	3.101656
364	375	354	365	255	208	1.969801
365	376	355	366	91	107	2.649081
367	378	357	368	162	167	2.657010
368	379	358	369	239	38	3.327329
370	381	360	371	117	112	2.722193
371	382	361	372	82	150	3.345905
372	383	362	373	300	82	3.589134
373	384	363	374	229	390	2.341461
374	385	364	375	298	55	3.323984
375	386	365	376	151	173	3.420316
376	387	366	377	173	154	3.141348
377	388	367	378	374	296	3.729814
379	390	369	380	225	43	2.352954
380	391	370	381	141	51	1.428009
401	412	392	403	248	126	2.586560
430	441	421	432	322	360	1.453720
434	445	425	436	322	61	1.532523
442	453	433	444	151	226	2.527861
446	457	437	448	84	106	2.817568
447	458	438	449	132	357	1.964894
448	459	439	450	126	395	1.849402
450	461	441	452	126	356	2.644557
