start1	end1	start2	end2	frag1	frag2	frag_rmsd
13	24	13	24	26	216	1.454310
16	27	16	27	0	16	0.775259
33	44	32	43	328	343	1.513701
67	78	63	74	352	299	2.856319
69	80	65	76	119	139	2.402640
89	100	84	95	232	93	2.165914
90	101	85	96	103	34	3.089630
91	102	86	97	160	337	3.041217
93	104	88	99	344	219	3.389940
