start1	end1	start2	end2	frag1	frag2	frag_rmsd
13	24	20	31	338	25	1.152231
15	26	22	33	33	259	3.125240
16	27	23	34	355	93	2.537338
17	28	24	35	298	254	3.193851
34	45	41	52	198	360	2.868520
36	47	43	54	158	185	2.536032
37	48	44	55	198	310	2.994431
41	52	48	59	318	316	2.200800
42	53	49	60	389	316	2.563569
46	57	53	64	95	51	1.563872
48	59	55	66	4	111	0.994513
82	93	85	96	0	184	1.197355
114	125	114	125	126	318	2.511599
115	126	115	126	360	132	2.169218
122	133	122	133	360	322	1.453720
137	148	138	149	323	374	2.760700
146	157	147	158	15	278	1.862927
149	160	150	161	0	16	0.775259
150	161	151	162	0	121	0.992640
151	162	152	163	0	27	0.813956
152	163	153	164	0	184	1.197355
153	164	154	165	0	184	1.197355
154	165	155	166	0	27	0.813956
206	217	200	211	16	127	1.158335
207	218	201	212	87	127	1.661081
208	219	202	213	25	144	1.398598
209	220	203	214	79	77	2.104037
210	221	204	215	119	380	3.277833
226	237	221	232	0	16	0.775259
233	244	228	239	157	302	1.373132
234	245	229	240	74	132	2.503655
248	259	243	254	35	0	1.003458
250	261	245	256	245	368	1.282466
252	263	247	258	170	287	1.992976
255	266	250	261	256	222	3.101656
257	268	252	263	255	208	1.969801
258	269	253	264	91	107	2.649081
260	271	255	266	162	167	2.657010
261	272	256	267	239	38	3.327329
263	274	258	269	117	112	2.722193
264	275	259	270	82	150	3.345905
265	276	260	271	300	82	3.589134
266	277	261	272	229	390	2.341461
267	278	262	273	298	55	3.323984
268	279	263	274	151	173	3.420316
269	280	264	275	173	154	3.141348
270	281	265	276	374	296	3.729814
272	283	267	278	225	43	2.352954
273	284	268	279	141	51	1.428009
294	305	290	301	248	126	2.586560
323	334	319	330	322	360	1.453720
327	338	323	334	322	61	1.532523
335	346	331	342	151	226	2.527861
339	350	335	346	84	106	2.817568
340	351	336	347	132	357	1.964894
341	352	337	348	126	395	1.849402
343	354	339	350	126	356	2.644557
