start1	end1	start2	end2	frag1	frag2	frag_rmsd
1	12	2	13	86	80	2.813168
2	13	3	14	225	343	2.874789
3	14	4	15	326	190	2.057006
26	37	25	36	42	395	2.168523
32	43	31	42	22	85	2.338197
49	60	48	59	256	136	3.470989
63	74	63	74	92	64	2.825337
67	78	67	78	8	155	2.640243
70	81	70	81	316	72	3.410443
71	82	71	82	391	110	3.535511
72	83	72	83	62	191	3.052890
73	84	73	84	295	354	1.529198
74	85	74	85	358	201	2.893908
79	90	79	90	157	398	2.818765
83	94	83	94	64	378	2.573657
84	95	84	95	182	85	2.994343
86	97	86	97	19	242	2.692325
91	102	91	102	315	191	1.918851
94	105	94	105	342	256	2.701324
95	106	95	106	342	361	2.191841
96	107	96	107	253	301	2.483787
97	108	97	108	54	91	2.270861
100	111	100	111	84	360	1.521872
101	112	101	112	176	80	3.198664
102	113	102	113	374	351	2.405416
103	114	103	114	198	7	2.925963
106	117	106	117	234	390	2.898259
108	119	108	119	268	190	3.496352
114	125	114	125	124	272	2.949065
116	127	116	127	373	114	2.547927
119	130	119	130	148	81	3.158078
121	132	121	132	40	72	2.701440
133	144	133	144	342	64	2.625565
139	150	139	150	145	11	1.994228
140	151	140	151	169	72	2.884355
149	160	149	160	92	247	2.407521
155	166	155	166	14	8	2.668286
157	168	157	168	145	11	1.994228
161	172	161	172	366	88	2.539112
164	175	164	175	301	253	2.483787
166	177	166	177	157	349	2.208803
171	182	171	182	85	182	2.994343
174	185	174	185	190	155	3.005853
180	191	180	191	366	88	2.539112
182	193	182	193	342	222	2.450990
183	194	183	194	183	253	1.817367
190	201	190	201	358	138	2.570733
192	203	192	203	369	141	2.433557
194	205	194	205	179	147	2.305745
197	208	197	208	315	168	1.621254
200	211	200	211	382	131	3.365727
205	216	205	216	348	107	2.443030
206	217	206	217	357	203	2.520142
207	218	207	218	297	205	2.931638
208	219	208	219	209	297	2.490138
209	220	209	220	7	364	3.156508
214	225	214	225	4	111	0.994513
226	237	226	237	18	338	1.332509
228	239	228	239	101	288	2.191821
230	241	230	241	237	333	2.631899
231	242	231	242	345	231	1.953593
233	244	233	244	45	371	1.366556
236	247	236	247	368	127	1.781241
