start1	end1	start2	end2	frag1	frag2	frag_rmsd
1	12	12	23	73	155	3.720015
2	13	13	24	150	274	3.098400
5	16	16	27	65	141	2.029741
6	17	17	28	371	223	1.695846
7	18	18	29	23	111	1.303435
48	59	62	73	368	166	1.571683
72	83	86	97	260	15	2.451706
150	161	172	183	192	346	2.698629
159	170	181	192	118	144	1.639526
162	173	184	195	9	5	3.625432
