start1	end1	start2	end2	frag1	frag2	frag_rmsd
12	23	13	24	368	188	1.404624
14	25	15	26	377	100	1.241297
19	30	20	31	395	187	2.388178
36	47	37	48	331	57	2.831093
47	58	48	59	351	162	2.473278
67	78	68	79	391	357	1.962426
69	80	70	81	114	351	2.335949
77	88	78	89	356	360	2.206112
79	90	80	91	389	297	2.558400
81	92	82	93	38	7	2.699184
98	109	99	110	356	57	1.996521
107	118	108	119	316	57	2.064021
112	123	113	124	96	13	1.738752
116	127	117	128	120	314	2.716567
118	129	119	130	352	351	2.828939
130	141	131	142	165	49	3.124925
136	147	137	148	116	352	1.676554
143	154	144	155	272	314	2.456653
144	155	145	156	91	255	2.289949
148	159	149	160	391	208	2.675059
149	160	150	161	248	395	1.997362
150	161	151	162	203	348	1.790407
151	162	152	163	297	167	2.343013
153	164	154	165	266	13	1.425161
154	165	155	166	330	59	2.244902
156	167	157	168	375	393	2.214683
