start1	end1	start2	end2	frag1	frag2	frag_rmsd
34	45	34	45	150	152	2.343118
82	93	82	93	68	92	2.546092
84	95	84	95	38	14	3.185908
85	96	85	96	281	179	2.644974
87	98	87	98	202	372	2.168379
89	100	89	100	254	307	3.195801
91	102	91	102	206	193	1.868331
98	109	98	109	143	74	2.114755
99	110	99	110	318	187	2.503665
100	111	100	111	106	198	2.191348
119	130	119	130	0	127	0.813264
124	135	124	135	287	41	1.672245
126	137	126	137	232	6	1.900358
130	141	130	141	356	84	1.970757
131	142	131	142	126	389	2.201165
132	143	132	143	258	215	2.499323
135	146	135	146	38	112	2.815804
