start1	end1	start2	end2	frag1	frag2	frag_rmsd
7	18	7	18	58	207	2.282401
10	21	10	21	48	212	3.079731
63	74	64	75	190	65	2.764554
