start1	end1	start2	end2	frag1	frag2	frag_rmsd
6	17	4	15	218	301	3.151637
40	51	38	49	309	2	2.074374
44	55	42	53	287	381	2.682221
48	59	46	57	3	387	3.380068
50	61	48	59	131	165	2.913443
51	62	49	60	78	334	3.458067
52	63	50	61	146	183	2.507770
53	64	51	62	331	253	1.801250
57	68	55	66	374	320	2.761878
106	117	103	114	386	374	2.195278
113	124	110	121	3	91	2.746684
142	153	139	150	287	381	2.682221
146	157	143	154	387	268	3.238085
148	159	145	156	131	165	2.913443
151	162	148	159	331	253	1.801250
184	195	181	192	225	194	1.011234
185	196	182	193	81	95	1.894859
