start1	end1	start2	end2	frag1	frag2	frag_rmsd
35	46	17	28	312	213	1.883397
41	52	23	34	312	192	2.159358
85	96	59	70	253	301	2.483787
132	143	122	133	312	213	1.883397
150	161	139	150	312	213	1.883397
169	180	157	168	78	229	2.235105
