start1	end1	start2	end2	frag1	frag2	frag_rmsd
34	45	36	47	179	267	2.950943
46	57	48	59	54	185	3.077871
48	59	50	61	176	310	3.209374
49	60	51	62	386	334	2.729008
51	62	53	64	205	140	2.384956
75	86	77	88	374	258	2.198304
76	87	78	89	320	323	1.585679
77	88	79	90	329	247	3.289652
79	90	81	92	128	330	2.625531
81	92	83	94	133	301	3.083867
82	93	84	95	302	272	2.325891
83	94	85	96	132	57	1.551260
84	95	86	97	126	356	2.644557
85	96	87	98	322	360	1.453720
86	97	88	99	126	84	1.909341
87	98	89	100	126	322	2.289807
93	104	95	106	343	2	1.502106
96	107	98	109	45	388	1.950228
118	129	120	131	100	161	0.978809
121	132	123	134	156	63	3.190909
123	134	125	136	19	378	2.694133
124	135	126	137	183	146	2.507770
125	136	127	138	370	298	2.125343
127	138	129	140	395	302	2.496823
130	141	132	143	132	258	2.635888
133	144	135	146	38	92	2.065054
134	145	136	147	213	342	2.983105
136	147	138	149	342	364	3.197909
137	148	139	150	29	247	2.961390
138	149	140	151	382	274	2.444288
139	150	141	152	13	150	2.220546
144	155	146	157	173	298	3.246915
154	165	156	167	250	236	2.891486
171	182	173	184	149	368	1.387412
173	184	175	186	41	100	1.710810
184	195	186	197	158	185	2.536032
185	196	187	198	28	351	2.541163
197	208	199	210	284	235	2.316448
216	227	218	229	357	322	2.219787
219	230	221	232	328	2	1.547551
225	236	227	238	385	98	1.817464
226	237	228	239	128	324	3.072947
227	238	229	240	280	112	2.702842
247	258	249	260	396	394	2.782183
270	281	272	283	224	273	1.238802
281	292	283	294	0	16	0.775259
282	293	284	295	0	121	0.992640
283	294	285	296	0	27	0.813956
300	311	302	313	156	3	3.264630
304	315	306	317	326	225	2.488373
308	319	310	321	294	119	1.937601
309	320	311	322	355	376	3.290540
311	322	313	324	29	171	2.510623
312	323	314	325	99	299	2.803502
314	325	316	327	346	397	2.308866
316	327	318	329	45	147	1.713468
339	350	341	352	34	164	2.524144
342	353	344	355	193	86	1.791219
379	390	381	392	294	311	2.976640
382	393	384	395	174	131	3.734132
383	394	385	396	229	342	2.558558
384	395	386	397	253	272	2.774002
393	404	395	406	369	225	2.174537
394	405	396	407	141	51	1.428009
397	408	399	410	287	79	1.970184
411	422	413	424	284	260	1.981488
412	423	414	425	287	170	1.992976
415	426	417	428	98	222	2.557250
417	428	419	430	91	54	2.270861
423	434	425	436	204	40	2.160416
424	435	426	437	351	190	2.514264
426	437	428	439	72	11	2.439126
427	438	429	440	194	220	2.849098
430	441	432	443	217	0	1.425276
