start1	end1	start2	end2	frag1	frag2	frag_rmsd
9	20	1	12	45	115	2.995008
10	21	2	13	111	23	1.303435
11	22	3	14	0	27	0.813956
12	23	4	15	0	16	0.775259
13	24	5	16	0	196	1.046929
14	25	6	17	0	27	0.813956
15	26	7	18	127	184	1.484573
44	55	41	52	0	273	1.419073
45	56	42	53	0	16	0.775259
46	57	43	54	0	121	0.992640
47	58	44	55	0	27	0.813956
49	60	46	57	16	0	0.775259
51	62	48	59	196	0	1.046929
52	63	49	60	27	0	0.813956
68	79	79	90	28	329	2.589986
