start1	end1	start2	end2	frag1	frag2	frag_rmsd
18	29	18	29	121	16	1.372802
21	32	21	32	25	118	1.917152
22	33	22	33	77	79	2.104037
24	35	24	35	288	311	1.718799
27	38	27	38	342	97	2.606591
28	39	28	39	331	302	2.430370
29	40	29	40	178	57	1.951934
30	41	30	41	178	389	2.855821
