start1	end1	start2	end2	frag1	frag2	frag_rmsd
20	31	19	30	52	307	2.500414
22	33	21	32	319	352	2.883218
30	41	29	40	35	0	1.003458
31	42	30	41	35	0	1.003458
34	45	33	44	235	277	1.734496
39	50	38	49	1	346	1.971244
40	51	39	50	95	141	1.602886
