start1	end1	start2	end2	frag1	frag2	frag_rmsd
9	20	9	20	13	20	1.989394
10	21	10	21	330	327	2.088556
14	25	14	25	221	226	2.770994
15	26	15	26	29	349	2.165630
17	28	17	28	266	96	2.037755
21	32	21	32	120	365	2.590663
22	33	22	33	173	262	2.838728
25	36	25	36	20	83	2.024528
26	37	26	37	59	327	2.076427
40	51	40	51	184	278	1.829383
42	53	42	53	87	368	1.849840
43	54	43	54	180	18	1.503133
44	55	44	55	41	377	1.723277
45	56	45	56	88	307	2.822750
46	57	46	57	6	355	2.242598
