start1	end1	start2	end2	frag1	frag2	frag_rmsd
51	62	55	66	173	185	3.029200
52	63	56	67	348	351	3.054554
62	73	66	77	99	160	2.486686
76	87	80	91	196	0	1.046929
78	89	82	93	16	273	1.325929
80	91	84	95	196	121	1.241736
86	97	90	101	240	184	1.274780
