start1	end1	start2	end2	frag1	frag2	frag_rmsd
10	21	11	22	79	77	2.104037
17	28	18	29	259	21	2.377047
32	43	33	44	194	125	2.002795
34	45	35	46	223	216	2.223151
48	59	49	60	193	86	1.791219
