start1	end1	start2	end2	frag1	frag2	frag_rmsd
11	22	43	54	323	313	2.463705
18	29	50	61	107	57	2.508886
24	35	56	67	312	163	2.491585
27	38	59	70	206	160	2.043909
29	40	61	72	21	55	2.054944
54	65	87	98	229	222	2.786874
55	66	88	99	301	183	2.802658
56	67	89	100	29	298	2.664713
57	68	90	101	349	39	1.813420
74	85	106	117	92	40	1.759016
81	92	113	124	21	55	2.054944
83	94	115	126	91	226	2.048829
84	95	116	127	151	107	2.864918
94	105	126	137	360	84	1.521872
95	106	127	138	360	126	2.237959
