start1	end1	start2	end2	frag1	frag2	frag_rmsd
3	14	3	14	0	35	1.003458
6	17	6	17	18	251	1.457612
7	18	7	18	377	287	2.089698
10	21	10	21	236	385	3.334269
13	24	13	24	95	141	1.602886
19	30	19	30	277	33	2.543323
23	34	23	34	230	136	2.068366
35	46	35	46	288	283	2.531015
37	48	37	48	63	341	2.923597
42	53	42	53	179	118	2.651788
