start1	end1	start2	end2	frag1	frag2	frag_rmsd
28	39	25	36	358	274	2.773524
29	40	26	37	213	358	2.035530
41	52	38	49	221	285	3.142901
