start1	end1	start2	end2	frag1	frag2	frag_rmsd
5	16	5	16	322	360	1.453720
31	42	31	42	132	57	1.551260
34	45	34	45	293	323	1.968250
36	47	36	47	266	13	1.425161
40	51	40	51	250	285	2.181254
42	53	42	53	58	187	2.694618
43	54	43	54	55	140	2.751359
44	55	44	55	71	205	2.812474
45	56	45	56	226	253	2.701045
48	59	48	59	360	258	2.306964
49	60	49	60	360	322	1.453720
61	72	61	72	322	126	2.289807
67	78	67	78	138	38	2.473026
72	83	72	83	17	24	1.630905
80	91	80	91	329	102	2.502959
81	92	81	92	130	20	3.638166
