start1	end1	start2	end2	frag1	frag2	frag_rmsd
56	67	62	73	126	322	2.289807
57	68	63	74	322	126	2.289807
