start1	end1	start2	end2	frag1	frag2	frag_rmsd
15	26	14	25	126	84	1.909341
18	29	17	28	61	360	1.959112
19	30	18	29	167	126	2.697257
20	31	19	30	215	258	2.499323
73	84	77	88	10	391	2.250856
74	85	78	89	191	386	2.742571
79	90	83	94	255	388	3.189637
81	92	85	96	302	362	1.914259
82	93	86	97	208	248	2.462286
