start1	end1	start2	end2	frag1	frag2	frag_rmsd
5	16	4	15	178	143	1.650270
52	63	51	62	213	312	1.883397
56	67	55	66	39	222	2.378590
73	84	72	83	209	191	2.794182
92	103	91	102	375	200	3.058529
