start1	end1	start2	end2	frag1	frag2	frag_rmsd
16	27	6	17	0	121	0.992640
17	28	7	18	0	27	0.813956
18	29	8	19	16	0	0.775259
22	33	12	23	184	170	1.844017
41	52	31	42	81	95	1.894859
52	63	42	53	4	224	1.600329
62	73	52	63	35	245	2.065446
69	80	59	70	127	0	0.813264
70	81	60	71	27	35	1.219104
72	83	62	73	260	284	1.981488
73	84	63	74	79	287	1.970184
74	85	64	75	50	119	2.667428
76	87	66	77	227	385	2.924653
78	89	68	79	4	70	1.352136
79	90	69	80	184	240	1.274780
107	118	97	108	351	278	3.005606
124	135	114	125	223	216	2.223151
126	137	116	127	16	0	0.775259
