start1	end1	start2	end2	frag1	frag2	frag_rmsd
6	17	4	15	318	158	3.354625
13	24	11	22	248	205	2.958248
14	25	12	23	323	379	2.385592
18	29	16	27	51	21	3.175818
25	36	23	34	61	389	1.926015
55	66	53	64	111	4	0.994513
