start1	end1	start2	end2	frag1	frag2	frag_rmsd
6	17	6	17	169	226	2.850649
7	18	7	18	24	263	2.939411
49	60	52	63	310	174	3.040252
53	64	56	67	178	143	1.650270
65	76	68	79	150	20	2.215790
68	79	71	82	393	314	2.541582
70	81	73	84	143	318	2.218027
72	83	75	86	392	178	1.899502
88	99	92	103	363	365	2.484110
