start1	end1	start2	end2	frag1	frag2	frag_rmsd
13	24	13	24	218	143	2.049999
14	25	14	25	140	151	2.863118
39	50	37	48	274	28	3.360809
40	51	38	49	138	328	2.615349
