start1	end1	start2	end2	frag1	frag2	frag_rmsd
15	26	12	23	127	0	0.813264
17	28	14	25	118	149	1.094155
29	40	27	38	124	362	2.182590
30	41	28	39	208	226	2.686596
33	44	31	42	322	106	2.256879
50	61	47	58	4	123	1.970873
51	62	48	59	0	224	2.121569
52	63	49	60	0	184	1.197355
53	64	50	61	0	121	0.992640
54	65	51	62	0	27	0.813956
92	103	89	100	0	16	0.775259
95	106	92	103	0	127	0.813264
134	145	131	142	237	119	2.971655
137	148	134	145	123	45	1.488609
