start1	end1	start2	end2	frag1	frag2	frag_rmsd
1	12	1	12	16	27	1.218469
10	21	10	21	93	232	2.165914
12	23	12	23	385	236	3.334269
18	29	18	29	188	166	1.839547
21	32	21	32	33	288	1.743390
29	40	29	40	27	0	0.813956
33	44	33	44	338	180	1.985909
