start1	end1	start2	end2	frag1	frag2	frag_rmsd
5	16	7	18	0	127	0.813264
29	40	27	38	61	258	1.652270
39	50	37	48	231	31	1.286233
40	51	38	49	95	265	2.317507
54	65	52	63	93	33	2.502357
97	108	93	104	57	91	2.021486
