start1	end1	start2	end2	frag1	frag2	frag_rmsd
73	84	43	54	235	100	1.231875
76	87	46	57	363	164	1.880850
77	88	47	58	302	331	2.430370
78	89	48	59	132	57	1.551260
149	160	95	106	338	18	1.332509
151	162	97	108	33	75	2.578365
153	164	99	110	164	156	1.408711
154	165	100	111	331	174	1.879546
158	169	104	115	203	348	1.790407
162	173	108	119	138	261	2.494118
163	174	109	120	160	82	2.687032
164	175	110	121	32	195	1.944403
166	177	112	123	123	111	1.875625
169	180	115	126	23	217	1.721983
179	190	125	136	164	34	2.524144
180	191	126	137	133	174	1.804231
202	213	148	159	35	0	1.003458
203	214	149	160	35	188	1.339917
206	217	152	163	100	33	2.701198
208	219	154	165	355	363	3.347592
209	220	155	166	363	91	3.248630
210	221	156	167	74	348	2.456740
211	222	157	168	162	28	1.560721
212	223	158	169	86	343	2.099547
