start1	end1	start2	end2	frag1	frag2	frag_rmsd
13	24	21	32	107	203	3.054856
87	98	71	82	128	375	2.998520
93	104	77	88	20	150	2.215790
99	110	83	94	117	102	2.753113
102	113	86	97	164	98	2.496244
106	117	90	101	84	132	2.205557
