start1	end1	start2	end2	frag1	frag2	frag_rmsd
20	31	20	31	272	157	2.542345
29	40	29	40	266	13	1.425161
47	58	47	58	379	91	2.388994
49	60	49	60	322	84	1.955336
55	66	55	66	192	213	2.401294
76	87	76	87	356	107	1.430031
92	103	92	103	114	163	2.969498
102	113	102	113	313	374	2.718253
105	116	105	116	378	64	2.573657
106	117	106	117	14	301	2.582257
108	119	108	119	349	157	2.208803
116	127	116	127	13	150	2.220546
