start1	end1	start2	end2	frag1	frag2	frag_rmsd
14	25	14	25	183	205	1.941978
19	30	19	30	386	246	2.014472
