start1	end1	start2	end2	frag1	frag2	frag_rmsd
41	52	40	51	374	185	3.033101
46	57	45	56	346	194	1.855001
47	58	46	57	95	141	1.602886
53	64	52	63	196	0	1.046929
66	77	66	77	369	85	2.990726
