start1	end1	start2	end2	frag1	frag2	frag_rmsd
59	70	38	49	374	162	2.026859
61	72	40	51	1	225	1.414968
62	73	41	52	51	141	1.428009
103	114	64	75	48	29	2.925612
106	117	67	78	14	92	3.300147
107	118	68	79	39	163	2.335814
109	120	70	81	218	298	2.714907
113	124	74	85	64	163	2.102946
115	126	76	87	274	364	1.999522
116	127	77	88	193	292	2.761904
117	128	78	89	194	345	1.854317
