start1	end1	start2	end2	frag1	frag2	frag_rmsd
7	18	4	15	235	277	1.734496
12	23	9	20	194	346	1.855001
30	41	27	38	111	4	0.994513
