start1	end1	start2	end2	frag1	frag2	frag_rmsd
11	22	11	22	27	0	0.813956
39	50	41	52	149	87	1.474472
40	51	42	53	24	118	1.501714
42	53	44	55	139	287	2.113716
44	55	46	57	34	256	2.477094
46	57	48	59	97	301	2.847391
49	60	51	62	322	84	1.955336
66	77	67	78	363	39	2.574459
70	81	71	82	61	126	2.069075
78	89	79	90	48	85	2.776504
86	97	87	98	184	240	1.274780
88	99	89	100	27	196	1.059651
89	100	90	101	0	273	1.419073
92	103	93	104	0	27	0.813956
134	145	135	146	58	192	1.504351
140	151	141	152	190	114	2.532336
141	152	142	153	89	53	2.753592
166	177	167	178	389	167	1.584191
167	178	168	179	158	10	2.764944
174	185	175	186	254	252	2.346974
175	186	176	187	254	71	3.243452
246	257	246	257	395	391	2.221324
265	276	265	276	73	274	2.896609
272	283	272	283	316	318	2.200800
274	285	274	285	356	318	2.664318
276	287	276	287	106	360	2.403800
279	290	279	290	56	246	2.262650
280	291	280	291	292	86	2.725013
302	313	302	313	0	35	1.003458
