start1	end1	start2	end2	frag1	frag2	frag_rmsd
9	20	2	13	337	160	3.041217
10	21	3	14	345	231	1.953593
11	22	4	15	141	95	1.602886
14	25	7	18	0	35	1.003458
29	40	22	33	345	129	2.656148
37	48	30	41	16	0	0.775259
