start1	end1	start2	end2	frag1	frag2	frag_rmsd
19	30	20	31	96	122	1.013426
25	36	26	37	57	383	2.505220
26	37	27	38	389	379	2.527735
41	52	42	53	322	61	1.532523
44	55	45	56	162	215	2.221407
51	62	52	63	356	57	1.996521
74	85	82	93	126	360	2.237959
75	86	83	94	322	360	1.453720
98	109	106	117	118	149	1.094155
