start1	end1	start2	end2	frag1	frag2	frag_rmsd
8	19	4	15	359	354	2.244567
11	22	7	18	397	95	2.597544
12	23	8	19	371	45	1.366556
13	24	9	20	238	111	1.998903
14	25	10	21	16	0	0.775259
