start1	end1	start2	end2	frag1	frag2	frag_rmsd
28	39	21	32	192	213	2.401294
29	40	22	33	229	390	2.341461
30	41	23	34	71	301	2.996809
31	42	24	35	173	262	2.838728
37	48	30	41	375	393	2.214683
38	49	31	42	156	164	1.408711
39	50	32	43	174	165	2.328888
40	51	33	44	274	373	2.275822
41	52	34	45	19	247	2.288725
42	53	35	46	213	78	2.359219
