start1	end1	start2	end2	frag1	frag2	frag_rmsd
14	25	14	25	0	16	0.775259
20	31	20	31	139	119	2.402640
27	38	27	38	256	6	2.076516
42	53	43	54	39	302	2.674435
43	54	44	55	379	357	2.465100
44	55	45	56	392	395	1.956324
46	57	47	58	61	389	1.926015
47	58	48	59	162	374	2.026859
51	62	52	63	375	128	2.998520
52	63	53	64	365	375	1.934439
58	69	59	70	61	258	1.652270
66	77	67	78	174	3	2.344203
78	89	79	90	223	371	1.695846
79	90	80	91	169	111	1.734636
85	96	86	97	42	157	3.189470
88	99	89	100	80	203	1.863941
89	100	90	101	162	211	2.462839
99	110	100	111	2	309	2.074374
101	112	102	113	95	141	1.602886
108	119	109	120	16	121	1.372802
114	125	115	126	0	27	0.813956
117	128	118	129	0	27	0.813956
135	146	136	147	369	276	1.368954
165	176	166	177	10	163	2.500065
169	180	170	181	272	151	2.886798
173	184	174	185	346	194	1.855001
180	191	181	192	118	18	1.480048
181	192	182	193	69	100	1.602674
198	209	199	210	169	244	2.161606
199	210	200	211	279	149	2.582897
203	214	204	215	100	235	1.231875
206	217	207	218	370	363	3.142684
235	246	235	246	115	291	3.059624
237	248	237	248	147	217	2.080728
241	252	241	252	222	17	2.712877
247	258	247	258	244	388	2.900160
251	262	251	262	277	287	1.480842
253	264	253	264	367	390	3.609774
