start1	end1	start2	end2	frag1	frag2	frag_rmsd
2	13	9	20	73	68	2.957185
3	14	10	21	96	274	3.035045
15	26	22	33	283	44	2.777961
18	29	25	36	377	378	2.781020
33	44	40	51	71	229	2.999441
34	45	41	52	226	298	2.107868
35	46	42	53	29	218	2.546996
36	47	43	54	373	364	2.435927
44	55	51	62	149	118	1.094155
48	59	55	66	93	34	2.237220
52	63	59	70	114	239	2.524293
53	64	60	71	210	28	2.476754
99	110	113	124	130	175	2.406903
101	112	115	126	119	9	2.580733
105	116	119	130	111	4	0.994513
106	117	120	131	273	0	1.419073
107	118	121	132	184	0	1.197355
108	119	122	133	121	0	0.992640
120	131	134	145	44	119	2.044452
123	134	137	148	44	281	2.432066
124	135	138	149	224	70	1.307761
142	153	156	167	0	16	0.775259
143	154	157	168	0	16	0.775259
144	155	158	169	0	127	0.813264
145	156	159	170	0	127	0.813264
146	157	160	171	0	184	1.197355
147	158	161	172	0	184	1.197355
148	159	162	173	127	60	1.135321
150	161	164	175	24	110	1.015908
151	162	165	176	319	279	1.889850
152	163	166	177	295	109	1.123468
153	164	167	178	201	99	2.322504
160	171	174	185	239	116	2.734039
162	173	176	187	358	150	2.344975
173	184	187	198	288	33	1.743390
199	210	213	224	0	16	0.775259
200	211	214	225	0	127	0.813264
201	212	215	226	188	144	1.413047
204	215	218	229	33	75	2.578365
208	219	222	233	57	54	2.433783
210	221	224	235	74	61	2.933300
214	225	228	239	85	78	2.925317
218	229	232	243	95	15	1.966391
220	231	234	245	23	111	1.303435
239	250	248	259	392	203	2.667348
