start1	end1	start2	end2	frag1	frag2	frag_rmsd
10	21	1	12	56	286	2.115586
11	22	2	13	86	193	1.791219
12	23	3	14	125	72	2.135122
15	26	6	17	169	325	2.660518
19	30	10	21	143	183	1.720893
49	60	46	57	132	356	2.067486
72	83	64	75	126	258	2.311822
73	84	65	76	297	389	2.558400
74	85	66	77	246	28	2.083931
102	113	86	97	10	357	2.250248
104	115	88	99	152	73	2.865449
133	144	114	125	215	210	2.059582
134	145	115	126	152	38	2.741259
