start1	end1	start2	end2	frag1	frag2	frag_rmsd
5	16	5	16	0	27	0.813956
98	109	97	108	368	273	1.870733
99	110	98	109	219	240	2.888492
100	111	99	110	265	60	2.657932
105	116	104	115	171	254	2.333644
107	118	106	117	202	160	2.761046
109	120	108	119	95	51	1.563872
124	135	123	134	9	129	2.467110
127	138	126	137	4	217	1.467713
