start1	end1	start2	end2	frag1	frag2	frag_rmsd
7	18	7	18	210	68	3.036326
11	22	11	22	237	195	2.078780
30	41	30	41	347	333	2.707234
36	47	36	47	356	107	1.430031
42	53	42	53	78	292	2.869152
46	57	46	57	172	263	2.306870
63	74	63	74	164	363	1.880850
72	83	72	83	86	296	2.772610
74	85	74	85	225	190	2.154601
76	87	76	87	353	147	1.930020
95	106	95	106	0	16	0.775259
105	116	105	116	331	242	2.369118
110	121	110	121	309	2	2.074374
