start1	end1	start2	end2	frag1	frag2	frag_rmsd
12	23	16	27	320	73	2.671755
37	48	42	53	313	173	3.291005
45	56	50	61	379	183	2.366043
48	59	53	64	204	68	1.976625
49	60	54	65	274	73	2.896609
54	65	59	70	133	91	3.164066
55	66	60	71	356	107	1.430031
61	72	66	77	51	141	1.428009
65	76	70	81	161	380	1.887076
66	77	71	82	294	119	1.937601
67	78	72	83	376	396	2.586490
69	80	74	85	341	397	2.252093
73	84	78	89	177	131	2.065757
78	89	83	94	392	395	1.956324
