start1	end1	start2	end2	frag1	frag2	frag_rmsd
23	34	26	37	386	7	2.587679
30	41	33	44	395	248	1.997362
65	76	70	81	201	290	1.873591
66	77	71	82	31	257	1.958695
68	79	73	84	115	296	3.706191
69	80	74	85	41	142	3.459983
95	106	97	108	54	302	1.822938
135	146	140	151	357	248	1.838513
139	150	144	155	358	329	2.935040
142	153	147	158	14	301	2.582257
143	154	148	159	302	174	2.621173
193	204	207	218	342	301	2.307304
195	206	209	220	57	132	1.551260
196	207	210	221	392	322	2.364933
197	208	211	222	158	356	2.873854
198	209	212	223	357	322	2.219787
199	210	213	224	391	42	2.281049
214	225	228	239	39	182	2.830746
215	226	229	240	263	349	2.146382
218	229	232	243	151	132	2.822350
221	232	235	246	395	42	2.168523
