start1	end1	start2	end2	frag1	frag2	frag_rmsd
62	73	77	88	77	338	1.893036
75	86	90	101	123	45	1.488609
76	87	91	102	4	111	0.994513
85	96	100	111	0	35	1.003458
102	113	122	133	5	217	1.208122
127	138	144	155	0	127	0.813264
128	139	145	156	0	16	0.775259
153	164	182	193	0	5	1.445826
160	171	189	200	75	294	2.540937
171	182	200	211	127	16	1.158335
173	184	202	213	16	0	0.775259
174	185	203	214	60	127	1.135321
177	188	206	217	17	315	2.125358
178	189	207	218	165	47	3.326640
179	190	208	219	75	366	2.604008
181	192	210	221	336	102	2.764402
182	193	211	222	304	336	2.812236
184	195	213	224	304	34	4.579064
187	198	216	227	214	337	3.110543
191	202	220	231	250	133	2.564122
212	223	241	252	0	127	0.813264
213	224	242	253	0	16	0.775259
215	226	244	255	0	196	1.046929
216	227	245	256	368	273	1.870733
217	228	246	257	260	16	1.076875
218	229	247	258	49	127	1.619635
219	230	248	259	52	149	2.152403
222	233	251	262	177	139	2.989563
223	234	252	263	269	232	4.070405
224	235	253	264	254	34	2.752501
225	236	254	265	254	171	2.333644
228	239	257	268	43	1	2.128343
232	243	261	272	0	184	1.197355
233	244	262	273	0	184	1.197355
234	245	263	274	0	184	1.197355
235	246	264	275	0	184	1.197355
242	253	271	282	5	217	1.208122
244	255	273	284	110	264	2.589130
246	257	275	286	228	317	2.344245
249	260	278	289	232	367	3.622750
252	263	281	292	202	372	2.168379
257	268	286	297	345	273	2.460867
259	270	288	299	388	11	2.864817
260	271	289	300	267	282	2.231416
273	284	305	316	184	0	1.197355
274	285	306	317	121	0	0.992640
275	286	307	318	27	0	0.813956
278	289	310	321	35	127	1.273794
279	290	311	322	368	149	1.387412
