start1	end1	start2	end2	frag1	frag2	frag_rmsd
5	16	1	12	96	13	1.738752
10	21	6	17	331	316	2.657642
11	22	7	18	68	389	2.655854
17	28	13	24	262	48	2.274893
18	29	14	25	268	236	2.349861
20	31	16	27	346	194	1.855001
21	32	17	28	95	141	1.602886
25	36	21	32	127	0	0.813264
26	37	22	33	149	368	1.387412
27	38	23	34	18	12	1.796352
29	40	25	36	75	307	3.045986
30	41	26	37	366	317	2.358912
31	42	27	38	98	156	2.250425
58	69	52	63	338	25	1.152231
66	77	60	71	66	95	1.609657
75	86	69	80	127	0	0.813264
87	98	80	91	362	315	1.653795
88	99	81	92	379	208	2.395686
89	100	82	93	68	398	3.301122
90	101	83	94	185	351	2.540310
118	129	111	122	232	335	2.508444
132	143	125	136	5	111	1.983499
143	154	136	147	217	0	1.425276
145	156	138	149	27	0	0.813956
180	191	174	185	298	151	2.505800
191	202	185	196	163	146	2.035090
213	224	207	218	0	127	0.813264
214	225	208	219	0	16	0.775259
215	226	209	220	16	184	1.241286
216	227	210	221	0	196	1.046929
217	228	211	222	0	273	1.419073
220	231	214	225	60	124	2.161067
255	266	249	260	3	174	2.344203
259	270	253	264	239	215	1.429311
261	272	255	266	309	138	2.636463
262	273	256	267	155	346	2.855311
264	275	258	269	388	216	2.444403
265	276	259	270	267	282	2.231416
266	277	260	271	69	18	2.017054
267	278	261	272	294	377	2.582661
268	279	262	273	339	119	2.880573
269	280	263	274	67	65	2.105355
271	282	265	276	135	397	2.702491
273	284	267	278	23	27	1.068713
297	308	291	302	260	319	2.485894
298	309	292	303	295	75	1.792687
299	310	293	304	50	337	2.761247
306	317	300	311	222	331	2.588792
308	319	302	313	178	54	2.265003
309	320	303	314	183	218	2.373469
310	321	304	315	386	167	2.284802
312	323	306	317	140	242	2.685354
314	325	308	319	370	182	2.858389
338	349	332	343	16	0	0.775259
339	350	333	344	16	0	0.775259
352	363	346	357	243	295	1.976107
353	364	347	358	385	201	2.848130
354	365	348	359	131	330	3.741921
355	366	349	360	261	390	3.763681
360	371	354	365	241	207	2.929668
382	393	376	387	94	245	1.654793
386	397	380	391	118	12	2.012904
387	398	381	392	17	124	2.100408
391	402	385	396	373	374	3.001804
394	405	388	399	15	51	2.489994
395	406	389	400	216	371	1.502072
401	412	395	406	180	18	1.503133
403	414	397	408	294	339	2.275774
404	415	398	409	93	396	3.425458
405	416	399	410	396	36	2.389923
407	418	401	412	224	278	2.389193
409	420	403	414	26	184	2.182145
410	421	404	415	44	196	1.689019
413	424	407	418	277	104	2.095889
415	426	409	420	103	160	2.737667
417	428	411	422	66	95	1.609657
428	439	422	433	277	235	1.734496
441	452	435	446	93	232	2.165914
