start1	end1	start2	end2	frag1	frag2	frag_rmsd
4	15	5	16	375	390	2.986092
7	18	8	19	107	356	1.430031
18	29	19	30	258	61	1.652270
19	30	20	31	323	167	1.943224
21	32	22	33	358	38	2.528073
22	33	23	34	117	213	2.137352
23	34	24	35	361	112	3.296315
