start1	end1	start2	end2	frag1	frag2	frag_rmsd
32	43	32	43	320	56	2.638903
37	48	37	48	291	381	2.672639
55	66	55	66	0	35	1.003458
60	71	60	71	134	243	3.005341
62	73	62	73	333	112	3.470681
93	104	93	104	184	0	1.197355
94	105	94	105	127	0	0.813264
95	106	95	106	87	127	1.661081
96	107	96	107	180	260	1.808175
132	143	130	141	164	34	2.524144
134	145	132	143	253	57	2.589846
140	151	138	149	148	140	2.641357
