start1	end1	start2	end2	frag1	frag2	frag_rmsd
63	74	64	75	127	16	1.158335
75	86	76	87	16	184	1.241286
76	87	77	88	170	121	1.774213
77	88	78	89	196	27	1.059651
78	89	79	90	273	0	1.419073
79	90	80	91	184	0	1.197355
80	91	81	92	121	0	0.992640
81	92	82	93	27	0	0.813956
104	115	105	116	95	65	2.348324
106	117	107	118	149	169	1.963594
108	119	109	120	339	168	1.861038
114	125	115	126	111	27	1.266595
