start1	end1	start2	end2	frag1	frag2	frag_rmsd
33	44	39	50	320	329	2.324045
34	45	40	51	328	138	2.615349
37	48	43	54	394	347	2.069388
101	112	112	123	215	162	2.221407
102	113	113	124	329	122	1.972439
