start1	end1	start2	end2	frag1	frag2	frag_rmsd
43	54	47	58	35	0	1.003458
45	56	49	60	350	368	1.598496
47	58	51	62	170	287	1.992976
142	153	137	148	16	0	0.775259
143	154	138	149	16	0	0.775259
145	156	140	151	196	35	1.146322
149	160	144	155	44	37	1.535786
