start1	end1	start2	end2	frag1	frag2	frag_rmsd
16	27	16	27	35	0	1.003458
86	97	81	92	27	0	0.813956
95	106	90	101	127	0	0.813264
130	141	143	154	27	0	0.813956
166	177	180	191	0	35	1.003458
184	195	198	209	27	0	0.813956
185	196	199	210	127	0	0.813264
186	197	200	211	35	0	1.003458
