start1	end1	start2	end2	frag1	frag2	frag_rmsd
43	54	43	54	184	0	1.197355
44	55	44	55	121	0	0.992640
48	59	48	59	134	52	2.761327
49	60	49	60	6	317	2.803946
51	62	51	62	331	93	3.584891
52	63	52	63	54	370	2.155444
53	64	53	64	143	178	1.650270
55	66	55	66	316	348	2.823182
57	68	57	68	309	92	2.978946
58	69	58	69	138	78	2.902243
