start1	end1	start2	end2	frag1	frag2	frag_rmsd
14	25	14	25	245	35	2.065446
15	26	15	26	5	35	1.528815
16	27	16	27	5	35	1.528815
17	28	17	28	217	94	1.772527
18	29	18	29	217	94	1.772527
41	52	42	53	92	28	2.580877
61	72	63	74	224	257	2.443050
77	88	78	89	29	323	2.895201
