start1	end1	start2	end2	frag1	frag2	frag_rmsd
12	23	11	22	99	7	2.787127
29	40	28	39	0	127	0.813264
40	51	39	50	258	61	1.652270
52	63	51	62	203	258	2.291121
60	71	59	70	128	336	3.594161
78	89	77	88	275	102	2.474820
88	99	87	98	198	7	2.925963
90	101	89	100	378	229	1.841616
95	106	94	105	83	102	2.375023
113	124	112	123	235	161	1.099262
126	137	125	136	269	214	3.603944
127	138	126	137	221	288	3.399923
129	140	128	139	34	113	2.108739
