start1	end1	start2	end2	frag1	frag2	frag_rmsd
31	42	34	45	114	28	1.637541
52	63	55	66	328	343	1.513701
75	86	79	90	167	183	3.008533
78	89	82	93	248	395	1.997362
81	92	85	96	320	73	2.671755
95	106	100	111	393	365	2.281657
97	108	102	113	57	132	1.551260
113	124	120	131	146	221	2.415835
