start1	end1	start2	end2	frag1	frag2	frag_rmsd
38	49	36	47	15	23	1.595702
51	62	49	60	140	391	2.255408
73	84	71	82	315	21	2.594364
77	88	75	86	316	379	2.363083
97	108	95	106	284	271	2.057730
162	173	160	171	226	208	2.686596
165	176	163	174	309	53	2.933975
173	184	171	182	93	355	2.537338
193	204	191	202	200	375	3.058529
198	209	196	207	89	53	2.753592
209	220	207	218	355	232	2.143807
210	221	208	219	363	164	1.880850
215	226	213	224	247	293	2.747661
216	227	214	225	117	38	2.912582
227	238	225	236	355	6	2.242598
228	239	226	237	363	164	1.880850
229	240	227	238	302	331	2.430370
233	244	231	242	114	28	1.637541
251	262	249	260	161	100	0.978809
252	263	250	261	321	33	2.658565
253	264	251	262	339	355	3.306220
267	278	265	276	145	11	1.994228
277	288	275	286	303	199	3.622565
278	289	276	287	277	311	2.953129
282	293	280	291	173	296	2.914613
285	296	283	294	225	129	2.985670
289	300	287	298	188	166	1.839547
304	315	302	313	127	0	0.813264
318	329	316	327	135	148	2.961082
360	371	358	369	255	183	1.975114
369	380	367	378	126	258	2.311822
387	398	397	408	121	216	1.107965
391	402	401	412	50	366	2.653859
397	408	407	418	329	122	1.972439
404	415	414	425	57	248	2.232921
425	436	435	446	11	31	2.862056
427	438	437	448	223	216	2.223151
468	479	478	489	158	392	2.916314
469	480	479	490	215	74	3.537699
471	482	481	492	210	328	2.818362
482	493	492	503	318	126	2.511599
489	500	499	510	213	312	1.883397
507	518	517	528	347	333	2.707234
533	544	543	554	338	25	1.152231
537	548	547	558	164	34	2.524144
538	549	548	559	174	363	2.440306
541	552	551	562	343	328	1.513701
542	553	552	563	225	194	1.011234
543	554	553	564	51	141	1.428009
550	561	560	571	363	302	2.467216
555	566	565	576	106	40	2.568277
563	574	573	584	53	1	1.826199
573	584	583	594	259	21	2.377047
597	608	607	618	113	254	1.777499
598	609	608	619	189	305	2.844213
637	648	647	658	275	350	3.338329
640	651	650	661	123	353	1.745147
662	673	672	683	294	33	2.272830
666	677	676	687	213	131	2.617456
671	682	681	692	270	126	2.450739
696	707	706	717	374	158	1.692551
704	715	714	725	215	68	2.637702
715	726	725	736	146	247	2.385682
719	730	729	740	190	326	2.057006
742	753	752	763	248	178	2.184928
756	767	766	777	58	140	2.200384
