start1	end1	start2	end2	frag1	frag2	frag_rmsd
4	15	4	15	48	262	2.274893
6	17	6	17	160	138	2.227130
25	36	25	36	7	122	2.510319
27	38	27	38	369	276	1.368954
30	41	30	41	23	4	1.335798
101	112	92	103	167	293	1.284317
105	116	96	107	229	78	2.235105
