start1	end1	start2	end2	frag1	frag2	frag_rmsd
31	42	35	46	132	57	1.551260
35	46	39	50	73	204	3.073344
50	61	53	64	164	156	1.408711
92	103	111	122	4	111	0.994513
103	114	122	133	188	368	1.404624
104	115	123	134	338	18	1.332509
