start1	end1	start2	end2	frag1	frag2	frag_rmsd
6	17	22	33	307	52	2.500414
29	40	42	53	227	141	1.668724
54	65	64	75	127	121	1.288055
68	79	78	89	25	338	1.152231
88	99	97	108	0	273	1.419073
89	100	98	109	0	184	1.197355
108	119	125	136	27	111	1.266595
112	123	129	140	149	118	1.094155
114	125	131	142	319	49	2.099008
124	135	141	152	304	390	2.928597
129	140	146	157	114	246	2.430257
130	141	147	158	56	99	2.178345
131	142	148	159	192	345	2.722470
134	145	151	162	119	238	2.352658
135	146	152	163	376	340	2.433654
136	147	153	164	227	65	2.070036
139	150	156	167	0	16	0.775259
141	152	158	169	0	196	1.046929
163	174	180	191	6	103	2.355410
181	192	198	209	374	351	2.405416
184	195	201	212	22	141	1.438165
187	198	204	215	17	180	1.783034
188	199	205	216	315	319	1.797098
231	242	248	259	0	16	0.775259
235	246	252	263	0	127	0.813264
236	247	253	264	0	16	0.775259
237	248	254	265	16	121	1.372802
