start1	end1	start2	end2	frag1	frag2	frag_rmsd
64	75	68	79	112	342	2.771983
67	78	71	82	331	151	2.619964
68	79	72	83	349	391	2.856743
69	80	73	84	323	10	2.248517
72	83	76	87	183	331	2.314556
119	130	117	128	0	27	0.813956
137	148	136	147	80	143	2.207392
156	167	156	167	360	61	1.959112
176	187	175	186	342	370	3.065337
177	188	176	187	218	242	2.669253
179	190	178	189	176	114	1.989951
180	191	179	190	89	56	2.670675
182	193	181	192	397	15	1.948758
