start1	end1	start2	end2	frag1	frag2	frag_rmsd
3	14	13	24	360	132	2.169218
5	16	15	26	61	322	1.532523
6	17	16	27	313	389	2.390236
7	18	17	28	73	28	2.597259
51	62	58	69	235	338	2.509048
52	63	59	70	277	104	2.095889
54	65	61	72	256	6	2.076516
113	124	144	155	22	66	2.803191
114	125	145	156	281	45	1.651716
116	127	147	158	240	16	1.850213
117	128	148	159	216	121	1.107965
118	129	149	160	111	27	1.266595
119	130	150	161	16	0	0.775259
