start1	end1	start2	end2	frag1	frag2	frag_rmsd
46	57	29	40	357	391	1.962426
48	59	31	42	323	204	2.129611
52	63	35	46	367	390	3.609774
64	75	48	59	316	253	2.933120
73	84	57	68	157	356	2.870994
75	86	59	70	162	28	1.560721
86	97	70	81	21	275	3.194178
89	100	73	84	6	134	2.159040
90	101	74	85	268	382	3.248898
93	104	77	88	231	369	2.572214
107	118	91	102	6	232	1.900358
111	122	95	106	348	313	2.381382
126	137	110	121	8	372	3.438036
129	140	113	124	56	286	2.115586
145	156	129	140	366	48	2.396165
150	161	134	145	396	371	2.117919
166	177	150	161	174	302	2.621173
168	179	152	163	356	84	1.970757
170	181	154	165	322	126	2.289807
171	182	155	166	322	61	1.532523
210	221	193	204	184	0	1.197355
213	224	196	207	245	368	1.282466
224	235	207	218	256	250	3.042468
228	239	211	222	165	391	2.745950
233	244	216	227	84	132	2.205557
237	248	220	231	73	28	2.597259
250	261	233	244	198	258	1.817841
255	266	238	249	53	190	3.077848
258	269	241	252	24	12	1.462726
261	272	244	255	243	337	2.586886
264	275	247	258	229	390	2.341461
266	277	249	260	197	29	3.150856
306	317	289	300	312	140	1.998926
307	318	290	301	155	64	2.661934
310	321	293	304	231	53	2.836637
311	322	294	305	95	15	1.966391
328	339	311	322	231	194	2.031382
341	352	324	335	0	16	0.775259
342	353	325	336	0	184	1.197355
344	355	327	338	149	60	1.545532
361	372	339	350	386	309	2.239280
363	374	341	352	326	240	2.154623
364	375	342	353	371	216	1.502072
376	387	354	365	1	346	1.971244
380	391	358	369	35	0	1.003458
438	449	410	421	370	54	2.155444
443	454	415	426	360	357	2.658914
444	455	416	427	360	126	2.237959
445	456	417	428	360	132	2.169218
446	457	418	429	360	322	1.453720
450	461	422	433	246	187	2.528512
453	464	425	436	261	268	2.624343
455	466	427	438	219	237	2.351580
458	469	430	441	45	353	1.252194
520	531	490	501	0	16	0.775259
524	535	494	505	380	79	1.921925
527	538	497	508	254	171	2.333644
541	552	511	522	359	37	2.645026
543	554	513	524	259	284	2.305848
574	585	550	561	111	193	2.592531
578	589	554	565	377	168	1.816464
580	591	556	567	226	189	3.323459
581	592	557	568	218	197	3.272914
583	594	559	570	343	309	2.655565
585	596	561	572	51	95	1.563872
591	602	567	578	24	180	1.017167
646	657	609	620	389	61	1.926015
648	659	611	622	239	28	2.289206
652	663	615	626	280	112	2.702842
659	670	622	633	225	125	2.024259
663	674	626	637	0	127	0.813264
664	675	627	638	0	16	0.775259
