start1	end1	start2	end2	frag1	frag2	frag_rmsd
15	26	7	18	346	194	1.855001
16	27	8	19	66	141	2.244852
18	29	10	21	169	4	1.747250
20	31	12	23	24	110	1.015908
22	33	14	25	295	354	1.529198
28	39	20	31	151	253	2.347071
59	70	48	59	0	121	0.992640
99	110	86	97	35	368	2.011347
101	112	88	99	338	100	2.781985
102	113	89	100	277	287	1.480842
103	114	90	101	288	93	2.781226
104	115	91	102	355	164	2.821670
106	117	93	104	165	379	2.517142
107	118	94	105	391	54	2.548109
108	119	95	106	391	178	2.455732
137	148	116	127	57	248	2.232921
143	154	122	133	167	158	1.812316
144	155	123	134	73	215	2.659332
146	157	125	136	261	38	3.610922
148	159	127	138	21	229	2.030465
197	208	192	203	23	111	1.303435
208	219	203	214	229	378	1.841616
215	226	210	221	117	191	3.479016
218	229	213	224	237	333	2.631899
221	232	216	227	135	147	2.669320
223	234	218	229	111	27	1.266595
236	247	231	242	293	73	2.790553
237	248	232	243	247	138	2.727536
241	252	236	247	223	147	1.957202
242	253	237	248	111	23	1.303435
243	254	238	249	16	121	1.372802
244	255	239	250	0	27	0.813956
