start1	end1	start2	end2	frag1	frag2	frag_rmsd
5	16	27	38	194	225	1.011234
9	20	31	42	172	398	3.198677
12	23	34	45	379	392	2.375143
13	24	35	46	310	318	3.776089
14	25	36	47	239	215	1.429311
15	26	37	48	73	38	2.949045
16	27	38	49	117	150	2.233273
25	36	47	58	328	92	2.669977
54	65	76	87	313	348	2.381382
58	69	80	91	141	51	1.428009
61	72	83	94	35	0	1.003458
62	73	84	95	350	60	2.003689
63	74	85	96	249	60	2.365176
64	75	86	97	49	87	1.514184
72	83	94	105	148	55	1.769837
74	85	96	107	208	124	2.503023
75	86	97	108	91	226	2.048829
77	88	99	110	389	379	2.527735
79	90	101	112	329	73	2.227621
88	99	110	121	392	178	1.899502
89	100	111	122	126	132	2.227804
112	123	132	143	126	84	1.909341
113	124	133	144	360	132	2.169218
127	138	147	158	111	27	1.266595
128	139	148	159	27	0	0.813956
168	179	188	199	125	224	1.825593
197	208	217	228	74	205	3.247168
207	218	227	238	2	202	2.509539
211	222	231	242	224	70	1.307761
212	223	232	243	184	240	1.274780
219	230	239	250	16	0	0.775259
221	232	241	252	121	127	1.288055
227	238	247	258	164	113	2.695395
229	240	249	260	57	379	2.336006
230	241	250	261	158	173	3.646478
232	243	252	263	343	328	1.513701
258	269	279	290	73	28	2.597259
265	276	286	297	318	91	2.313832
267	278	288	299	178	392	1.899502
268	279	289	300	356	84	1.970757
278	289	299	310	329	358	2.935040
287	298	308	319	356	107	1.430031
288	299	309	320	84	360	1.521872
316	327	347	358	16	0	0.775259
317	328	348	359	16	0	0.775259
322	333	353	364	33	277	2.543323
329	340	360	371	162	258	2.601698
330	341	361	372	7	320	2.682430
334	345	365	376	396	101	2.995156
335	346	366	377	123	394	1.831961
339	350	370	381	144	188	1.413047
344	355	375	386	363	164	1.880850
352	363	383	394	360	84	1.521872
357	368	388	399	78	117	2.088043
362	373	393	404	392	395	1.956324
363	374	394	405	203	74	2.632491
