start1	end1	start2	end2	frag1	frag2	frag_rmsd
42	53	4	15	187	167	2.121763
47	58	9	20	308	364	1.960465
48	59	10	21	2	202	2.509539
56	67	18	29	27	0	0.813956
94	105	56	67	351	28	2.541163
111	122	73	84	243	101	2.551150
113	124	75	86	237	32	2.615781
114	125	76	87	268	129	3.009900
115	126	77	88	347	65	2.308913
117	128	79	90	220	170	2.403817
118	129	80	91	165	44	3.273227
119	130	81	92	244	325	2.504919
120	131	82	93	17	24	1.630905
121	132	83	94	315	272	2.717818
124	135	86	97	178	57	1.951934
168	179	130	141	71	272	2.393472
175	186	137	148	185	351	2.540310
180	191	142	153	91	57	2.021486
181	192	143	154	107	356	1.430031
182	193	144	155	356	322	2.017159
185	196	147	158	122	96	1.013426
193	204	155	166	138	206	2.247993
199	210	161	172	121	216	1.107965
212	223	174	185	247	38	2.150232
219	230	181	192	356	360	2.206112
231	242	193	204	84	395	2.768522
232	243	194	205	132	392	1.839294
263	274	216	227	392	143	2.200380
278	289	231	242	183	391	2.447973
280	291	233	244	178	143	1.650270
283	294	236	247	42	395	2.168523
