start1	end1	start2	end2	frag1	frag2	frag_rmsd
1	12	2	13	126	360	2.237959
15	26	16	27	30	136	2.124963
19	30	20	31	189	282	3.454757
25	36	26	37	230	30	1.728147
26	37	27	38	231	31	1.286233
32	43	33	44	16	0	0.775259
33	44	34	45	16	0	0.775259
34	45	35	46	87	188	1.255021
36	47	37	48	69	100	1.602674
37	48	38	49	75	33	2.578365
38	49	39	50	366	6	1.707860
40	51	41	52	331	174	1.879546
44	55	45	56	270	258	2.890358
45	56	46	57	389	167	1.584191
46	57	47	58	28	10	2.196024
47	58	48	59	38	68	2.859747
49	60	50	61	261	281	2.135352
50	61	51	62	70	147	2.128268
92	103	93	104	61	389	1.926015
94	105	95	106	10	40	1.570300
95	106	96	107	58	192	1.504351
98	109	99	110	48	97	3.310487
99	110	100	111	262	315	3.145703
102	113	103	114	346	125	1.893247
124	135	123	134	323	258	2.705881
128	139	127	138	78	234	2.319677
130	141	129	140	213	177	2.398173
131	142	130	141	378	229	1.841616
146	157	144	155	158	379	2.555747
147	158	145	156	28	351	2.541163
162	173	160	171	379	3	2.644772
165	176	163	174	391	357	1.962426
166	177	164	175	143	395	2.173947
169	180	167	178	114	28	1.637541
175	186	173	184	16	0	0.775259
176	187	174	185	121	0	0.992640
181	192	179	190	208	226	2.686596
193	204	191	202	51	89	2.589863
195	206	193	204	224	23	2.008855
200	211	198	209	338	25	1.152231
204	215	202	213	164	363	1.880850
207	218	205	216	360	322	1.453720
208	219	206	217	360	126	2.237959
210	221	208	219	158	167	1.812316
218	229	216	227	208	307	2.658720
223	234	221	232	129	276	2.280948
