start1	end1	start2	end2	frag1	frag2	frag_rmsd
1	12	6	17	380	165	2.731708
4	15	9	20	363	370	3.142684
22	33	28	39	293	215	2.617928
27	38	33	44	314	365	3.190201
34	45	40	51	117	213	2.137352
37	48	43	54	29	182	1.423903
58	69	63	74	84	126	1.909341
61	72	66	77	198	40	1.579973
64	75	69	80	185	351	2.540310
66	77	71	82	266	122	2.336820
73	84	78	89	395	389	2.168049
74	85	79	90	198	374	2.225536
77	88	82	93	392	54	2.623411
78	89	83	94	57	208	2.152129
80	91	85	96	348	313	2.381382
86	97	91	102	171	285	2.895382
94	105	99	110	323	29	2.895201
100	111	105	116	298	91	2.033592
104	115	109	120	61	158	2.386508
