start1	end1	start2	end2	frag1	frag2	frag_rmsd
18	29	30	41	61	348	2.472281
50	61	62	73	194	231	2.031382
101	112	113	124	161	100	0.978809
109	120	121	132	373	246	2.083918
114	125	126	137	223	123	1.416700
119	130	131	142	166	245	1.760571
165	176	176	187	198	40	1.579973
166	177	177	188	130	192	2.198175
171	182	182	193	369	231	2.572214
175	186	186	197	27	0	0.813956
206	217	217	228	28	328	2.829249
207	218	218	229	50	130	3.239249
208	219	219	230	275	336	3.259623
210	221	221	232	181	221	3.881798
211	222	222	233	129	48	3.148720
212	223	223	234	254	240	3.282717
213	224	224	235	197	30	2.932411
218	229	229	240	0	127	0.813264
219	230	230	241	0	16	0.775259
221	232	232	243	0	27	0.813956
226	237	237	248	166	368	1.571683
241	252	252	263	80	343	2.835991
248	259	259	270	17	12	1.213096
254	265	265	276	258	61	1.652270
289	300	302	313	84	360	1.521872
300	311	313	324	29	331	2.442602
312	323	325	336	333	59	3.915284
314	325	327	338	55	113	3.286199
317	328	330	341	398	255	3.091883
322	333	335	346	242	370	2.324730
324	335	337	348	379	331	2.384063
328	339	341	352	213	177	2.398173
333	344	346	357	395	167	2.258216
348	359	361	372	13	102	2.280470
353	364	366	377	84	132	2.205557
