start1	end1	start2	end2	frag1	frag2	frag_rmsd
3	14	2	13	182	290	2.785309
4	15	3	14	382	352	2.471930
7	18	6	17	229	219	3.321111
10	21	9	20	212	354	2.601153
40	51	43	54	84	126	1.909341
43	54	46	57	40	92	1.759016
45	56	48	59	85	234	2.251830
46	57	49	60	268	274	2.562781
59	70	62	73	25	338	1.152231
85	96	91	102	196	35	1.146322
86	97	92	103	144	166	1.768288
90	101	96	107	256	164	2.413952
92	103	98	109	183	143	1.720893
135	146	139	150	35	0	1.003458
174	185	178	189	132	57	1.551260
175	186	179	190	126	395	1.849402
177	188	181	192	389	239	2.206659
178	189	182	193	73	114	2.858654
181	192	185	196	390	21	2.965423
186	197	190	201	43	1	2.128343
205	216	213	224	195	276	1.460134
206	217	214	225	141	65	2.029741
209	220	217	228	118	52	2.037701
211	222	219	230	233	380	2.132465
213	224	221	232	164	301	2.771518
251	262	300	311	25	282	2.603183
252	263	301	312	161	77	2.629786
254	265	303	314	93	33	2.502357
255	266	304	315	113	254	1.777499
256	267	305	316	70	254	3.358594
257	268	306	317	224	135	3.377846
258	269	307	318	326	135	1.858400
260	271	309	320	111	371	2.158258
263	274	312	323	121	0	0.992640
274	285	323	334	35	127	1.273794
