start1	end1	start2	end2	frag1	frag2	frag_rmsd
2	13	2	13	360	84	1.521872
10	21	10	21	231	31	1.286233
16	27	16	27	149	60	1.545532
20	31	20	31	243	50	1.750686
24	35	24	35	346	231	1.531187
27	38	27	38	105	4	1.644032
32	43	32	43	34	355	2.271590
37	48	37	48	328	7	1.961591
39	50	39	50	181	55	3.700053
46	57	46	57	227	141	1.668724
47	58	47	58	394	45	1.792183
69	80	67	78	379	178	1.774921
76	87	74	85	159	179	3.662609
78	89	76	87	282	154	3.165032
79	90	77	88	233	75	2.088875
81	92	79	90	385	20	3.742823
90	101	88	99	0	127	0.813264
91	102	89	100	127	16	1.158335
94	105	92	103	118	149	1.094155
95	106	93	104	251	180	1.423305
98	109	96	107	34	6	2.330814
101	112	99	110	297	316	2.834187
114	125	112	123	286	199	2.983576
118	129	116	127	300	103	3.448988
145	156	146	157	45	216	1.903162
156	167	157	168	232	355	2.143807
162	173	163	174	13	96	1.738752
171	182	172	183	169	189	3.715296
173	184	174	185	295	212	2.645781
177	188	178	189	199	115	3.233007
192	203	193	204	28	210	2.476754
193	204	194	205	83	117	1.919939
206	217	207	218	90	344	3.004377
222	233	223	234	154	228	3.352655
228	239	229	240	171	359	3.675271
231	242	232	243	289	175	3.730783
246	257	247	258	125	31	2.117375
249	260	250	261	260	387	2.801012
250	261	251	262	170	264	2.143376
