start1	end1	start2	end2	frag1	frag2	frag_rmsd
93	104	83	94	141	227	1.668724
95	106	85	96	70	4	1.352136
96	107	86	97	273	0	1.419073
98	109	88	99	121	0	0.992640
99	110	89	100	27	196	1.059651
100	111	90	101	16	273	1.325929
101	112	91	102	0	16	0.775259
102	113	92	103	35	196	1.146322
103	114	93	104	368	37	2.095011
104	115	94	105	245	149	1.698435
107	118	97	108	5	76	2.553127
108	119	98	109	5	376	3.422786
116	127	106	117	184	240	1.274780
126	137	116	127	127	0	0.813264
127	138	117	128	16	0	0.775259
128	139	118	129	16	0	0.775259
142	153	136	147	217	5	1.208122
147	158	141	152	0	27	0.813956
152	163	146	157	338	25	1.152231
155	166	149	160	335	134	1.552550
156	167	150	161	385	280	2.491078
157	168	151	162	30	230	1.728147
158	169	152	163	194	231	2.031382
161	172	155	166	224	70	1.307761
188	199	183	194	127	0	0.813264
189	200	184	195	16	0	0.775259
191	202	186	197	196	0	1.046929
195	206	190	201	27	0	0.813956
231	242	226	237	0	127	0.813264
232	243	227	238	16	0	0.775259
234	245	229	240	127	16	1.158335
235	246	230	241	35	49	1.783586
236	247	231	242	35	196	1.146322
239	250	234	245	35	121	1.375045
250	261	245	256	127	0	0.813264
252	263	247	258	18	260	1.686863
257	268	252	263	371	223	1.695846
260	271	255	266	0	35	1.003458
267	278	262	273	216	223	2.223151
298	309	295	306	171	182	2.159352
305	316	302	313	107	57	2.508886
306	317	303	314	389	61	1.926015
310	321	307	318	89	51	2.589863
321	332	318	329	142	63	3.345190
324	335	321	332	120	268	3.089974
326	337	323	334	39	201	2.760696
342	353	341	352	120	108	2.773258
357	368	356	367	0	127	0.813264
358	369	357	368	0	16	0.775259
360	371	359	370	0	196	1.046929
364	375	363	374	104	233	2.407098
