start1	end1	start2	end2	frag1	frag2	frag_rmsd
16	27	19	30	37	52	2.237752
19	30	22	33	44	119	2.044452
20	31	23	34	224	129	2.608637
22	33	25	36	216	371	1.502072
23	34	26	37	23	111	1.303435
29	40	32	43	16	0	0.775259
33	44	36	47	0	16	0.775259
52	63	58	69	353	147	1.930020
70	81	76	87	16	184	1.241286
