start1	end1	start2	end2	frag1	frag2	frag_rmsd
26	37	27	38	152	150	2.343118
27	38	28	39	160	261	2.707511
75	86	67	78	213	342	2.983105
77	88	69	80	301	253	2.483787
