start1	end1	start2	end2	frag1	frag2	frag_rmsd
1	12	1	12	283	354	2.234505
2	13	2	13	206	160	2.043909
15	26	15	26	131	139	2.855508
17	28	17	28	361	113	2.642013
21	32	21	32	346	225	2.125128
23	34	23	34	371	45	1.366556
29	40	29	40	291	283	3.175771
36	47	36	47	95	141	1.602886
58	69	58	69	4	224	1.600329
62	73	62	73	240	184	1.274780
89	100	89	100	385	59	3.269096
90	101	90	101	112	375	3.661250
99	110	99	110	0	127	0.813264
