start1	end1	start2	end2	frag1	frag2	frag_rmsd
11	22	10	21	301	361	2.339875
12	23	11	22	182	120	3.034077
13	24	12	23	212	364	1.843570
15	26	14	25	225	207	1.967256
55	66	54	65	134	283	2.393590
59	70	58	69	54	97	2.699671
60	71	59	70	379	3	2.644772
