start1	end1	start2	end2	frag1	frag2	frag_rmsd
59	70	52	63	84	126	1.909341
61	72	54	65	61	322	1.532523
66	77	59	70	15	215	3.329152
71	82	64	75	288	300	3.043219
74	85	67	78	362	331	2.213558
77	88	70	81	74	318	2.154001
78	89	71	82	310	42	3.113211
79	90	72	83	391	357	1.962426
99	110	93	104	310	356	3.182179
150	161	131	142	235	100	1.231875
152	163	133	144	134	355	2.342467
154	165	135	146	174	3	2.344203
156	167	137	148	143	183	1.720893
160	171	141	152	57	248	2.232921
161	172	142	153	356	42	2.721883
