start1	end1	start2	end2	frag1	frag2	frag_rmsd
44	55	31	42	271	177	2.779008
46	57	33	44	71	226	2.608111
49	60	36	47	395	107	2.432305
50	61	37	48	357	360	2.658914
51	62	38	49	395	126	1.849402
58	69	45	56	393	365	2.281657
60	71	47	58	253	57	2.589846
103	114	74	85	126	360	2.237959
105	116	76	87	187	167	2.121763
112	123	83	94	45	371	1.366556
142	153	113	124	375	393	2.214683
152	163	123	134	255	218	2.913485
160	171	131	142	67	29	2.714972
161	172	132	143	286	56	2.115586
178	189	149	160	343	2	1.502106
183	194	154	165	0	184	1.197355
192	203	163	174	100	161	0.978809
194	205	165	176	355	93	2.537338
213	224	214	225	4	111	0.994513
220	231	221	232	354	109	1.258230
243	254	244	255	361	256	2.627081
244	255	245	256	363	222	2.706564
247	258	248	259	84	107	2.480937
252	263	253	264	7	215	3.063022
254	265	255	266	32	292	2.035472
267	278	268	279	325	64	2.806255
289	300	290	301	389	379	2.527735
291	302	292	303	40	310	2.788884
294	305	295	306	84	57	2.559962
325	336	326	337	16	0	0.775259
326	337	327	338	16	0	0.775259
328	339	329	340	184	0	1.197355
329	340	330	341	184	0	1.197355
330	341	331	342	127	368	1.781241
331	342	332	343	149	118	1.094155
342	353	355	366	117	59	3.251776
347	358	360	371	322	132	1.945705
351	362	364	375	126	322	2.289807
352	363	365	376	132	126	2.227804
353	364	366	377	322	360	1.453720
355	366	368	379	162	374	2.026859
362	373	375	386	272	218	2.652558
365	376	378	389	192	312	2.159358
370	381	383	394	91	392	2.022503
380	391	393	404	59	327	2.076427
383	394	396	407	252	298	3.150696
392	403	405	416	213	78	2.359219
443	454	445	456	213	312	1.883397
468	479	470	481	361	342	2.191841
475	486	477	488	190	185	3.036839
476	487	478	489	172	210	2.924096
477	488	479	490	131	312	2.764994
501	512	503	514	163	140	2.273358
518	529	520	531	302	174	2.621173
534	545	536	547	351	11	3.529047
540	551	542	553	78	177	2.489769
543	554	545	556	253	97	2.618413
