start1	end1	start2	end2	frag1	frag2	frag_rmsd
26	37	18	29	184	51	2.698208
27	38	19	30	127	45	3.026013
28	39	20	31	260	23	2.229657
29	40	21	32	49	27	2.004896
41	52	32	43	369	225	2.174537
42	53	33	44	51	141	1.428009
44	55	35	46	23	111	1.303435
70	81	61	72	0	127	0.813264
86	97	74	85	0	184	1.197355
87	98	75	86	0	121	0.992640
