start1	end1	start2	end2	frag1	frag2	frag_rmsd
71	82	45	56	126	84	1.909341
79	90	53	64	150	20	2.215790
93	104	67	78	389	176	2.556364
95	106	69	80	210	122	2.784487
96	107	70	81	150	20	2.215790
119	130	88	99	132	178	2.174432
136	147	106	117	392	178	1.899502
184	195	153	164	179	388	2.378828
185	196	154	165	267	282	2.231416
