start1	end1	start2	end2	frag1	frag2	frag_rmsd
42	53	35	46	25	267	2.366925
45	56	38	49	232	93	2.165914
62	73	59	70	4	111	0.994513
67	78	64	75	18	338	1.332509
68	79	65	76	168	69	1.769267
69	80	66	77	307	294	2.981011
71	82	68	79	116	236	2.621661
103	114	102	113	204	215	2.924296
117	128	116	127	25	338	1.152231
119	130	118	129	294	33	2.272830
121	132	120	131	164	256	2.413952
123	134	122	133	54	229	2.974464
133	144	132	143	234	108	2.790127
134	145	133	144	341	212	3.255624
136	147	135	146	345	257	1.990762
137	148	136	147	64	21	2.911123
138	149	137	148	268	234	2.813072
140	151	139	150	222	342	2.450990
141	152	140	151	19	222	2.421744
142	153	141	152	146	331	2.748119
147	158	146	157	92	38	2.065054
151	162	150	161	186	331	2.832080
152	163	151	162	14	308	3.466297
157	168	156	167	45	353	1.252194
196	207	196	207	391	248	2.056378
197	208	197	208	205	183	1.941978
200	211	200	211	253	357	2.742849
