start1	end1	start2	end2	frag1	frag2	frag_rmsd
36	47	23	34	187	107	3.273161
37	48	24	35	211	357	2.966953
40	51	27	38	392	84	2.236722
44	55	31	42	204	73	3.073344
45	56	32	43	358	150	2.344975
46	57	33	44	117	330	2.708168
47	58	34	45	131	367	3.804944
52	63	39	50	74	158	3.408717
53	64	40	51	61	198	2.292877
57	68	44	55	57	248	2.232921
59	70	46	57	357	322	2.219787
61	72	48	59	357	132	1.964894
62	73	49	60	395	126	1.849402
76	87	66	77	395	126	1.849402
80	91	70	81	322	360	1.453720
81	92	71	82	158	360	3.012218
82	93	72	83	61	258	1.652270
83	94	73	84	357	258	1.886183
85	96	75	86	183	178	1.884271
