start1	end1	start2	end2	frag1	frag2	frag_rmsd
34	45	35	46	28	374	1.355458
38	49	39	50	146	342	2.781255
55	66	58	69	152	114	3.103849
57	68	60	71	195	78	3.435637
61	72	64	75	226	151	2.527861
82	93	79	90	199	189	3.597537
86	97	83	94	254	302	3.890338
88	99	85	96	239	351	2.672051
91	102	88	99	342	14	2.230074
95	106	92	103	373	92	2.613988
149	160	130	141	301	200	3.247886
151	162	132	143	74	124	3.399281
152	163	133	144	398	74	3.044837
156	167	137	148	229	342	2.558558
159	170	140	151	379	29	2.690963
169	180	150	161	369	14	3.414980
174	185	155	166	210	10	2.873571
219	230	197	208	334	205	2.027607
220	231	198	209	255	253	2.281137
300	311	261	272	209	386	1.853397
301	312	262	273	364	274	1.999522
302	313	263	274	337	292	2.999341
322	333	289	300	149	144	1.522937
323	334	290	301	359	77	2.382337
324	335	291	302	346	76	2.961527
325	336	292	303	231	376	3.357855
