start1	end1	start2	end2	frag1	frag2	frag_rmsd
16	27	18	29	18	180	1.503133
17	28	19	30	233	380	2.132465
18	29	20	31	93	88	2.435273
19	30	21	32	164	355	2.821670
34	45	36	47	0	16	0.775259
37	48	39	50	235	161	1.099262
45	56	47	58	395	248	1.997362
46	57	48	59	143	246	2.955166
47	58	49	60	2	86	1.884148
52	63	54	65	77	149	2.821879
53	64	55	66	359	77	2.382337
54	65	56	67	76	161	2.717111
58	69	60	71	70	4	1.352136
60	71	62	73	121	27	1.355932
61	72	63	74	27	0	0.813956
74	85	76	87	0	16	0.775259
79	90	81	92	184	121	1.193672
82	93	84	95	184	16	1.241286
94	105	96	107	233	170	1.990823
98	109	100	111	174	301	2.796572
100	111	102	113	91	157	2.006819
110	121	112	123	265	90	2.096142
135	146	137	148	0	196	1.046929
139	150	141	152	149	60	1.545532
143	154	145	156	264	172	2.692434
145	156	147	158	138	99	2.121803
163	174	165	176	23	111	1.303435
187	198	188	199	132	322	1.945705
192	203	193	204	10	391	2.250856
194	205	195	206	152	73	2.865449
220	231	221	232	164	363	1.880850
224	235	225	236	132	322	1.945705
227	238	228	239	360	322	1.453720
228	239	229	240	61	360	1.959112
241	252	242	253	216	26	1.454310
246	257	247	258	232	307	2.883101
265	276	266	277	346	1	1.971244
266	277	267	278	95	141	1.602886
267	278	268	279	45	281	1.651716
268	279	269	280	70	238	2.011694
271	282	272	283	121	216	1.107965
273	284	274	285	0	16	0.775259
274	285	275	286	0	121	0.992640
276	287	277	288	25	338	1.152231
279	290	280	291	232	288	2.068787
280	291	281	292	6	254	2.933752
281	292	282	293	164	156	1.408711
283	294	284	295	296	241	2.938505
288	299	289	300	221	47	2.306219
296	307	297	308	0	16	0.775259
308	319	309	320	287	104	2.087811
316	327	317	328	162	28	1.560721
319	330	320	331	51	141	1.428009
332	343	333	344	235	161	1.099262
336	347	337	348	97	174	2.041055
