start1	end1	start2	end2	frag1	frag2	frag_rmsd
9	20	9	20	124	168	1.824641
13	24	13	24	143	74	2.114755
44	55	41	52	175	289	3.730783
69	80	69	80	334	54	2.234965
96	107	96	107	248	389	2.208556
97	108	97	108	379	158	2.555747
105	116	105	116	203	313	2.497212
135	146	135	146	63	171	3.101650
148	159	147	158	0	170	1.959205
149	160	148	159	0	196	1.046929
150	161	149	160	0	273	1.419073
151	162	150	161	0	240	1.998148
152	163	151	162	0	121	0.992640
153	164	152	163	0	27	0.813956
