start1	end1	start2	end2	frag1	frag2	frag_rmsd
47	58	26	37	380	44	3.017253
49	60	28	39	289	129	3.181687
50	61	29	40	199	135	3.592906
52	63	31	42	228	52	1.946289
53	64	32	43	280	359	3.060039
59	70	38	49	76	321	2.604810
62	73	41	52	376	129	1.562683
65	76	44	55	12	97	3.011665
68	79	47	58	379	310	2.615701
69	80	48	59	173	348	2.362281
71	82	50	61	328	2	1.547551
72	83	51	62	225	194	1.011234
73	84	52	63	289	90	2.511995
76	87	55	66	201	232	3.007421
104	115	83	94	16	0	0.775259
106	117	85	96	0	16	0.775259
107	118	86	97	16	0	0.775259
108	119	87	98	368	149	1.387412
109	120	88	99	260	338	2.423776
116	127	95	106	144	368	1.335465
118	129	97	108	377	168	1.816464
119	130	98	109	307	387	2.453431
135	146	114	125	322	61	1.532523
136	147	115	126	126	395	1.849402
139	150	118	129	13	122	2.315071
144	155	123	134	57	331	2.831093
146	157	125	136	322	132	1.945705
149	160	128	139	379	198	2.896183
151	162	130	141	57	74	2.467886
152	163	131	142	270	258	2.890358
153	164	132	143	239	293	2.280486
182	193	161	172	277	104	2.095889
185	196	164	175	333	230	2.013015
189	200	168	179	169	325	2.660518
192	203	171	182	354	295	1.529198
193	204	172	183	193	153	1.727407
194	205	173	184	31	345	1.281039
195	206	174	185	95	141	1.602886
197	208	176	187	4	23	1.335798
