start1	end1	start2	end2	frag1	frag2	frag_rmsd
87	98	60	71	391	163	2.193995
90	101	63	74	57	107	2.508886
95	106	68	79	80	357	2.082122
96	107	69	80	246	167	2.265205
97	108	70	81	73	204	3.073344
98	109	71	82	358	247	2.479219
101	112	74	85	361	342	2.191841
121	132	127	138	395	248	1.997362
122	133	128	139	178	392	1.899502
124	135	130	141	348	270	2.651409
159	170	164	175	102	38	3.239735
213	224	201	212	357	322	2.219787
