start1	end1	start2	end2	frag1	frag2	frag_rmsd
7	18	7	18	290	366	1.667042
10	21	10	21	32	292	2.035472
13	24	13	24	339	254	3.127918
14	25	14	25	154	71	3.488068
29	40	28	39	42	395	2.168523
39	50	38	49	173	348	2.362281
67	78	66	77	379	173	3.473980
70	81	69	80	176	1	2.742328
77	88	76	87	227	396	2.329098
91	102	90	101	127	0	0.813264
92	103	91	102	16	127	1.158335
93	104	92	103	87	149	1.474472
107	118	106	117	12	17	1.213096
157	168	150	161	187	7	2.633725
160	171	153	164	261	112	3.078180
161	172	154	165	112	256	2.998153
165	176	158	169	57	302	2.286634
167	178	160	171	357	392	2.035569
168	179	161	172	389	322	2.292898
169	180	162	173	158	389	2.036257
170	181	163	174	73	28	2.597259
171	182	164	175	13	96	1.738752
172	183	165	176	330	117	2.708168
173	184	166	177	367	390	3.609774
175	186	168	179	30	63	3.145703
176	187	169	180	145	30	2.939674
178	189	171	182	175	214	3.078236
188	199	181	192	322	61	1.532523
190	201	183	194	28	40	1.916230
196	207	189	200	126	42	2.008935
248	259	242	253	96	102	1.905251
249	260	243	254	82	292	2.425930
250	261	244	255	390	304	2.928597
251	262	245	256	361	254	3.133151
253	264	247	258	189	97	2.906468
254	265	248	259	185	165	3.098000
255	266	249	260	357	334	2.990220
256	267	250	261	248	178	2.184928
257	268	251	262	185	398	2.987202
258	269	252	263	56	28	2.669292
259	270	253	264	86	343	2.099547
266	277	260	271	139	109	2.919632
269	280	263	274	66	227	2.066214
271	282	265	276	105	169	1.732125
275	286	269	280	153	99	1.751370
297	308	291	302	118	149	1.094155
358	369	351	362	235	277	1.734496
364	375	357	368	215	351	2.640680
391	402	383	394	199	30	2.878776
393	404	385	396	296	265	3.107921
394	405	386	397	305	199	3.376070
396	407	388	399	181	275	3.137269
397	408	389	400	181	129	3.273770
398	409	390	401	335	129	3.069059
399	410	391	402	347	290	3.169851
406	417	398	409	77	79	2.104037
410	421	402	413	394	223	1.646543
445	456	438	449	226	325	2.023575
462	473	455	466	349	178	2.466717
463	474	456	467	320	323	1.585679
