start1	end1	start2	end2	frag1	frag2	frag_rmsd
12	23	12	23	265	21	2.183885
15	26	15	26	137	193	2.219601
55	66	55	66	49	121	1.746885
67	78	67	78	360	126	2.237959
83	94	83	94	360	322	1.453720
111	122	111	122	273	27	1.481073
125	136	125	136	377	100	1.241297
128	139	128	139	256	34	2.477094
129	140	129	140	186	222	3.271823
130	141	130	141	14	253	2.594932
131	142	131	142	253	178	2.074688
133	144	133	144	84	126	1.909341
134	145	134	145	360	322	1.453720
135	146	135	146	360	322	1.453720
136	147	136	147	126	322	2.289807
138	149	138	149	126	360	2.237959
141	152	141	152	167	374	2.251345
143	154	143	154	102	275	2.474820
144	155	144	155	275	181	3.137269
147	158	147	158	254	189	3.065349
149	160	149	160	142	7	3.637392
167	178	167	178	345	195	2.125554
171	182	171	182	184	240	1.274780
181	192	181	192	184	16	1.241286
183	194	183	194	25	24	2.346644
201	212	201	212	166	368	1.571683
203	214	203	214	381	49	2.069564
205	216	205	216	201	256	2.397156
207	218	207	218	232	104	2.993256
211	222	211	222	348	258	2.128741
212	223	212	223	167	293	1.284317
232	243	232	243	133	302	2.836895
238	249	238	249	28	374	1.355458
268	279	270	281	16	0	0.775259
281	292	283	294	132	356	2.067486
284	295	286	297	343	207	2.291251
285	296	287	298	207	148	3.087205
