start1	end1	start2	end2	frag1	frag2	frag_rmsd
10	21	17	28	210	329	2.327830
21	32	28	39	3	190	3.488931
22	33	29	40	334	310	2.654164
25	36	32	43	298	325	2.268278
27	38	34	45	386	364	3.187185
30	41	37	48	22	51	1.833239
32	43	39	50	278	111	1.961396
36	47	43	54	0	121	0.992640
50	61	60	71	255	71	2.201151
51	62	61	72	91	298	2.033592
79	90	74	85	193	2	2.176784
80	91	75	86	225	194	1.011234
88	99	83	94	338	161	2.232406
94	105	89	100	135	51	2.217322
128	139	117	128	101	366	1.790697
135	146	124	135	210	114	2.854426
136	147	125	136	152	38	2.741259
137	148	126	137	150	112	2.980962
140	151	129	140	108	364	2.869193
142	153	131	142	93	78	3.222008
143	154	132	143	113	229	2.224987
144	155	133	144	229	221	2.926728
145	156	134	145	71	253	2.882021
167	178	157	168	127	60	1.135321
208	219	189	200	392	248	2.328470
211	222	192	203	320	28	2.315284
216	227	197	208	363	97	1.939160
217	228	198	209	302	157	1.373132
231	242	212	223	126	84	1.909341
233	244	214	225	167	389	1.584191
246	257	227	238	0	27	0.813956
248	259	229	240	0	27	0.813956
