start1	end1	start2	end2	frag1	frag2	frag_rmsd
58	69	12	23	45	241	2.171847
59	70	13	24	4	23	1.335798
60	71	14	25	0	16	0.775259
61	72	15	26	0	184	1.197355
62	73	16	27	0	196	1.046929
147	158	70	81	107	318	2.418216
152	163	75	86	276	369	1.368954
185	196	113	124	123	371	1.899626
203	214	131	142	167	293	1.284317
262	273	191	202	192	312	2.159358
263	274	192	203	191	85	2.474521
343	354	270	281	184	27	1.585485
344	355	271	282	121	0	0.992640
345	356	272	283	27	0	0.813956
347	358	274	285	35	0	1.003458
374	385	291	302	322	360	1.453720
375	386	292	303	158	389	2.036257
376	387	293	304	28	374	1.355458
377	388	294	305	328	56	2.664981
378	389	295	306	194	1	1.635126
379	390	296	307	141	369	2.433557
380	391	297	308	347	281	2.168443
381	392	298	309	123	238	1.683324
383	394	300	311	16	260	1.076875
387	398	304	315	4	35	1.941528
388	399	305	316	127	35	1.273794
389	400	306	317	118	245	1.562188
390	401	307	318	77	180	2.325824
391	402	308	319	100	319	2.755432
392	403	309	320	33	88	2.091698
393	404	310	321	232	311	2.404421
394	405	311	322	164	256	2.413952
395	406	312	323	174	331	1.879546
397	408	314	325	395	91	2.501168
398	409	315	326	132	356	2.067486
400	411	317	328	322	360	1.453720
406	417	323	334	325	187	2.842318
428	439	360	371	35	0	1.003458
470	481	371	382	322	357	2.219787
471	482	372	383	61	322	1.532523
473	484	374	385	40	158	2.543877
474	485	375	386	204	239	2.641892
501	512	402	413	363	164	1.880850
502	513	403	414	30	142	2.885515
503	514	404	415	58	310	3.073619
505	516	406	417	255	155	2.817106
506	517	407	418	135	299	2.537386
509	520	410	421	244	241	1.719413
513	524	414	425	27	121	1.355932
