start1	end1	start2	end2	frag1	frag2	frag_rmsd
69	80	58	69	356	173	3.062883
70	81	59	70	61	258	1.652270
71	82	60	71	126	343	4.132489
72	83	61	72	258	211	2.430006
91	102	80	91	91	302	2.022399
92	103	81	92	356	57	1.996521
94	105	83	94	61	258	1.652270
96	107	85	96	73	68	2.957185
97	108	86	97	96	152	3.340467
98	109	87	98	292	138	2.059222
