start1	end1	start2	end2	frag1	frag2	frag_rmsd
3	14	3	14	163	140	2.273358
24	35	23	34	262	254	2.775623
30	41	29	40	352	116	1.676554
31	42	30	41	19	38	2.252345
61	72	61	72	85	358	2.758759
63	74	63	74	156	14	3.090739
65	76	65	76	54	302	1.822938
100	111	101	112	146	140	2.200590
101	112	102	113	370	183	2.048987
103	114	104	115	91	151	2.263245
104	115	105	116	42	395	2.168523
106	117	107	118	395	391	2.221324
108	119	109	120	391	395	2.221324
109	120	110	121	204	178	2.470310
126	137	127	138	74	80	2.193283
133	144	134	145	365	301	2.827489
158	169	160	171	323	10	2.248517
161	172	163	174	253	54	1.914846
163	174	165	176	318	107	2.418216
