start1	end1	start2	end2	frag1	frag2	frag_rmsd
8	19	3	14	239	210	2.544192
9	20	4	15	73	152	2.865449
10	21	5	16	138	292	2.059222
12	23	7	18	227	129	2.576417
19	30	14	25	16	0	0.775259
54	65	46	57	51	141	1.428009
74	85	66	77	173	107	2.657406
75	86	67	78	360	357	2.658914
76	87	68	79	391	357	1.962426
106	117	91	102	3	91	2.746684
107	118	92	103	310	356	3.182179
108	119	93	104	316	322	2.531116
110	121	95	106	373	114	2.547927
111	122	96	107	2	309	2.074374
112	123	97	108	194	1	1.635126
113	124	98	109	141	95	1.602886
212	223	146	157	167	293	1.284317
222	233	156	167	261	275	3.370035
223	234	157	168	195	32	1.944403
316	327	259	270	322	356	2.017159
317	328	260	271	42	84	2.426355
318	329	261	272	158	357	2.494890
320	331	263	274	391	42	2.281049
322	333	265	276	392	126	1.978049
325	336	268	279	322	198	2.702331
326	337	269	280	322	198	2.702331
353	364	295	306	111	216	2.470717
381	392	322	333	27	196	1.059651
382	393	323	334	0	273	1.419073
383	394	324	335	0	184	1.197355
384	395	325	336	0	121	0.992640
385	396	326	337	0	27	0.813956
386	397	327	338	0	196	1.046929
387	398	328	339	0	27	0.813956
388	399	329	340	0	16	0.775259
390	401	331	342	0	27	0.813956
