start1	end1	start2	end2	frag1	frag2	frag_rmsd
17	28	7	18	185	208	3.132386
54	65	40	51	294	33	2.272830
60	71	46	57	107	318	2.418216
66	77	52	63	390	177	2.707335
70	81	56	67	30	197	2.932411
72	83	58	69	95	15	1.966391
77	88	63	74	0	35	1.003458
78	89	64	75	188	166	1.839547
81	92	67	78	33	288	1.743390
84	95	70	81	174	302	2.621173
112	123	100	111	35	0	1.003458
114	125	102	113	166	144	1.768288
117	128	105	116	283	387	2.756538
118	129	106	117	341	62	2.736883
122	133	110	121	365	59	3.983020
124	135	112	123	250	120	1.731988
194	205	183	194	380	378	2.961256
195	206	184	195	75	85	2.811668
197	208	186	197	160	333	2.412519
198	209	187	198	237	125	2.751272
199	210	188	199	141	15	2.942370
201	212	190	201	111	27	1.266595
209	220	198	209	34	363	3.284685
213	224	202	213	176	106	2.732143
215	226	204	215	198	309	2.955738
245	256	220	231	184	0	1.197355
258	269	233	244	398	356	3.148517
290	301	256	267	0	35	1.003458
299	310	265	276	235	161	1.099262
300	311	266	277	33	104	2.171568
