start1	end1	start2	end2	frag1	frag2	frag_rmsd
7	18	7	18	126	360	2.237959
13	24	13	24	177	390	2.707335
40	51	40	51	392	379	2.375143
42	53	42	53	258	74	2.771739
52	63	52	63	127	0	0.813264
53	64	53	64	16	0	0.775259
