start1	end1	start2	end2	frag1	frag2	frag_rmsd
12	23	12	23	369	224	2.917059
13	24	13	24	227	65	2.070036
15	26	15	26	4	111	0.994513
26	37	26	37	174	54	2.729182
29	40	29	40	246	162	2.344445
30	41	30	41	96	122	1.013426
