start1	end1	start2	end2	frag1	frag2	frag_rmsd
46	57	67	78	329	7	2.127910
47	58	68	79	13	266	1.425161
66	77	93	104	0	273	1.419073
67	78	94	105	0	184	1.197355
68	79	95	106	0	121	0.992640
87	98	113	124	187	395	2.388178
88	99	114	125	246	297	2.516265
90	101	116	127	292	117	2.762161
94	105	120	131	136	112	3.164592
96	107	122	133	378	229	1.841616
99	110	125	136	143	203	2.143008
148	159	187	198	132	357	1.964894
149	160	188	199	389	42	2.149086
167	178	206	217	100	161	0.978809
172	183	211	222	185	310	2.160511
173	184	212	223	56	236	2.123746
175	186	214	225	194	155	2.437203
176	187	215	226	135	141	2.553444
178	189	217	228	23	137	2.317890
179	190	218	229	121	15	1.660020
181	192	220	231	0	27	0.813956
185	196	224	235	338	25	1.152231
189	200	228	239	363	164	1.880850
192	203	231	242	126	392	1.978049
193	204	232	243	322	132	1.945705
194	205	233	244	61	126	2.069075
195	206	234	245	258	61	1.652270
