start1	end1	start2	end2	frag1	frag2	frag_rmsd
26	37	26	37	322	126	2.289807
27	38	27	38	61	258	1.652270
31	42	31	42	292	138	2.059222
32	43	32	43	369	276	1.368954
52	63	53	64	138	328	2.615349
56	67	57	68	4	70	1.352136
57	68	58	69	16	184	1.241286
58	69	59	70	0	121	0.992640
71	82	72	83	51	175	3.396608
72	83	73	84	214	36	2.435610
74	85	75	86	67	129	2.882811
75	86	76	87	240	65	1.321092
95	106	94	105	34	221	2.281424
96	107	95	106	221	254	3.112575
98	109	97	108	263	97	2.464240
99	110	98	109	383	310	2.997578
100	111	99	110	391	357	1.962426
103	114	102	113	61	356	2.842373
104	115	103	114	158	360	3.012218
105	116	104	115	391	42	2.281049
108	119	107	118	74	392	2.779359
110	121	109	120	309	7	2.929626
148	159	137	148	386	56	2.727061
149	160	138	149	138	292	2.059222
150	161	139	150	194	276	2.357682
152	163	141	152	371	223	1.695846
159	170	148	159	25	338	1.152231
163	174	152	163	335	164	3.288918
165	176	154	165	282	131	3.466104
168	179	157	168	337	103	2.644158
169	180	158	169	219	292	3.426706
183	194	171	182	16	170	2.037066
185	196	173	184	144	118	1.639526
186	197	174	185	180	251	1.423305
187	198	175	186	168	165	2.435156
200	211	188	199	338	25	1.152231
206	217	194	205	97	342	2.606591
209	220	197	208	191	370	2.933849
210	221	198	209	274	364	1.999522
236	247	218	229	7	122	2.510319
237	248	219	230	312	213	1.883397
238	249	220	231	229	14	2.682356
240	251	222	233	298	91	2.033592
242	253	224	235	84	360	1.521872
243	254	225	236	360	126	2.237959
253	264	235	246	85	276	3.208497
266	277	248	259	25	118	1.917152
272	283	254	265	111	4	0.994513
276	287	258	269	188	368	1.404624
279	290	261	272	288	33	1.743390
286	297	268	279	276	369	1.368954
293	304	275	286	99	337	2.667194
299	310	281	292	119	76	3.469872
309	320	291	302	169	105	1.732125
311	322	293	304	124	168	1.824641
313	324	295	306	107	398	3.078266
