start1	end1	start2	end2	frag1	frag2	frag_rmsd
6	17	2	13	0	260	1.731263
7	18	3	14	0	264	2.571782
8	19	4	15	16	0	0.775259
