start1	end1	start2	end2	frag1	frag2	frag_rmsd
6	17	6	17	362	17	2.337675
7	18	7	18	106	208	2.633758
14	25	14	25	230	333	2.013015
47	58	47	58	127	0	0.813264
48	59	48	59	149	188	1.382009
50	61	50	61	380	100	1.630511
51	62	51	62	88	294	2.470707
52	63	52	63	6	335	1.971828
53	64	53	64	382	156	3.499028
54	65	54	65	382	109	3.116169
55	66	55	66	82	292	2.425930
61	72	61	72	107	348	2.443030
63	74	63	74	203	74	2.632491
67	78	67	78	141	51	1.428009
69	80	69	80	267	256	2.746771
70	81	70	81	131	222	2.947219
108	119	108	119	385	250	3.261729
109	120	109	120	230	136	2.068366
118	129	118	129	184	0	1.197355
119	130	119	130	121	0	0.992640
123	134	123	134	35	0	1.003458
126	137	126	137	94	245	1.654793
135	146	135	146	103	280	1.955594
158	169	158	169	287	104	2.087811
160	171	160	171	335	280	2.831856
162	173	162	173	30	222	3.006310
169	180	169	180	4	111	0.994513
192	203	192	203	12	110	1.401705
195	206	195	206	75	295	1.792687
197	208	197	208	327	330	2.088556
198	209	198	209	375	367	2.523916
200	211	200	211	363	97	1.939160
202	213	202	213	320	56	2.638903
203	214	203	214	343	86	2.099547
231	242	231	242	16	0	0.775259
233	244	233	244	196	0	1.046929
234	245	234	245	27	0	0.813956
239	250	239	250	196	0	1.046929
243	254	243	254	0	16	0.775259
258	269	258	269	196	184	1.667884
260	271	260	271	350	60	2.003689
280	291	288	299	245	44	3.155281
