start1	end1	start2	end2	frag1	frag2	frag_rmsd
184	195	115	126	348	162	2.624541
186	197	117	128	225	194	1.011234
188	199	119	130	55	189	3.696817
207	218	132	143	233	380	2.132465
209	220	134	145	146	6	3.186218
210	221	135	146	302	363	2.467216
212	223	137	148	395	318	2.216742
213	224	138	149	132	318	1.806699
217	228	142	153	328	343	1.513701
277	288	183	194	37	127	1.685836
