start1	end1	start2	end2	frag1	frag2	frag_rmsd
2	13	2	13	178	208	1.931564
17	28	17	28	0	16	0.775259
21	32	21	32	60	149	1.545532
27	38	27	38	324	301	3.092973
42	53	42	53	57	151	2.517792
44	55	44	55	322	357	2.219787
52	63	52	63	184	16	1.241286
64	75	64	75	302	174	2.621173
