start1	end1	start2	end2	frag1	frag2	frag_rmsd
10	21	4	15	102	13	2.280470
11	22	5	16	304	330	2.895056
16	27	10	21	392	42	2.128589
17	28	11	22	132	357	1.964894
19	30	13	24	323	10	2.248517
33	44	27	38	0	16	0.775259
36	47	30	41	25	338	1.152231
39	50	33	44	232	366	2.061297
45	56	39	50	389	398	3.007093
