start1	end1	start2	end2	frag1	frag2	frag_rmsd
6	17	8	19	166	25	1.364085
7	18	9	20	161	235	1.099262
10	21	12	23	133	298	3.008662
12	23	14	25	318	395	2.216742
17	28	19	30	391	57	2.913520
18	29	20	31	357	42	2.024226
20	31	22	33	392	258	2.406167
44	55	39	50	35	0	1.003458
84	95	52	63	392	395	1.956324
85	96	53	64	258	178	2.942479
94	105	62	73	84	389	2.785233
