start1	end1	start2	end2	frag1	frag2	frag_rmsd
4	15	7	18	154	398	2.760865
6	17	9	20	107	140	4.245107
11	22	14	25	152	274	2.290286
40	51	44	55	0	16	0.775259
44	55	48	59	377	104	1.491193
48	59	52	63	116	239	2.734039
49	60	53	64	329	210	2.327830
50	61	54	65	83	150	1.761815
111	122	116	127	127	0	0.813264
112	123	117	128	260	127	2.026282
113	124	118	129	60	149	1.545532
114	125	119	130	52	180	2.443004
116	127	121	132	44	119	2.044452
