start1	end1	start2	end2	frag1	frag2	frag_rmsd
7	18	19	30	248	151	2.019566
8	19	20	31	357	395	2.192089
87	98	96	107	0	127	0.813264
88	99	97	108	0	16	0.775259
90	101	99	110	0	196	1.046929
91	102	100	111	0	273	1.419073
92	103	101	112	0	184	1.197355
93	104	102	113	0	121	0.992640
94	105	103	114	0	27	0.813956
95	106	104	115	16	0	0.775259
