start1	end1	start2	end2	frag1	frag2	frag_rmsd
22	33	22	33	121	184	1.193672
23	34	23	34	27	121	1.355932
27	38	27	38	100	69	1.602674
66	77	66	77	4	169	1.747250
68	79	68	79	184	170	1.844017
69	80	69	80	196	44	1.689019
73	84	73	84	366	6	1.707860
