start1	end1	start2	end2	frag1	frag2	frag_rmsd
75	86	77	88	157	363	2.737417
77	88	79	90	391	132	3.091218
