start1	end1	start2	end2	frag1	frag2	frag_rmsd
14	25	11	22	144	188	1.413047
19	30	16	27	31	222	3.148271
23	34	20	31	354	246	2.994027
50	61	47	58	30	3	3.326002
64	75	61	72	82	292	2.425930
78	89	75	86	16	0	0.775259
97	108	94	105	1	125	1.934180
113	124	110	121	61	348	2.472281
116	127	113	124	150	274	3.098400
127	138	124	135	16	0	0.775259
129	140	126	137	25	338	1.152231
133	144	130	141	6	98	2.827583
134	145	131	142	164	156	1.408711
139	150	136	147	389	176	2.556364
163	174	156	167	0	127	0.813264
164	175	157	168	0	16	0.775259
166	177	159	170	0	196	1.046929
167	178	160	171	0	27	0.813956
169	180	162	173	0	121	0.992640
170	181	163	174	196	27	1.059651
180	191	173	184	91	302	2.022399
196	207	188	199	380	233	2.132465
204	215	196	207	318	258	2.250166
206	217	198	209	198	357	2.385976
208	219	200	211	392	313	3.407876
213	224	205	216	59	367	2.032515
214	225	206	217	375	300	2.169523
217	228	209	220	91	248	2.692709
221	232	213	224	126	84	1.909341
224	235	216	227	258	198	1.817841
226	237	218	229	386	209	1.853397
235	246	227	238	91	395	2.501168
