start1	end1	start2	end2	frag1	frag2	frag_rmsd
14	25	16	27	87	52	2.218933
15	26	17	28	110	282	2.391114
16	27	18	29	165	233	2.696420
20	31	22	33	19	242	2.692325
21	32	23	34	146	242	1.806651
48	59	52	63	14	64	2.147495
51	62	55	66	316	74	2.446235
69	80	72	83	151	97	2.941270
89	100	93	104	98	14	3.034027
107	118	113	124	74	126	2.701927
109	120	115	126	258	297	2.601028
