start1	end1	start2	end2	frag1	frag2	frag_rmsd
17	28	26	37	61	313	2.398675
19	30	28	39	215	204	2.924296
22	33	31	42	112	131	2.361165
23	34	32	43	98	393	2.507349
24	35	33	44	3	301	3.526546
28	39	37	48	162	114	1.980808
30	41	39	50	213	312	1.883397
44	55	53	64	133	285	1.901995
48	59	57	68	126	395	1.849402
66	77	76	87	126	395	1.849402
67	78	77	88	348	258	2.128741
95	106	104	115	132	151	2.822350
96	107	105	116	389	248	2.208556
128	139	143	154	28	329	2.589986
129	140	144	155	138	292	2.059222
135	146	150	161	184	121	1.193672
142	153	157	168	0	16	0.775259
154	165	168	179	357	57	2.268519
155	166	169	180	126	84	1.909341
162	173	176	187	138	261	2.494118
183	194	197	208	298	226	2.107868
185	196	199	210	107	356	1.430031
203	214	214	225	142	162	3.388681
204	215	215	226	312	384	3.040476
205	216	216	227	138	130	2.833742
208	219	219	230	326	129	2.641751
209	220	220	231	51	396	1.709799
212	223	223	234	118	144	1.639526
