start1	end1	start2	end2	frag1	frag2	frag_rmsd
10	21	10	21	226	255	2.055872
28	39	28	39	189	155	2.768366
29	40	29	40	268	286	1.937654
30	41	30	41	382	230	3.192129
37	48	37	48	395	126	1.849402
44	55	44	55	358	112	2.837148
45	56	45	56	201	342	3.183803
46	57	46	57	14	342	2.230074
48	59	48	59	178	183	1.884271
92	103	91	102	211	395	2.688355
98	109	97	108	360	322	1.453720
104	115	103	114	45	281	1.651716
106	117	105	116	16	184	1.241286
138	149	156	167	0	16	0.775259
143	154	161	172	339	279	2.637596
166	177	190	201	42	126	2.008935
175	186	199	210	181	9	2.710060
179	190	203	214	325	226	2.023575
189	200	213	224	310	178	2.939904
195	206	219	230	361	342	2.191841
197	208	221	232	272	253	2.774002
206	217	230	241	236	268	2.349861
229	240	255	266	28	114	1.637541
231	242	257	268	225	58	1.979801
258	269	284	295	322	132	1.945705
261	272	287	298	322	357	2.219787
268	279	294	305	285	393	2.206151
271	282	297	308	357	258	1.886183
275	286	301	312	132	392	1.839294
