start1	end1	start2	end2	frag1	frag2	frag_rmsd
32	43	43	54	18	118	1.480048
33	44	44	55	259	249	1.609861
34	45	45	56	75	319	2.397899
37	48	48	59	112	131	2.361165
38	49	49	60	78	229	2.235105
39	50	50	61	174	301	2.796572
40	51	51	62	97	298	2.862409
42	53	53	64	351	374	2.405416
44	55	55	66	1	207	1.582075
58	69	69	80	209	218	2.745118
59	70	70	81	212	7	3.063043
60	71	71	82	202	328	2.635217
61	72	72	83	225	194	1.011234
69	80	80	91	338	25	1.152231
70	81	81	92	69	161	1.879688
72	83	83	94	189	134	2.650643
74	85	85	96	50	30	3.615988
75	86	86	97	213	177	2.398173
93	104	106	117	0	27	0.813956
99	110	112	123	100	161	0.978809
101	112	114	125	6	232	1.900358
102	113	115	126	164	34	2.524144
114	125	127	138	111	45	2.183445
115	126	128	139	188	105	1.430055
117	128	130	141	100	161	0.978809
119	130	132	143	355	232	2.143807
120	131	133	144	164	254	2.835900
123	134	136	147	42	198	2.139345
