start1	end1	start2	end2	frag1	frag2	frag_rmsd
17	28	28	39	35	0	1.003458
18	29	29	40	35	0	1.003458
50	61	60	71	0	16	0.775259
92	103	95	106	27	0	0.813956
133	144	138	149	5	121	1.796316
134	145	139	150	217	196	1.508921
135	146	140	151	217	0	1.425276
137	148	142	153	127	184	1.484573
138	149	143	154	16	184	1.241286
140	151	145	156	196	184	1.667884
141	152	146	157	273	127	1.542975
