start1	end1	start2	end2	frag1	frag2	frag_rmsd
29	40	19	30	35	0	1.003458
32	43	22	33	284	16	2.276491
126	137	119	130	0	27	0.813956
142	153	135	146	144	166	1.768288
151	162	144	155	123	45	1.488609
155	166	148	159	121	0	0.992640
