start1	end1	start2	end2	frag1	frag2	frag_rmsd
13	24	11	22	100	235	1.231875
20	31	18	29	395	187	2.388178
25	36	23	34	194	369	1.775960
42	53	40	51	302	356	3.010953
43	54	41	52	57	310	2.973413
44	55	42	53	42	248	2.280307
70	81	76	87	84	392	2.236722
71	82	77	88	360	126	2.237959
73	84	79	90	386	313	2.679625
74	85	80	91	7	162	2.741569
82	93	88	99	162	28	1.560721
105	116	111	122	156	159	3.933340
107	118	113	124	138	160	2.227130
119	130	125	136	370	163	2.628991
