start1	end1	start2	end2	frag1	frag2	frag_rmsd
40	51	43	54	156	164	1.408711
43	54	46	57	208	132	2.303221
45	56	48	59	158	374	1.692551
48	59	51	62	191	275	3.589560
51	62	54	65	160	261	2.707511
52	63	55	66	195	237	2.078780
53	64	56	67	240	66	1.969179
55	66	58	69	111	23	1.303435
58	69	61	72	0	121	0.992640
59	70	62	73	220	27	1.823934
61	72	64	75	27	0	0.813956
72	83	75	86	204	68	1.976625
75	86	78	89	194	346	1.855001
76	87	79	90	227	95	2.206519
86	97	89	100	112	342	2.771983
88	99	91	102	342	39	2.308509
