start1	end1	start2	end2	frag1	frag2	frag_rmsd
1	12	1	12	106	126	2.751764
4	15	4	15	246	328	2.779977
7	18	7	18	138	281	2.588324
45	56	42	53	160	292	2.571253
