start1	end1	start2	end2	frag1	frag2	frag_rmsd
22	33	23	34	0	16	0.775259
29	40	30	41	0	16	0.775259
43	54	44	55	129	97	4.357383
44	55	45	56	67	362	2.876472
45	56	46	57	371	241	2.038166
46	57	47	58	111	220	2.495639
47	58	48	59	184	326	2.250308
48	59	49	60	121	89	2.710441
49	60	50	61	27	216	2.035106
50	61	51	62	0	220	1.838539
51	62	52	63	0	184	1.197355
71	82	72	83	111	4	0.994513
72	83	73	84	0	16	0.775259
73	84	74	85	0	121	0.992640
