start1	end1	start2	end2	frag1	frag2	frag_rmsd
103	114	135	146	127	0	0.813264
105	116	137	148	12	18	1.796352
109	120	141	152	326	135	1.858400
110	121	142	153	135	396	2.434347
114	125	146	157	338	25	1.152231
128	139	159	170	51	141	1.428009
130	141	161	172	111	4	0.994513
136	147	167	178	338	235	2.509048
143	154	174	185	107	395	2.432305
