start1	end1	start2	end2	frag1	frag2	frag_rmsd
14	25	19	30	357	391	1.962426
17	28	22	33	297	80	2.266320
18	29	23	34	386	296	3.154247
22	33	27	38	128	59	2.692989
27	38	32	43	84	356	1.970757
40	51	45	56	323	297	1.891877
43	54	48	59	213	14	2.970874
