start1	end1	start2	end2	frag1	frag2	frag_rmsd
30	41	8	19	322	360	1.453720
80	91	50	61	151	208	2.827388
92	103	62	73	0	16	0.775259
117	128	79	90	246	317	2.843450
118	129	80	91	96	382	3.299191
119	130	81	92	150	131	3.143253
