start1	end1	start2	end2	frag1	frag2	frag_rmsd
7	18	4	15	378	78	1.620040
8	19	5	16	301	234	3.308976
14	25	11	22	185	210	3.422555
15	26	12	23	210	152	2.936843
