start1	end1	start2	end2	frag1	frag2	frag_rmsd
8	19	8	19	242	143	2.857144
76	87	144	155	32	160	2.659966
77	88	145	156	237	194	2.894163
79	90	147	158	147	223	1.957202
80	91	148	159	111	4	0.994513
85	96	153	164	25	338	1.152231
116	127	203	214	93	288	2.781226
156	167	232	243	225	194	1.011234
160	171	236	247	0	16	0.775259
