start1	end1	start2	end2	frag1	frag2	frag_rmsd
88	99	38	49	0	16	0.775259
89	100	39	50	0	16	0.775259
221	232	91	102	27	196	1.059651
242	253	109	120	125	265	2.816320
357	368	192	203	121	371	2.099567
358	369	193	204	27	111	1.266595
359	370	194	205	0	16	0.775259
360	371	195	206	0	16	0.775259
361	372	196	207	0	121	0.992640
383	394	218	229	213	177	2.398173
384	395	219	230	229	55	2.679222
385	396	220	231	71	254	3.243452
386	397	221	232	189	62	3.649873
387	398	222	233	75	243	1.677825
404	415	242	253	28	351	2.541163
411	422	249	260	196	127	1.155792
412	423	250	261	368	149	1.387412
444	455	268	279	0	127	0.813264
446	457	270	281	0	121	0.992640
448	459	272	283	271	24	1.694230
477	488	301	312	141	51	1.428009
