start1	end1	start2	end2	frag1	frag2	frag_rmsd
6	17	49	60	185	263	2.771758
7	18	50	61	391	165	2.745950
50	61	93	104	161	100	0.978809
52	63	95	106	93	355	2.537338
54	65	97	108	221	331	3.446156
55	66	98	109	91	391	2.966108
57	68	100	111	91	178	1.731687
70	81	113	124	374	28	1.355458
