start1	end1	start2	end2	frag1	frag2	frag_rmsd
29	40	37	48	344	275	2.446515
36	47	44	55	272	173	2.804773
38	49	46	57	248	316	2.344338
39	50	47	58	398	190	2.933692
54	65	62	73	298	272	2.306193
55	66	63	74	157	316	2.679901
56	67	64	75	389	198	2.304197
58	69	66	77	73	210	2.056321
60	71	68	79	292	32	2.035472
63	74	71	82	199	11	2.956805
64	75	72	83	168	12	2.061194
66	77	74	85	298	226	2.107868
69	80	77	88	293	73	2.790553
71	82	79	90	150	332	2.960658
74	85	82	93	103	380	3.719475
80	91	88	99	57	253	2.589846
83	94	91	102	126	395	1.849402
84	95	92	103	322	132	1.945705
86	97	94	105	28	158	2.314039
91	102	99	110	363	250	2.347188
92	103	100	111	29	272	2.931587
93	104	101	112	374	114	1.630636
94	105	102	113	40	72	2.701440
95	106	103	114	391	58	2.359458
96	107	104	115	209	26	2.954004
98	109	106	117	32	213	2.967391
102	113	110	121	226	331	2.969635
103	114	111	122	398	383	2.420024
104	115	112	123	40	204	2.160416
107	118	115	126	183	370	2.048987
108	119	116	127	143	178	1.650270
109	120	117	128	316	151	2.318008
110	121	118	129	389	158	2.036257
112	123	120	131	210	73	2.056321
123	134	131	142	313	162	2.591497
124	135	132	143	239	215	1.429311
128	139	136	147	367	300	3.208377
130	141	138	149	221	252	2.706345
