start1	end1	start2	end2	frag1	frag2	frag_rmsd
8	19	6	17	86	2	1.884148
39	50	39	50	247	38	2.150232
41	52	41	52	146	229	2.331807
42	53	42	53	342	364	3.197909
45	56	45	56	358	186	2.904982
51	62	51	62	151	379	2.133956
67	78	66	77	179	364	3.180896
