start1	end1	start2	end2	frag1	frag2	frag_rmsd
86	97	86	97	382	230	3.192129
87	98	87	98	131	177	2.065757
93	104	93	104	42	322	2.200412
94	105	94	105	42	126	2.008935
104	115	104	115	389	167	1.584191
