start1	end1	start2	end2	frag1	frag2	frag_rmsd
22	33	13	24	308	19	2.446821
23	34	14	25	19	177	2.898574
25	36	16	27	214	71	3.552809
26	37	17	28	85	325	3.384004
27	38	18	29	280	364	3.164795
28	39	19	30	160	292	2.571253
29	40	20	31	195	345	2.125554
31	42	22	33	216	371	1.502072
32	43	23	34	23	111	1.303435
33	44	24	35	27	0	0.813956
39	50	30	41	118	60	1.979052
51	62	42	53	125	397	2.152504
54	65	45	56	27	220	1.823934
58	69	49	60	180	110	1.207298
81	92	72	83	35	0	1.003458
82	93	73	84	127	0	0.813264
83	94	74	85	16	0	0.775259
84	95	75	86	196	0	1.046929
85	96	76	87	27	35	1.219104
86	97	77	88	35	245	2.065446
87	98	78	89	127	94	2.272544
88	99	79	90	16	5	1.629181
90	101	81	92	37	217	1.935612
92	103	83	94	259	12	2.129786
95	106	86	97	280	103	1.955594
100	111	91	102	111	4	0.994513
135	146	129	140	118	350	1.377073
140	151	134	145	396	65	2.073749
142	153	136	147	169	111	1.734636
143	154	137	148	260	16	1.076875
144	155	138	149	170	121	1.774213
145	156	139	150	37	27	1.805376
146	157	140	151	273	0	1.419073
147	158	141	152	184	16	1.241286
196	207	161	172	0	35	1.003458
199	210	164	175	94	5	1.412501
204	215	169	180	0	273	1.419073
205	216	170	181	0	16	0.775259
206	217	171	182	0	121	0.992640
207	218	172	183	0	27	0.813956
209	220	174	185	16	0	0.775259
212	223	177	188	16	0	0.775259
216	227	181	192	321	33	2.658565
217	228	182	193	232	134	2.244172
218	229	183	194	101	103	2.024736
219	230	184	195	223	230	2.797369
220	231	185	196	224	345	2.212150
299	310	252	263	4	111	0.994513
312	323	265	276	338	25	1.152231
