start1	end1	start2	end2	frag1	frag2	frag_rmsd
60	71	30	41	251	259	1.966819
108	119	83	94	3	57	2.271934
109	120	84	95	248	84	2.774836
