start1	end1	start2	end2	frag1	frag2	frag_rmsd
43	54	45	56	236	274	1.789125
44	55	46	57	193	138	2.309416
45	56	47	58	225	207	1.967256
50	61	52	63	398	91	2.828573
51	62	53	64	157	398	2.818765
52	63	54	65	313	158	2.779261
53	64	55	66	323	293	1.968250
54	65	56	67	122	96	1.013426
58	69	60	71	120	314	2.716567
59	70	61	72	298	91	2.033592
70	81	72	83	184	0	1.197355
71	82	73	84	121	0	0.992640
72	83	74	85	27	0	0.813956
73	84	75	86	0	16	0.775259
74	85	76	87	0	127	0.813264
75	86	77	88	127	60	1.135321
76	87	78	89	149	87	1.474472
78	89	80	91	41	161	2.027949
80	91	82	93	311	232	2.404421
82	93	84	95	174	285	2.184810
100	111	102	113	2	343	1.502106
