start1	end1	start2	end2	frag1	frag2	frag_rmsd
7	18	5	16	364	274	1.999522
33	44	31	42	246	28	2.083931
51	62	49	60	33	104	2.171568
57	68	55	66	361	160	3.403618
66	77	64	75	31	179	2.953053
69	80	67	78	339	168	1.861038
70	81	68	79	154	208	3.152696
77	88	75	86	297	258	2.601028
79	90	77	88	329	7	2.127910
84	95	82	93	393	164	2.491372
111	122	110	121	169	60	1.967618
132	143	131	142	353	45	1.252194
156	167	156	167	157	57	2.214777
167	178	167	178	354	274	2.423985
253	264	254	265	309	374	2.671198
322	333	323	334	299	236	1.995469
331	342	332	343	35	0	1.003458
341	352	342	353	364	386	3.187185
365	376	367	378	85	68	3.409801
387	398	389	400	1	207	1.582075
394	405	396	407	335	134	1.552550
421	432	423	434	346	145	2.175860
430	441	432	443	0	16	0.775259
432	443	434	445	127	196	1.155792
444	455	446	457	16	260	1.076875
446	457	448	459	149	307	3.049128
454	465	456	467	167	187	2.121763
