start1	end1	start2	end2	frag1	frag2	frag_rmsd
27	38	23	34	128	375	2.998520
33	44	29	40	258	323	2.705881
79	90	74	85	235	100	1.231875
103	114	90	101	0	121	0.992640
104	115	91	102	0	27	0.813956
