start1	end1	start2	end2	frag1	frag2	frag_rmsd
8	19	28	39	200	174	3.184297
12	23	32	43	360	126	2.237959
16	27	36	47	316	322	2.531116
18	29	38	49	56	28	2.669292
19	30	39	50	86	328	1.985715
21	32	41	52	141	51	1.428009
24	35	44	55	0	16	0.775259
26	37	46	57	0	196	1.046929
27	38	47	58	0	273	1.419073
28	39	48	59	0	16	0.775259
29	40	49	60	0	121	0.992640
30	41	50	61	0	27	0.813956
37	48	57	68	33	339	3.274195
70	81	88	99	125	53	2.587211
102	113	122	133	167	158	1.812316
108	119	128	139	17	124	2.100408
110	121	130	141	124	208	2.503023
111	122	131	142	151	398	2.424902
115	126	135	146	51	141	1.428009
142	153	161	172	202	372	2.168379
149	160	168	179	4	23	1.335798
159	170	178	189	121	170	1.774213
165	176	184	195	284	260	1.981488
166	177	185	196	287	170	1.992976
170	181	189	200	331	301	2.779249
200	211	218	229	16	0	0.775259
