start1	end1	start2	end2	frag1	frag2	frag_rmsd
10	21	10	21	376	129	1.562683
53	64	53	64	213	92	2.705920
57	68	57	68	351	299	2.013905
71	82	71	82	189	387	2.426192
74	85	74	85	102	139	2.996002
81	92	81	92	372	344	2.247971
86	97	86	97	57	157	2.214777
87	98	87	98	126	395	1.849402
88	99	88	99	322	357	2.219787
