start1	end1	start2	end2	frag1	frag2	frag_rmsd
11	22	9	20	0	127	0.813264
15	26	13	24	294	277	2.827017
16	27	14	25	280	101	2.023902
20	31	18	29	108	120	2.773258
21	32	19	30	212	305	3.830677
23	34	21	32	225	326	2.488373
63	74	61	72	45	36	1.796707
