start1	end1	start2	end2	frag1	frag2	frag_rmsd
44	55	71	82	176	53	2.615884
46	57	73	84	214	282	3.240357
47	58	74	85	266	243	2.752082
61	72	88	99	16	0	0.775259
62	73	89	100	16	0	0.775259
63	74	90	101	16	0	0.775259
64	75	91	102	87	188	1.255021
97	108	124	135	126	395	1.849402
98	109	125	136	318	132	1.806699
117	128	147	158	34	164	2.524144
156	167	197	208	16	170	2.037066
157	168	198	209	184	196	1.667884
158	169	199	210	0	273	1.419073
162	173	203	214	0	27	0.813956
177	188	223	234	323	293	1.968250
186	197	232	243	0	16	0.775259
259	270	323	334	141	51	1.428009
267	278	331	342	0	35	1.003458
277	288	341	352	138	2	2.756781
282	293	346	357	273	16	1.325929
283	294	347	358	184	121	1.193672
284	295	348	359	121	0	0.992640
285	296	349	360	27	0	0.813956
316	327	381	392	184	0	1.197355
