start1	end1	start2	end2	frag1	frag2	frag_rmsd
64	75	117	128	358	247	2.479219
65	76	118	129	292	78	2.869152
84	95	150	161	54	14	3.072925
85	96	151	162	178	183	1.884271
131	142	191	202	16	0	0.775259
132	143	192	203	16	0	0.775259
134	145	194	205	338	25	1.152231
138	149	198	209	363	164	1.880850
139	150	199	210	174	133	1.804231
140	151	200	211	391	383	2.783941
141	152	201	212	357	391	1.962426
