start1	end1	start2	end2	frag1	frag2	frag_rmsd
10	21	39	50	212	364	1.843570
11	22	40	51	193	202	2.754505
13	24	42	53	95	141	1.602886
18	29	47	58	0	16	0.775259
22	33	51	62	35	0	1.003458
26	37	55	66	33	288	1.743390
28	39	57	68	164	156	1.408711
29	40	58	69	174	331	1.879546
31	42	60	71	236	299	1.995469
32	43	61	72	86	193	1.791219
35	46	64	75	388	115	3.544933
37	48	66	77	264	62	1.971903
39	50	68	79	138	44	2.709195
40	51	69	80	345	276	2.060965
