start1	end1	start2	end2	frag1	frag2	frag_rmsd
66	77	133	144	60	184	1.862666
67	78	134	145	16	184	1.241286
69	80	136	147	196	127	1.155792
72	83	139	150	279	315	2.431656
73	84	140	151	291	387	2.790625
90	101	158	169	368	169	1.875270
91	102	159	170	118	149	1.094155
93	104	161	172	77	380	2.239592
100	111	168	179	57	132	1.551260
101	112	169	180	132	126	2.227804
102	113	170	181	42	132	2.640108
115	126	186	197	322	126	2.289807
118	129	189	200	92	40	1.759016
119	130	190	201	38	2	2.598759
120	131	191	202	155	205	2.471268
121	132	192	203	289	3	4.290548
122	133	193	204	142	351	3.322144
123	134	194	205	46	116	3.578400
124	135	195	206	139	7	3.435290
