start1	end1	start2	end2	frag1	frag2	frag_rmsd
11	22	13	24	264	12	2.476974
12	23	14	25	87	279	1.895856
17	28	19	30	342	301	2.307304
20	31	22	33	395	126	1.849402
21	32	23	34	132	322	1.945705
49	60	55	66	234	390	2.898259
52	63	58	69	383	29	2.194744
53	64	59	70	246	373	2.083918
64	75	70	81	38	320	3.016674
82	93	89	100	129	48	3.148720
83	94	90	101	67	263	3.315353
84	95	91	102	257	383	2.681504
85	96	92	103	310	334	2.654164
105	116	112	123	271	380	2.448575
111	122	118	129	233	315	2.698823
112	123	119	130	325	307	2.398407
117	128	124	135	106	357	2.204060
119	130	126	137	389	248	2.208556
120	131	127	138	158	248	2.329879
121	132	128	139	198	392	2.724956
124	135	131	142	116	73	2.465220
125	136	132	143	266	152	3.335901
129	140	136	147	120	365	2.590663
131	142	138	149	185	383	2.808102
134	145	141	152	86	309	2.383501
136	147	143	154	15	95	1.966391
143	154	150	161	119	139	2.402640
196	207	203	214	16	0	0.775259
197	208	204	215	0	35	1.003458
218	229	226	237	2	343	1.502106
222	233	230	241	238	37	2.320296
225	236	233	244	87	149	1.474472
268	279	289	300	95	141	1.602886
324	335	348	359	217	4	1.467713
327	338	351	362	27	0	0.813956
374	385	400	411	307	88	2.822750
376	387	402	413	156	250	2.358639
387	398	413	424	338	18	1.332509
388	399	414	425	100	377	1.241297
453	464	479	490	197	373	3.627514
515	526	540	551	16	127	1.158335
516	527	541	552	0	16	0.775259
517	528	542	553	196	127	1.155792
