start1	end1	start2	end2	frag1	frag2	frag_rmsd
11	22	63	74	3	11	2.991060
14	25	66	77	262	352	3.276034
20	31	72	83	169	105	1.732125
77	88	132	143	128	367	2.784997
97	108	160	171	233	287	1.914960
135	146	205	216	0	127	0.813264
136	147	206	217	0	260	1.731263
137	148	207	218	0	170	1.959205
152	163	225	236	28	320	2.315284
155	166	228	239	327	367	2.658463
209	220	265	276	45	22	2.418557
264	275	313	324	293	10	1.943477
266	277	315	326	334	309	2.439331
268	279	317	328	364	218	2.605485
271	282	320	331	304	181	3.135355
309	320	350	361	0	16	0.775259
314	325	355	366	235	100	1.231875
319	330	360	371	57	132	1.551260
320	331	361	372	84	126	1.909341
321	332	362	373	61	126	2.069075
324	335	365	376	329	320	2.324045
325	336	366	377	117	213	2.137352
327	338	368	379	342	390	2.862403
328	339	369	380	171	254	2.333644
329	340	370	381	67	299	3.165380
330	341	371	382	135	206	2.279882
331	342	372	383	72	53	1.827392
332	343	373	384	220	15	1.671599
333	344	374	385	26	216	1.454310
335	346	376	387	273	196	1.887756
336	347	377	388	184	273	1.674643
337	348	378	389	121	184	1.193672
344	355	385	396	91	302	2.022399
379	390	420	431	392	91	2.022503
385	396	426	437	102	13	2.280470
389	400	430	441	97	29	2.744655
390	401	431	442	157	302	1.373132
391	402	432	443	84	357	2.904631
393	404	434	445	7	211	2.204320
394	405	435	446	329	7	2.127910
425	436	450	461	152	155	3.294148
430	441	455	466	255	253	2.281137
432	443	457	468	356	132	2.067486
435	446	460	471	126	360	2.237959
448	459	476	487	360	322	1.453720
462	473	490	501	360	356	2.206112
463	474	491	502	126	360	2.237959
464	475	492	503	322	360	1.453720
482	493	509	520	359	295	2.633742
484	495	511	522	346	31	1.101450
485	496	512	523	15	95	1.966391
496	507	523	534	16	0	0.775259
497	508	524	535	0	35	1.003458
499	510	526	537	144	25	1.398598
500	511	527	538	271	161	1.954501
502	513	529	540	354	101	2.343357
503	514	530	541	160	103	2.737667
505	516	532	543	95	66	1.609657
573	584	604	615	110	249	1.575234
586	597	617	628	298	226	2.107868
608	619	649	660	41	201	3.025697
614	625	655	666	126	395	1.849402
