start1	end1	start2	end2	frag1	frag2	frag_rmsd
12	23	16	27	166	368	1.571683
13	24	17	28	235	284	2.316448
19	30	23	34	4	111	0.994513
20	31	24	35	121	0	0.992640
21	32	25	36	27	0	0.813956
31	42	35	46	56	295	2.898680
32	43	36	47	194	292	2.884059
34	45	38	49	394	227	2.879239
50	61	54	65	216	45	1.903162
51	62	55	66	111	4	0.994513
52	63	56	67	127	0	0.813264
55	66	59	70	18	24	1.529172
78	89	82	93	268	354	2.147233
102	113	106	117	121	0	0.992640
103	114	107	118	196	0	1.046929
108	119	112	123	16	0	0.775259
109	120	113	124	16	0	0.775259
110	121	114	125	170	0	1.959205
111	122	115	126	196	0	1.046929
113	124	117	128	271	284	2.057730
114	125	118	129	170	287	1.992976
116	127	120	131	144	103	3.235748
117	128	121	132	284	98	3.148468
118	129	122	133	104	98	2.569445
119	130	123	134	134	189	2.650643
120	131	124	135	280	170	3.342169
121	132	125	136	230	44	2.806219
122	133	126	137	43	369	3.020514
125	136	129	140	4	111	0.994513
136	147	140	151	0	35	1.003458
140	151	144	155	79	380	1.921925
142	153	146	157	304	101	3.662797
143	154	147	158	128	98	2.841065
146	157	150	161	363	302	2.467216
147	158	151	162	348	351	3.054554
148	159	152	163	28	299	3.077039
149	160	153	164	2	72	2.187701
173	184	177	188	16	0	0.775259
175	186	179	190	196	0	1.046929
