start1	end1	start2	end2	frag1	frag2	frag_rmsd
26	37	24	35	389	158	2.036257
63	74	53	64	356	126	2.644557
64	75	54	65	258	61	1.652270
66	77	56	67	204	40	2.160416
90	101	80	91	178	383	2.575768
93	104	83	94	102	19	3.139195
156	167	146	157	42	357	2.024226
180	191	170	181	100	277	1.693324
