start1	end1	start2	end2	frag1	frag2	frag_rmsd
1	12	2	13	0	121	0.992640
2	13	3	14	0	27	0.813956
16	27	17	28	170	233	1.990823
22	33	23	34	151	157	2.684703
24	35	25	36	114	374	1.630636
25	36	26	37	309	343	2.655565
34	45	35	46	0	16	0.775259
36	47	37	48	127	196	1.155792
37	48	38	49	149	368	1.387412
41	52	42	53	337	160	3.041217
48	59	49	60	0	16	0.775259
54	65	55	66	171	254	2.333644
57	68	58	69	177	21	1.869818
60	71	61	72	136	206	1.496459
61	72	62	73	231	31	1.286233
89	100	90	101	322	126	2.289807
92	103	93	104	28	374	1.355458
94	105	95	106	213	312	1.883397
95	106	96	107	229	78	2.235105
97	108	98	109	29	182	1.423903
100	111	101	112	225	1	1.414968
103	114	104	115	4	111	0.994513
104	115	105	116	0	35	1.003458
108	119	109	120	161	235	1.099262
110	121	111	122	232	288	2.068787
113	124	114	125	84	57	2.559962
114	125	115	126	158	356	2.873854
115	126	116	127	357	322	2.219787
119	130	120	131	58	73	3.414295
138	149	139	150	256	103	2.482641
140	151	141	152	120	66	3.183341
141	152	142	153	147	262	3.516904
142	153	143	154	60	91	4.032513
143	154	144	155	148	398	3.438342
157	168	158	169	132	356	2.067486
160	171	161	172	322	126	2.289807
162	173	163	174	322	126	2.289807
164	175	165	176	258	313	2.044899
165	176	166	177	167	187	2.121763
167	178	168	179	163	146	2.035090
168	179	169	180	205	229	2.523216
183	194	184	195	20	330	1.984773
203	214	203	214	389	258	2.040431
209	220	209	220	375	200	3.058529
216	227	216	227	293	167	1.284317
221	232	221	232	314	363	2.815277
226	237	226	237	360	61	1.959112
229	240	229	240	328	38	2.338801
232	243	232	243	281	347	2.168443
233	244	233	244	70	237	2.290181
266	277	265	276	126	392	1.978049
270	281	269	280	389	61	1.926015
272	283	271	282	80	343	2.835991
274	285	273	284	326	95	2.813465
307	318	306	317	126	84	1.909341
309	320	308	319	126	360	2.237959
311	322	310	321	322	360	1.453720
341	352	341	352	64	146	1.629420
342	353	342	353	229	370	2.552060
345	356	345	356	57	132	1.551260
347	358	347	358	389	61	1.926015
348	359	348	359	28	374	1.355458
354	365	354	365	8	363	3.456817
356	367	356	367	318	132	1.806699
360	371	360	371	158	167	1.812316
