start1	end1	start2	end2	frag1	frag2	frag_rmsd
40	51	14	25	208	3	2.137017
42	53	16	27	116	158	3.190239
44	55	18	29	38	163	2.391719
57	68	31	42	207	192	2.530014
112	123	90	101	192	344	2.646417
114	125	92	103	390	214	3.710937
121	132	99	110	376	129	1.562683
127	138	105	116	208	307	2.658720
128	139	106	117	226	154	3.553946
129	140	107	118	173	272	2.804773
136	147	114	125	80	313	2.489096
145	156	123	134	248	316	2.344338
147	158	125	136	198	40	1.579973
150	161	128	139	189	182	2.177050
210	221	199	210	124	362	2.182590
219	230	208	219	91	255	2.289949
220	231	209	220	392	91	2.022503
222	233	211	222	84	360	1.521872
238	249	227	238	84	360	1.521872
240	251	229	240	40	198	1.579973
241	252	230	241	198	391	2.242897
