start1	end1	start2	end2	frag1	frag2	frag_rmsd
17	28	17	28	100	380	1.630511
23	34	23	34	229	205	2.523216
27	38	27	38	42	395	2.168523
29	40	29	40	162	211	2.462839
31	42	31	42	83	122	2.374981
33	44	33	44	59	327	2.076427
36	47	36	47	174	301	2.796572
37	48	37	48	91	298	2.033592
38	49	38	49	356	57	1.996521
46	57	46	57	83	20	2.024528
52	63	52	63	57	91	2.021486
71	82	71	82	171	324	2.654812
76	87	76	87	276	195	1.460134
91	102	91	102	365	200	2.605423
