start1	end1	start2	end2	frag1	frag2	frag_rmsd
10	21	8	19	170	0	1.959205
13	24	11	22	240	184	1.274780
52	63	41	52	73	329	2.227621
53	64	42	53	138	102	2.892831
59	70	48	59	0	121	0.992640
61	72	50	61	16	0	0.775259
63	74	52	63	196	0	1.046929
112	123	100	111	16	0	0.775259
114	125	102	113	196	0	1.046929
