start1	end1	start2	end2	frag1	frag2	frag_rmsd
6	17	6	17	250	363	2.347188
7	18	7	18	298	157	2.811881
