start1	end1	start2	end2	frag1	frag2	frag_rmsd
3	14	48	59	127	0	0.813264
4	15	49	60	16	0	0.775259
5	16	50	61	49	0	1.806828
6	17	51	62	52	188	2.119108
11	22	56	67	268	385	2.894825
12	23	57	68	136	230	2.068366
15	26	60	71	45	216	1.903162
16	27	61	72	4	111	0.994513
42	53	91	102	236	63	3.768463
96	107	141	152	166	144	1.768288
98	109	143	154	294	104	2.248622
