start1	end1	start2	end2	frag1	frag2	frag_rmsd
29	40	31	42	10	163	2.500065
40	51	42	53	167	395	2.258216
52	63	54	65	169	226	2.850649
54	65	56	67	398	185	2.987202
55	66	57	68	124	208	2.503023
72	83	74	85	268	385	2.894825
82	93	84	95	28	73	2.597259
124	135	126	137	32	82	2.553400
