start1	end1	start2	end2	frag1	frag2	frag_rmsd
44	55	39	50	0	16	0.775259
48	59	43	54	0	16	0.775259
49	60	44	55	0	121	0.992640
50	61	45	56	0	27	0.813956
