start1	end1	start2	end2	frag1	frag2	frag_rmsd
3	14	31	42	123	223	1.416700
6	17	34	45	35	0	1.003458
67	78	90	101	357	392	2.035569
