start1	end1	start2	end2	frag1	frag2	frag_rmsd
4	15	6	17	42	391	2.281049
48	59	61	72	249	17	1.089644
49	60	62	73	49	279	1.758674
56	67	69	80	253	370	2.112806
63	74	76	87	132	322	1.945705
64	75	77	88	126	84	1.909341
