start1	end1	start2	end2	frag1	frag2	frag_rmsd
36	47	40	51	86	343	2.099547
46	57	50	61	16	0	0.775259
108	119	118	129	42	126	2.008935
