start1	end1	start2	end2	frag1	frag2	frag_rmsd
52	63	60	71	66	95	1.609657
74	85	82	93	392	57	2.274546
78	89	86	97	293	167	1.284317
80	91	88	99	152	150	2.343118
83	94	91	102	390	375	2.986092
87	98	95	106	132	357	1.964894
102	113	110	121	132	84	2.205557
120	131	128	139	360	61	1.959112
135	146	145	156	157	57	2.214777
137	148	147	158	167	389	1.584191
153	164	162	173	393	222	2.706725
154	165	163	174	301	272	3.183434
156	167	165	176	107	356	1.430031
157	168	166	177	360	84	1.521872
159	170	168	179	322	360	1.453720
163	174	172	183	61	357	2.416361
166	177	175	186	38	247	2.150232
171	182	180	191	194	31	2.133963
172	183	181	192	141	95	1.602886
