start1	end1	start2	end2	frag1	frag2	frag_rmsd
9	20	10	21	126	61	2.069075
10	21	11	22	313	389	2.390236
11	22	12	23	28	10	2.196024
12	23	13	24	92	163	2.362957
43	54	44	55	58	198	2.750207
44	55	45	56	140	246	2.828253
60	71	62	73	0	16	0.775259
61	72	63	74	16	0	0.775259
75	86	77	88	274	56	2.377615
76	87	78	89	292	86	2.725013
78	89	80	91	141	22	1.438165
81	92	83	94	0	273	1.419073
82	93	84	95	0	184	1.197355
83	94	85	96	188	87	1.255021
84	95	86	97	25	338	1.152231
85	96	87	98	161	100	0.978809
