start1	end1	start2	end2	frag1	frag2	frag_rmsd
86	97	77	88	35	94	1.741150
144	155	135	146	201	19	2.814050
148	159	139	150	305	129	2.207893
149	160	140	151	135	396	2.434347
175	186	166	177	356	208	3.016373
178	189	169	180	176	310	3.209374
181	192	172	183	131	112	2.361165
186	197	177	188	112	281	3.430967
199	210	190	201	360	126	2.237959
208	219	199	210	22	141	1.438165
239	250	230	241	357	148	2.968852
241	252	232	243	57	310	2.973413
263	274	254	265	248	322	2.535011
292	303	281	292	322	126	2.289807
293	304	282	293	126	360	2.237959
294	305	283	294	322	360	1.453720
296	307	285	296	313	258	2.044899
305	316	294	305	322	360	1.453720
308	319	297	308	61	158	2.386508
309	320	298	309	258	198	1.817841
331	342	320	331	35	127	1.273794
333	344	322	333	69	249	1.666766
335	346	324	335	134	290	2.704419
337	348	326	337	156	131	3.010123
338	349	327	338	112	268	2.830405
340	351	329	340	179	257	2.843468
342	353	331	342	371	89	2.559953
343	354	332	343	388	244	2.900160
344	355	333	344	24	18	1.529172
346	357	335	346	71	307	2.794466
367	378	356	367	232	288	2.068787
397	408	385	396	207	1	1.582075
398	409	386	397	289	51	2.618019
431	442	419	430	317	25	2.171074
436	447	424	435	173	272	2.804773
440	451	428	439	56	354	2.531723
443	454	431	442	141	95	1.602886
458	469	446	457	151	348	2.721200
461	472	449	460	74	395	2.772109
463	474	451	462	58	130	2.763978
469	480	457	468	253	363	3.049768
490	501	479	490	389	374	2.460334
499	510	488	499	359	283	2.495380
501	512	490	501	231	31	1.286233
504	515	493	504	70	169	2.251334
525	536	514	525	20	150	2.215790
528	539	517	528	385	268	2.894825
531	542	520	531	90	95	2.879727
533	544	522	533	23	111	1.303435
