start1	end1	start2	end2	frag1	frag2	frag_rmsd
2	13	4	15	375	200	3.058529
11	22	13	24	349	253	2.373083
64	75	68	79	213	177	2.398173
136	147	141	152	348	313	2.381382
145	156	150	161	187	395	2.388178
