start1	end1	start2	end2	frag1	frag2	frag_rmsd
33	44	45	56	0	16	0.775259
36	47	48	59	24	110	1.015908
39	50	51	62	172	263	2.306870
41	52	53	64	334	205	2.027607
42	53	54	65	183	143	1.720893
44	55	56	67	187	246	2.528512
49	60	61	72	379	91	2.388994
54	65	66	77	38	204	2.799377
55	66	67	78	358	38	2.528073
58	69	70	81	129	345	2.656148
69	80	81	92	359	189	3.394049
70	81	82	93	230	30	1.728147
76	87	88	99	383	157	2.212296
77	88	89	100	391	379	2.465700
78	89	90	101	10	357	2.250248
106	117	118	129	229	21	2.030465
111	122	123	134	28	211	2.651552
124	135	136	147	376	396	2.586490
126	137	138	149	123	147	1.240679
135	146	147	158	31	231	1.286233
138	149	150	161	4	23	1.335798
143	154	155	166	16	0	0.775259
160	171	172	183	187	162	2.227353
161	172	173	184	92	312	2.438767
163	174	175	186	155	14	2.198745
165	176	177	188	236	308	2.282626
166	177	178	189	19	202	3.047819
167	178	179	190	247	213	2.620636
171	182	183	194	44	31	3.860324
173	184	185	196	141	227	1.668724
174	185	186	197	147	223	1.957202
176	187	188	199	60	24	2.263582
177	188	189	200	319	168	1.875843
178	189	190	201	387	307	2.453431
179	190	191	202	201	290	1.873591
180	191	192	203	131	352	3.629563
181	192	193	204	334	312	2.786273
182	193	194	205	342	234	2.805291
183	194	195	206	29	366	3.265340
185	196	197	208	102	19	3.139195
186	197	198	209	344	275	2.446515
232	243	251	262	54	302	1.822938
283	294	307	318	360	322	1.453720
