start1	end1	start2	end2	frag1	frag2	frag_rmsd
14	25	22	33	34	363	3.284685
15	26	23	34	272	302	2.325891
16	27	24	35	318	132	1.806699
17	28	25	36	395	126	1.849402
18	29	26	37	203	313	2.497212
20	31	28	39	122	13	2.315071
25	36	33	44	331	3	2.648256
27	38	35	46	392	158	2.916314
28	39	36	47	374	114	1.630636
29	40	37	48	215	38	3.405149
30	41	38	49	73	130	3.118206
42	53	51	62	33	283	3.091287
44	55	53	64	156	385	2.695774
45	56	54	65	30	38	3.587291
46	57	55	66	192	342	3.370567
48	59	57	68	71	253	2.882021
49	60	58	69	298	91	2.033592
50	61	59	70	91	107	2.649081
53	64	62	73	167	293	1.284317
54	65	63	74	73	68	2.957185
55	66	64	75	150	152	2.343118
59	70	68	79	223	108	2.253486
60	71	69	80	169	238	2.436671
75	86	82	93	16	0	0.775259
76	87	83	94	127	87	1.661081
78	89	85	96	49	168	2.615205
79	90	86	97	87	52	2.218933
80	91	87	98	25	317	2.171074
81	92	88	99	235	41	1.883375
83	94	90	101	232	378	3.057622
84	95	91	102	221	370	2.622192
100	111	107	118	284	172	3.108557
101	112	108	119	332	131	3.010832
102	113	109	120	112	232	3.372016
110	121	117	128	320	10	2.594818
111	122	118	129	7	247	3.120444
113	124	120	131	369	276	1.368954
