start1	end1	start2	end2	frag1	frag2	frag_rmsd
17	28	14	25	365	120	2.590663
46	57	41	52	10	183	2.579576
47	58	42	53	395	370	2.639038
51	62	46	57	331	183	2.314556
66	77	61	72	107	187	3.273161
67	78	62	73	248	334	2.628843
68	79	63	74	178	183	1.884271
76	87	71	82	29	171	2.510623
82	93	77	88	365	363	2.484110
83	94	78	89	174	302	2.621173
84	95	79	90	57	143	2.304628
85	96	80	91	395	167	2.258216
