start1	end1	start2	end2	frag1	frag2	frag_rmsd
3	14	5	16	12	124	2.363528
99	110	96	107	236	299	1.995469
101	112	98	109	225	1	1.414968
102	113	99	110	135	89	2.463317
105	116	102	113	244	87	2.309005
122	133	118	129	44	119	2.044452
125	136	121	132	223	371	1.695846
131	142	127	138	16	0	0.775259
133	144	129	140	60	149	1.545532
139	150	135	146	275	22	2.910979
140	151	136	147	32	238	3.304354
143	154	139	150	371	216	1.502072
144	155	140	151	111	278	1.961396
145	156	141	152	0	184	1.197355
146	157	142	153	0	27	0.813956
147	158	143	154	0	220	1.838539
148	159	144	155	0	121	0.992640
149	160	145	156	0	27	0.813956
170	181	168	179	166	368	1.571683
171	182	169	180	271	18	1.069917
175	186	173	184	259	76	1.996031
177	188	175	186	388	85	2.543328
178	189	176	187	212	354	2.601153
179	190	177	188	153	160	2.634094
182	193	180	191	36	45	1.796707
183	194	181	192	238	111	1.998903
184	195	182	193	273	0	1.419073
