start1	end1	start2	end2	frag1	frag2	frag_rmsd
9	20	11	22	166	144	1.768288
13	24	15	26	103	160	2.737667
14	25	16	27	222	31	3.148271
15	26	17	28	21	265	2.183885
18	29	20	31	153	193	1.727407
20	31	22	33	95	51	1.563872
21	32	23	34	45	123	1.488609
25	36	27	38	277	235	1.734496
29	40	31	42	30	230	1.728147
30	41	32	43	231	346	1.531187
34	45	36	47	166	368	1.571683
37	48	39	50	134	387	2.703268
