start1	end1	start2	end2	frag1	frag2	frag_rmsd
3	14	2	13	258	198	1.817841
4	15	3	14	258	10	2.633312
7	18	6	17	13	20	1.989394
13	24	12	23	132	357	1.964894
47	58	45	56	294	33	2.272830
50	61	48	59	174	97	2.041055
51	62	49	60	54	302	1.822938
52	63	50	61	178	132	2.174432
53	64	51	62	318	389	2.785520
54	65	52	63	162	114	1.980808
55	66	53	64	343	309	2.655565
79	90	77	88	6	335	1.971828
81	92	79	90	222	112	3.358125
83	94	81	92	54	298	2.540643
130	141	109	120	338	25	1.152231
188	199	159	170	389	239	2.206659
189	200	160	171	114	28	1.637541
190	201	161	172	73	96	2.402429
202	213	173	184	0	127	0.813264
204	215	175	186	18	25	1.880110
211	222	182	193	178	143	1.650270
228	239	202	213	35	0	1.003458
229	240	203	214	127	0	0.813264
230	241	204	215	16	0	0.775259
234	245	208	219	24	180	1.017167
236	247	210	221	295	354	1.529198
239	250	213	224	78	378	1.620040
245	256	219	230	391	58	2.359458
251	262	225	236	141	22	1.438165
254	265	228	239	0	184	1.197355
255	266	229	240	0	121	0.992640
265	276	239	250	187	318	2.503665
269	280	243	254	397	23	1.877845
270	281	244	255	23	27	1.068713
278	289	252	263	173	352	3.472911
279	290	253	264	329	116	2.981683
310	321	276	287	339	49	2.367360
360	371	323	334	0	16	0.775259
