start1	end1	start2	end2	frag1	frag2	frag_rmsd
36	47	43	54	387	366	2.734881
39	50	46	57	191	112	3.596074
54	65	61	72	6	256	2.076516
56	67	63	74	57	178	1.951934
57	68	64	75	57	318	2.213565
58	69	65	76	126	316	2.926603
60	71	67	78	386	328	2.639548
61	72	68	79	86	194	2.881906
