start1	end1	start2	end2	frag1	frag2	frag_rmsd
128	139	131	142	322	126	2.289807
129	140	132	143	360	106	2.403800
130	141	133	144	61	203	3.136312
131	142	134	145	28	187	2.636312
132	143	135	146	38	7	2.699184
133	144	136	147	117	213	2.137352
134	145	137	148	229	14	2.682356
135	146	138	149	301	174	2.796572
136	147	139	150	57	97	2.871700
137	148	140	151	91	302	2.022399
138	149	141	152	322	132	1.945705
173	184	172	183	126	360	2.237959
214	225	192	203	322	360	1.453720
216	227	194	205	322	360	1.453720
219	230	197	208	322	126	2.289807
222	233	200	211	293	239	2.280486
230	241	208	219	132	356	2.067486
232	243	210	221	322	360	1.453720
268	279	257	268	360	61	1.959112
273	284	262	273	126	84	1.909341
274	285	263	274	132	126	2.227804
288	299	277	288	322	360	1.453720
290	301	279	290	322	360	1.453720
294	305	283	294	360	132	2.169218
338	349	357	368	322	132	1.945705
378	389	425	436	107	57	2.508886
397	408	457	468	360	322	1.453720
398	409	458	469	360	126	2.237959
399	410	459	470	126	322	2.289807
400	411	460	471	360	126	2.237959
401	412	461	472	126	322	2.289807
402	413	462	473	258	389	2.040431
403	414	463	474	167	28	2.361477
452	463	497	508	360	126	2.237959
455	466	500	511	322	357	2.219787
456	467	501	512	126	42	2.008935
468	479	515	526	132	126	2.227804
470	481	517	528	322	357	2.219787
471	482	518	529	126	42	2.008935
472	483	519	530	322	357	2.219787
473	484	520	531	126	392	1.978049
474	485	521	532	61	126	2.069075
515	526	553	564	61	126	2.069075
517	528	555	566	239	215	1.429311
542	553	585	596	334	312	2.786273
544	555	587	598	185	3	2.630626
547	558	590	601	54	248	2.082630
549	560	592	603	84	132	2.205557
550	561	593	604	84	356	1.970757
551	562	594	605	126	360	2.237959
553	564	596	607	61	360	1.959112
568	579	616	627	360	126	2.237959
599	610	637	648	322	360	1.453720
615	626	657	668	360	158	3.012218
619	630	661	672	391	215	3.057970
