start1	end1	start2	end2	frag1	frag2	frag_rmsd
4	15	6	17	132	322	1.945705
7	18	9	20	360	322	1.453720
8	19	10	21	126	392	1.978049
12	23	14	25	322	360	1.453720
14	25	16	27	389	313	2.390236
18	29	20	31	229	55	2.679222
21	32	23	34	348	386	2.586622
36	47	38	49	0	16	0.775259
40	51	42	53	0	16	0.775259
42	53	44	55	16	260	1.076875
43	54	45	56	170	49	2.018496
44	55	46	57	87	52	2.218933
47	58	49	60	294	9	2.905146
49	60	51	62	254	396	2.801682
86	97	92	103	371	27	2.517221
94	105	100	111	0	16	0.775259
95	106	101	112	0	16	0.775259
130	141	133	144	187	395	2.388178
131	142	134	145	106	318	2.386148
132	143	135	146	176	395	3.289485
135	146	138	149	258	360	2.306964
137	148	140	151	143	151	2.538459
138	149	141	152	163	316	3.087773
139	150	142	153	92	391	2.557135
141	152	144	155	54	248	2.082630
144	155	147	158	162	28	1.560721
156	167	159	170	356	322	2.017159
166	177	169	180	389	68	2.655854
173	184	176	187	173	91	2.560482
176	187	179	190	210	246	3.138115
177	188	180	191	38	266	3.239700
178	189	181	192	112	213	3.032604
179	190	182	193	78	361	3.012149
182	193	185	196	253	272	2.774002
183	194	186	197	248	316	2.344338
197	208	200	211	383	297	3.183673
203	214	206	217	375	393	2.214683
