start1	end1	start2	end2	frag1	frag2	frag_rmsd
15	26	6	17	127	0	0.813264
17	28	8	19	170	0	1.959205
18	29	9	20	196	0	1.046929
19	30	10	21	273	0	1.419073
20	31	11	22	16	0	0.775259
21	32	12	23	121	0	0.992640
22	33	13	24	27	0	0.813956
73	84	55	66	219	153	2.935815
128	139	104	115	136	193	1.585201
129	140	105	116	49	341	2.564185
130	141	106	117	309	81	2.679981
134	145	110	121	136	193	1.585201
141	152	117	128	0	16	0.775259
