start1	end1	start2	end2	frag1	frag2	frag_rmsd
1	12	1	12	73	68	2.957185
3	14	3	14	292	138	2.059222
8	19	8	19	0	16	0.775259
10	21	10	21	127	196	1.155792
36	47	23	34	28	40	1.916230
39	50	26	37	148	3	3.190501
76	87	59	70	281	45	1.651716
77	88	60	71	70	224	1.307761
78	89	61	72	240	184	1.274780
79	90	62	73	121	27	1.355932
87	98	70	81	118	149	1.094155
88	99	71	82	251	338	2.138871
89	100	72	83	233	287	1.914960
94	105	77	88	57	356	1.996521
95	106	78	89	318	360	2.599279
98	109	81	92	210	73	2.056321
113	124	96	107	69	41	2.088761
114	125	97	108	294	33	2.272830
