start1	end1	start2	end2	frag1	frag2	frag_rmsd
4	15	2	13	263	247	2.642104
11	22	9	20	111	4	0.994513
13	24	11	22	0	16	0.775259
14	25	12	23	35	0	1.003458
