start1	end1	start2	end2	frag1	frag2	frag_rmsd
44	55	44	55	361	301	2.339875
46	57	46	57	57	356	1.996521
