start1	end1	start2	end2	frag1	frag2	frag_rmsd
33	44	27	38	78	390	2.515234
56	67	49	60	357	61	2.416361
58	69	51	62	323	239	2.260356
83	94	71	82	375	301	3.007120
96	107	83	94	272	133	3.327040
97	108	84	95	107	57	2.508886
98	109	85	96	360	84	1.521872
99	110	86	97	126	360	2.237959
100	111	87	98	132	360	2.169218
103	114	90	101	7	38	2.699184
104	115	91	102	58	192	1.504351
106	117	93	104	388	182	2.997735
109	120	96	107	205	10	2.408549
112	123	99	110	379	57	2.336006
113	124	100	111	42	132	2.640108
116	127	103	114	322	357	2.219787
117	128	104	115	323	389	2.182032
138	149	124	135	187	80	2.711415
