start1	end1	start2	end2	frag1	frag2	frag_rmsd
1	12	1	12	322	392	2.364933
2	13	2	13	84	356	1.970757
5	16	5	16	132	322	1.945705
29	40	29	40	345	195	2.125554
59	70	59	70	138	328	2.615349
114	125	117	128	3	97	2.451993
115	126	118	129	205	334	2.027607
117	128	120	131	316	29	2.795572
118	129	121	132	246	373	2.083918
119	130	122	133	308	328	2.564758
120	131	123	134	130	192	2.198175
124	135	127	138	376	340	2.433654
139	150	142	153	106	322	2.256879
140	151	143	154	176	239	2.693058
