start1	end1	start2	end2	frag1	frag2	frag_rmsd
35	46	17	28	35	0	1.003458
40	51	22	33	217	0	1.425276
52	63	34	45	357	360	2.658914
53	64	35	46	360	126	2.237959
56	67	38	49	56	386	2.727061
57	68	39	50	138	328	2.615349
58	69	40	51	32	213	2.967391
93	104	83	94	121	216	1.107965
108	119	98	109	173	91	2.560482
109	120	99	110	211	356	3.775616
111	122	101	112	68	389	2.655854
112	123	102	113	274	114	3.336093
212	223	195	206	164	156	1.408711
220	231	203	214	22	141	1.438165
223	234	206	217	184	170	1.844017
224	235	207	218	121	196	1.241736
225	236	208	219	27	273	1.481073
228	239	211	222	0	27	0.813956
289	300	256	267	280	268	2.159615
290	301	257	268	30	230	1.728147
297	308	264	275	0	127	0.813264
314	325	304	315	45	371	1.366556
315	326	305	316	23	111	1.303435
316	327	306	317	27	0	0.813956
