start1	end1	start2	end2	frag1	frag2	frag_rmsd
62	73	32	43	61	84	2.287400
64	75	34	45	343	386	2.848141
65	76	35	46	207	176	2.783500
98	109	58	69	16	0	0.775259
144	155	98	109	25	118	1.917152
151	162	105	116	0	16	0.775259
170	181	126	137	0	127	0.813264
171	182	127	138	0	16	0.775259
188	199	140	151	276	194	2.357682
189	200	141	152	227	141	1.668724
191	202	143	154	224	70	1.307761
