start1	end1	start2	end2	frag1	frag2	frag_rmsd
17	28	13	24	355	232	2.143807
26	37	22	33	191	323	2.876374
77	88	54	65	155	292	3.460080
78	89	55	66	369	125	2.724730
79	90	56	67	135	240	2.397625
80	91	57	68	147	216	2.448146
119	130	93	104	322	132	1.945705
182	193	159	170	107	395	2.432305
183	194	160	171	258	392	2.406167
184	195	161	172	386	297	2.304549
