start1	end1	start2	end2	frag1	frag2	frag_rmsd
19	30	7	18	309	198	2.955738
21	32	9	20	148	275	3.930675
22	33	10	21	191	85	2.474521
24	35	12	23	82	261	2.364559
51	62	38	49	229	378	1.841616
81	92	68	79	0	16	0.775259
103	114	89	100	284	264	2.027927
104	115	90	101	283	109	2.733721
105	116	91	102	103	160	2.737667
115	126	101	112	100	161	0.978809
122	133	108	119	162	187	2.227353
123	134	109	120	7	211	2.204320
126	137	112	123	286	354	1.909833
127	138	113	124	136	160	1.910361
129	140	115	126	22	141	1.438165
130	141	116	127	238	45	2.079714
132	143	118	129	273	184	1.674643
133	144	119	130	240	121	1.960462
134	145	120	131	216	27	2.035106
135	146	121	132	27	0	0.813956
144	155	130	141	272	302	2.325891
145	156	131	142	132	57	1.551260
146	157	132	143	107	84	2.480937
151	162	137	148	312	213	1.883397
153	164	139	150	281	268	2.328089
156	167	142	153	141	95	1.602886
164	175	150	161	233	287	1.914960
165	176	151	162	243	311	1.853647
166	177	152	163	201	256	2.397156
167	178	153	164	342	14	2.230074
168	179	154	165	54	174	2.729182
169	180	155	166	178	157	2.103654
204	215	185	196	198	167	2.269619
206	217	187	198	64	163	2.102946
207	218	188	199	268	274	2.562781
208	219	189	200	274	138	2.648986
211	222	192	203	396	227	2.329098
218	229	199	210	235	161	1.099262
220	231	201	212	232	6	1.900358
222	233	203	214	363	97	1.939160
223	234	204	215	302	54	1.822938
225	236	206	217	348	74	2.456740
227	238	208	219	1	53	1.826199
230	241	211	222	111	27	1.266595
