start1	end1	start2	end2	frag1	frag2	frag_rmsd
1	12	1	12	61	126	2.069075
2	13	2	13	389	258	2.040431
3	14	3	14	386	320	2.245005
6	17	6	17	276	369	1.368954
8	19	8	19	223	394	1.646543
14	25	14	25	0	16	0.775259
16	27	16	27	127	16	1.158335
17	28	17	28	260	16	1.076875
18	29	18	29	233	196	2.264612
20	31	20	31	201	338	2.628320
22	33	22	33	189	154	3.448624
62	73	60	71	316	258	2.660770
63	74	61	72	167	323	1.943224
65	76	63	74	150	138	2.867148
68	79	66	77	227	347	2.229226
108	119	106	117	16	0	0.775259
109	120	107	118	196	0	1.046929
110	121	108	119	27	0	0.813956
113	124	111	122	27	0	0.813956
131	142	129	140	356	126	2.644557
140	151	138	149	396	65	2.073749
155	166	153	164	287	170	1.992976
185	196	183	194	127	0	0.813264
186	197	184	195	0	35	1.003458
187	198	185	196	35	127	1.273794
188	199	186	197	188	144	1.413047
189	200	187	198	25	245	1.579703
199	210	197	208	162	374	2.026859
206	217	204	215	0	35	1.003458
221	232	219	230	45	353	1.252194
224	235	222	233	0	184	1.197355
225	236	223	234	16	121	1.372802
226	237	224	235	121	0	0.992640
228	239	226	237	0	16	0.775259
232	243	230	241	35	245	2.065446
236	247	234	245	149	94	2.256421
237	248	235	246	180	118	1.359643
242	253	240	251	128	300	3.067607
245	256	243	254	351	299	2.013905
253	264	251	262	249	251	1.059141
257	268	255	266	50	131	2.684386
262	273	260	271	107	395	2.432305
266	277	264	275	126	61	2.069075
270	281	268	279	348	74	2.456740
293	304	291	302	303	376	2.446573
294	305	292	303	303	254	3.669089
297	308	295	306	201	280	1.864047
298	309	296	307	98	385	1.817464
299	310	297	308	174	333	3.482820
302	313	300	311	58	308	3.187433
305	316	303	314	221	47	2.306219
309	320	307	318	395	54	2.541594
311	322	309	320	392	395	1.956324
377	388	367	378	326	247	3.152603
381	392	371	382	0	184	1.197355
382	393	372	383	0	121	0.992640
395	406	385	396	76	18	2.076384
397	408	387	398	294	339	2.275774
399	410	389	400	153	212	2.206831
400	411	390	401	137	202	3.269794
406	417	396	407	104	294	2.248622
411	422	401	412	216	95	2.140607
412	423	402	413	111	147	1.632036
413	424	403	414	5	23	1.835176
414	425	404	415	35	27	1.219104
415	426	405	416	217	35	1.424302
426	437	416	427	0	16	0.775259
