start1	end1	start2	end2	frag1	frag2	frag_rmsd
4	15	4	15	85	108	2.259970
6	17	6	17	219	153	2.935815
8	19	8	19	141	95	1.602886
107	118	100	111	279	115	3.376422
222	233	185	196	0	121	0.992640
271	282	247	258	376	278	3.837391
272	283	248	259	245	368	1.282466
