start1	end1	start2	end2	frag1	frag2	frag_rmsd
6	17	15	26	162	28	1.560721
18	29	27	38	38	329	2.609070
23	34	32	43	345	257	1.990762
25	36	34	45	45	241	2.171847
26	37	35	46	4	23	1.335798
27	38	36	47	0	184	1.197355
28	39	37	48	0	121	0.992640
