start1	end1	start2	end2	frag1	frag2	frag_rmsd
8	19	22	33	0	27	0.813956
11	22	25	36	127	0	0.813264
13	24	27	38	25	118	1.917152
14	25	28	39	79	69	2.592754
15	26	29	40	294	339	2.275774
16	27	30	41	376	291	3.006765
17	28	31	42	396	290	2.828574
24	35	38	49	231	1	2.336576
44	55	59	70	141	95	1.602886
61	72	76	87	100	277	1.693324
66	77	81	92	162	364	3.452054
73	84	88	99	211	372	3.363496
74	85	89	100	58	43	3.010099
75	86	90	101	55	148	1.769837
76	87	91	102	71	388	3.008583
77	88	92	103	212	226	2.826575
79	90	94	105	125	153	2.919213
80	91	95	106	220	53	2.804516
81	92	96	107	89	81	2.076888
82	93	97	108	111	23	1.303435
