start1	end1	start2	end2	frag1	frag2	frag_rmsd
4	15	3	14	349	39	1.813420
5	16	4	15	263	349	2.146382
9	20	8	19	91	395	2.501168
12	23	11	22	61	313	2.398675
13	24	12	23	374	28	1.355458
16	27	15	26	55	21	2.054944
17	28	16	27	388	85	2.543328
19	30	18	29	153	172	2.695999
31	42	30	41	0	27	0.813956
38	49	37	48	0	121	0.992640
40	51	39	50	245	273	2.015696
44	55	43	54	217	196	1.508921
45	56	44	55	273	16	1.325929
47	58	46	57	121	0	0.992640
48	59	47	58	27	0	0.813956
