start1	end1	start2	end2	frag1	frag2	frag_rmsd
7	18	7	18	16	127	1.158335
9	20	9	20	127	49	1.619635
36	47	36	47	166	368	1.571683
67	78	67	78	156	363	2.308899
68	79	68	79	165	174	2.328888
69	80	69	80	391	54	2.548109
75	86	75	86	375	367	2.523916
83	94	83	94	122	96	1.013426
86	97	86	97	390	301	3.094662
