start1	end1	start2	end2	frag1	frag2	frag_rmsd
59	70	65	76	196	0	1.046929
60	71	66	77	273	127	1.542975
62	73	68	79	121	170	1.774213
63	74	69	80	27	196	1.059651
64	75	70	81	0	273	1.419073
65	76	71	82	0	184	1.197355
66	77	72	83	0	121	0.992640
68	79	74	85	25	338	1.152231
69	80	75	86	235	100	1.231875
71	82	77	88	232	355	2.143807
73	84	79	90	302	91	2.022399
74	85	80	91	57	132	1.551260
75	86	81	92	74	313	2.543058
76	87	82	93	198	28	2.209701
77	88	83	94	198	293	2.517606
79	90	85	96	309	206	2.540870
80	91	86	97	308	145	1.918035
84	95	90	101	160	337	3.041217
86	97	92	103	66	141	2.244852
98	109	104	115	149	52	2.152403
101	112	107	118	139	88	1.759590
103	114	109	120	113	64	2.696738
104	115	110	121	174	8	3.128520
107	118	113	124	270	258	2.890358
108	119	114	125	158	167	1.812316
112	123	118	129	286	299	2.143065
132	143	138	149	33	93	2.502357
134	145	140	151	171	268	2.686227
136	147	142	153	192	346	2.698629
154	165	162	173	310	40	2.788884
163	174	171	182	200	365	2.605423
164	175	172	183	250	285	2.181254
167	178	175	186	140	187	2.242707
169	180	177	188	22	51	1.833239
175	186	183	194	180	24	1.017167
176	187	184	195	222	362	2.312123
193	204	201	212	353	147	1.930020
