start1	end1	start2	end2	frag1	frag2	frag_rmsd
19	30	25	36	282	267	2.231416
23	34	29	40	113	370	2.888775
24	35	30	41	301	253	2.483787
25	36	31	42	298	395	3.168971
26	37	32	43	173	203	2.511238
27	38	33	44	162	297	2.762471
59	70	64	75	356	107	1.430031
60	71	65	76	84	357	2.904631
61	72	66	77	126	395	1.849402
62	73	67	78	132	392	1.839294
63	74	68	79	126	322	2.289807
64	75	69	80	360	158	3.012218
66	77	71	82	357	10	2.250248
67	78	72	83	391	54	2.548109
68	79	73	84	253	178	2.074688
70	81	75	86	57	132	1.551260
115	126	123	134	302	174	2.621173
