start1	end1	start2	end2	frag1	frag2	frag_rmsd
4	15	4	15	322	360	1.453720
5	16	5	16	322	61	1.532523
6	17	6	17	158	42	2.224014
9	20	9	20	395	392	1.956324
61	72	76	87	0	35	1.003458
83	94	98	109	118	368	1.491748
94	105	109	120	132	360	2.169218
96	107	111	122	126	322	2.289807
