start1	end1	start2	end2	frag1	frag2	frag_rmsd
1	12	2	13	107	395	2.432305
2	13	3	14	360	316	3.076301
3	14	4	15	389	198	2.304197
4	15	5	16	374	114	1.630636
5	16	6	17	320	329	2.324045
8	19	9	20	227	129	2.576417
10	21	11	22	147	123	1.240679
11	22	12	23	224	4	1.600329
12	23	13	24	121	0	0.992640
13	24	14	25	27	0	0.813956
86	97	85	96	227	66	2.066214
87	98	86	97	223	45	1.647681
121	132	123	134	368	118	1.491748
123	134	125	136	41	287	1.672245
124	135	126	137	311	288	1.718799
125	136	127	138	256	6	2.076516
126	137	128	139	342	164	2.542474
128	139	130	141	57	253	2.589846
129	140	131	142	57	379	2.336006
