start1	end1	start2	end2	frag1	frag2	frag_rmsd
19	30	29	40	229	390	2.341461
39	50	49	60	385	156	2.695774
42	53	52	63	21	55	2.054944
49	60	59	70	150	152	2.343118
62	73	72	83	144	368	1.335465
74	85	83	94	398	124	3.259460
105	116	114	125	141	51	1.428009
139	150	149	160	33	294	2.272830
142	153	152	163	230	30	1.728147
181	192	188	199	121	184	1.193672
182	193	189	200	0	121	0.992640
183	194	190	201	0	27	0.813956
187	198	194	205	127	35	1.273794
190	201	197	208	79	287	1.970184
192	203	199	210	376	340	2.433654
194	205	201	212	223	216	2.223151
199	210	206	217	368	149	1.387412
201	212	208	219	49	233	1.933078
206	217	213	224	187	318	2.503665
212	223	219	230	108	85	2.259970
214	225	221	232	193	219	3.058897
216	227	223	234	95	141	1.602886
240	251	247	258	325	226	2.023575
251	262	258	269	147	244	2.356417
253	264	260	271	216	170	2.149608
254	265	261	272	27	196	1.059651
255	266	262	273	127	273	1.542975
257	268	264	275	338	77	1.893036
259	270	266	277	88	311	2.062164
262	273	269	280	3	174	2.344203
265	276	272	283	322	84	1.955336
269	280	276	287	74	313	2.543058
284	295	291	302	16	60	1.442604
305	316	312	323	84	392	2.236722
340	351	347	358	91	107	2.649081
341	352	348	359	398	348	2.979613
350	361	357	368	16	184	1.241286
351	362	358	369	184	121	1.193672
550	561	533	544	388	45	1.950228
551	562	534	545	144	179	2.704096
556	567	539	550	19	39	2.401518
570	581	553	564	359	283	2.495380
590	601	574	585	16	60	1.442604
593	604	577	588	170	233	1.990823
596	607	580	591	98	342	2.684495
598	609	582	593	97	91	2.877428
599	610	583	594	57	107	2.508886
602	613	586	597	126	167	2.697257
616	627	600	611	74	80	2.193283
620	631	604	615	51	15	2.489994
