start1	end1	start2	end2	frag1	frag2	frag_rmsd
22	33	17	28	138	328	2.615349
29	40	24	35	294	33	2.272830
30	41	25	36	134	335	1.552550
31	42	26	37	156	63	3.190909
33	44	28	39	131	312	2.764994
65	76	60	71	2	328	1.547551
72	83	67	78	33	294	2.272830
74	85	69	80	142	63	3.345190
81	92	76	87	248	42	2.280307
