start1	end1	start2	end2	frag1	frag2	frag_rmsd
22	33	17	28	138	328	2.615349
29	40	24	35	294	33	2.272830
30	41	25	36	134	335	1.552550
31	42	26	37	156	63	3.190909
33	44	28	39	131	312	2.764994
65	76	60	71	2	328	1.547551
72	83	67	78	33	294	2.272830
74	85	69	80	142	63	3.345190
81	92	76	87	248	42	2.280307
92	103	88	99	370	54	2.155444
111	122	105	116	147	145	2.118707
149	160	142	153	211	386	2.401985
150	161	143	154	246	122	3.134991
163	174	155	166	71	301	2.996809
165	176	157	168	57	356	1.996521
