start1	end1	start2	end2	frag1	frag2	frag_rmsd
15	26	8	19	149	180	2.137103
16	27	9	20	77	380	2.239592
21	32	14	25	14	112	2.476924
24	35	17	28	372	125	2.617021
27	38	20	31	371	216	1.502072
72	83	64	75	127	35	1.273794
73	84	65	76	118	368	1.491748
75	86	67	78	319	287	2.297661
76	87	68	79	354	44	2.223421
77	88	69	80	160	340	3.160527
80	91	72	83	45	353	1.252194
82	93	74	85	127	350	2.042659
121	132	110	121	16	260	1.076875
128	139	117	128	103	396	3.399720
131	142	120	131	240	184	1.274780
