start1	end1	start2	end2	frag1	frag2	frag_rmsd
20	31	18	29	74	218	2.551171
52	63	50	61	28	320	2.315284
58	69	56	67	180	24	1.017167
59	70	57	68	168	315	1.621254
62	73	60	71	173	348	2.362281
63	74	61	72	395	126	1.849402
66	77	64	75	204	370	3.019840
81	92	79	90	329	73	2.227621
88	99	86	97	351	162	2.473278
89	100	87	98	38	309	2.425687
92	103	90	101	182	388	2.997735
94	105	92	103	257	263	2.355703
95	106	93	104	191	231	3.292354
102	113	100	111	352	348	3.742103
140	151	137	148	374	28	1.355458
