start1	end1	start2	end2	frag1	frag2	frag_rmsd
26	37	31	42	126	84	1.909341
37	48	42	53	395	126	1.849402
51	62	56	67	356	360	2.206112
52	63	57	68	348	389	2.657845
54	65	59	70	92	19	2.286913
59	70	64	75	157	143	2.115800
78	89	83	94	258	61	1.652270
80	91	85	96	68	215	2.637702
