start1	end1	start2	end2	frag1	frag2	frag_rmsd
1	12	1	12	140	21	2.729796
2	13	2	13	315	168	1.621254
3	14	3	14	208	307	2.658720
4	15	4	15	151	298	2.505800
5	16	5	16	349	157	2.208803
6	17	6	17	379	84	2.971486
9	20	9	20	86	2	1.884148
11	22	11	22	141	51	1.428009
12	23	12	23	36	353	1.560245
13	24	13	24	52	169	2.403494
23	34	23	34	95	51	1.563872
30	41	30	41	350	60	2.003689
32	43	32	43	124	110	2.670468
43	54	43	54	266	96	2.037755
57	68	57	68	5	0	1.445826
58	69	58	69	217	0	1.425276
68	79	68	79	302	133	2.836895
70	81	70	81	322	84	1.955336
141	152	141	152	258	389	2.040431
147	158	147	158	31	237	1.767577
149	160	149	160	45	223	1.647681
150	161	150	161	4	111	0.994513
163	174	163	174	297	162	2.762471
217	228	205	216	346	194	1.855001
228	239	216	227	119	359	3.805532
234	245	222	233	240	259	2.858437
235	246	223	234	26	315	2.251103
242	253	230	241	95	141	1.602886
274	285	260	271	17	124	2.100408
277	288	263	274	107	151	2.864918
278	289	264	275	392	178	1.899502
283	294	269	280	322	158	2.437978
300	311	286	297	267	161	2.465174
