start1	end1	start2	end2	frag1	frag2	frag_rmsd
23	34	24	35	370	8	2.405058
27	38	28	39	150	96	2.639101
48	59	49	60	254	335	2.549212
53	64	54	65	115	199	3.233007
56	67	57	68	76	172	3.637573
60	71	61	72	376	129	1.562683
61	72	62	73	254	396	2.801682
62	73	63	74	171	179	2.342577
63	74	64	75	110	97	2.974894
65	76	66	77	354	109	1.258230
80	91	81	92	235	161	1.099262
81	92	82	93	33	104	2.171568
90	101	91	102	132	360	2.169218
126	137	124	135	258	61	1.652270
