start1	end1	start2	end2	frag1	frag2	frag_rmsd
14	25	15	26	84	158	2.726643
15	26	16	27	357	391	1.962426
16	27	17	28	132	208	2.303221
17	28	18	29	392	395	1.956324
18	29	19	30	322	57	2.446228
21	32	22	33	96	38	2.838484
23	34	24	35	390	78	2.515234
47	58	46	57	221	120	3.367881
48	59	47	58	366	212	2.629299
49	60	48	59	201	358	2.893908
50	61	49	60	19	213	2.900533
51	62	50	61	229	78	2.235105
52	63	51	62	253	301	2.483787
53	64	52	63	173	218	2.674313
54	65	53	64	348	173	2.362281
55	66	54	65	73	122	2.767988
79	90	68	79	111	4	0.994513
94	105	84	95	218	398	3.094165
105	116	95	106	0	121	0.992640
107	118	97	108	27	273	1.481073
108	119	98	109	35	184	1.806062
109	120	99	110	35	121	1.375045
140	151	130	141	295	109	1.123468
144	155	134	145	85	214	2.252746
156	167	146	157	0	127	0.813264
158	169	148	159	188	87	1.255021
159	170	149	160	18	25	1.880110
160	171	150	161	69	100	1.602674
171	182	161	172	53	241	2.509980
177	188	167	178	345	31	1.281039
199	210	189	200	80	258	2.273429
200	211	190	201	246	167	2.265205
201	212	191	202	92	73	3.166250
215	226	204	215	57	316	2.064021
221	232	210	221	365	375	1.934439
223	234	212	223	67	91	3.444763
