start1	end1	start2	end2	frag1	frag2	frag_rmsd
16	27	11	22	322	357	2.219787
17	28	12	23	42	167	2.323165
18	29	13	24	391	204	2.478372
19	30	14	25	320	38	3.016674
20	31	15	26	329	274	3.085507
21	32	16	27	292	32	2.035472
23	34	18	29	141	65	2.029741
24	35	19	30	45	147	1.713468
25	36	20	31	4	23	1.335798
29	40	24	35	0	196	1.046929
33	44	28	39	25	338	1.152231
68	79	59	70	27	4	1.631724
69	80	60	71	16	0	0.775259
70	81	61	72	121	0	0.992640
71	82	62	73	27	0	0.813956
