start1	end1	start2	end2	frag1	frag2	frag_rmsd
1	12	9	20	39	263	1.670447
58	69	66	77	126	322	2.289807
70	81	78	89	275	214	3.077813
71	82	79	90	390	181	2.547914
72	83	80	91	254	48	2.576174
73	84	81	92	254	268	3.395604
74	85	82	93	136	30	2.124963
81	92	89	100	20	336	2.941584
91	102	99	110	39	263	1.670447
103	114	111	122	388	71	3.008583
104	115	112	123	283	189	3.446876
105	116	113	124	172	62	3.184500
107	118	115	126	234	312	2.653746
108	119	116	127	281	117	3.239994
109	120	117	128	103	390	3.683477
110	121	118	129	275	160	3.189034
111	122	119	130	9	219	2.705960
112	123	120	131	129	326	2.641751
120	131	128	139	158	185	2.536032
125	136	133	144	59	82	3.183806
127	138	135	146	113	252	1.744519
134	145	142	153	374	389	2.460334
145	156	154	165	361	390	2.592892
146	157	155	166	182	324	3.695967
147	158	156	167	349	133	2.957184
148	159	157	168	19	263	2.369558
149	160	158	169	163	391	2.193995
152	163	161	172	91	395	2.501168
171	182	180	191	360	258	2.306964
175	186	184	195	357	318	2.179797
