start1	end1	start2	end2	frag1	frag2	frag_rmsd
17	28	6	17	0	35	1.003458
20	31	9	20	0	121	0.992640
21	32	10	21	127	60	1.135321
25	36	14	25	307	325	2.398407
28	39	17	28	132	316	2.327923
30	41	19	30	198	258	1.817841
34	45	23	34	178	392	1.899502
35	46	24	35	57	356	1.996521
37	48	26	37	357	126	2.400813
45	56	34	45	51	141	1.428009
61	72	50	61	35	0	1.003458
63	74	52	63	18	271	1.069917
72	83	61	72	9	32	2.432245
87	98	76	87	6	232	1.900358
95	106	84	95	247	320	2.909682
100	111	89	100	4	111	0.994513
106	117	95	106	319	154	2.684413
110	121	99	110	334	54	2.234965
112	123	101	112	57	74	2.467886
113	124	102	113	351	313	3.345246
118	129	107	118	123	223	1.416700
140	151	129	140	32	193	3.163978
146	157	135	146	168	315	1.621254
147	158	136	147	295	75	1.792687
148	159	137	148	317	201	2.359669
180	191	159	170	126	84	1.909341
182	193	161	172	322	360	1.453720
188	199	167	178	47	218	3.092602
194	205	173	184	182	285	2.879616
196	207	175	186	38	163	2.391719
197	208	176	187	334	312	2.786273
204	215	183	194	258	40	2.499938
216	227	195	206	225	1	1.414968
221	232	200	211	37	44	1.535786
224	235	203	214	121	216	1.107965
226	237	205	216	368	149	1.387412
230	241	209	220	39	342	2.308509
231	242	210	221	302	174	2.621173
235	246	214	225	389	176	2.556364
239	250	218	229	279	191	2.634643
265	276	239	250	338	25	1.152231
274	285	248	259	322	258	2.166966
277	288	251	262	167	187	2.121763
279	290	253	264	274	247	2.597371
287	298	261	272	127	16	1.158335
300	311	274	285	328	343	1.513701
313	324	287	298	333	103	3.127807
315	326	289	300	95	65	2.348324
336	347	313	324	368	166	1.571683
342	353	319	330	174	331	1.879546
345	356	322	333	126	318	2.511599
357	368	334	345	358	247	2.479219
362	373	339	350	135	45	2.571547
376	387	353	364	0	35	1.003458
377	388	354	365	368	166	1.571683
378	389	355	366	284	338	2.592032
383	394	360	371	109	75	2.036545
384	395	361	372	274	364	1.999522
385	396	362	373	345	292	3.084843
389	400	366	377	23	224	2.008855
394	405	371	382	12	168	2.061194
396	407	373	384	348	209	2.916487
397	408	374	385	153	212	2.206831
399	410	376	387	207	225	1.967256
401	412	378	389	216	45	1.903162
402	413	379	390	111	4	0.994513
406	417	383	394	184	0	1.197355
407	418	384	395	121	0	0.992640
409	420	386	397	144	166	1.768288
448	459	415	426	0	4	1.783926
