start1	end1	start2	end2	frag1	frag2	frag_rmsd
7	18	7	18	294	75	2.540937
14	25	14	25	0	16	0.775259
15	26	15	26	0	127	0.813264
30	41	37	48	347	341	4.072650
43	54	50	61	141	65	2.029741
50	61	57	68	161	235	1.099262
53	64	60	71	164	254	2.835900
54	65	61	72	30	63	3.145703
76	87	84	95	65	141	2.029741
89	100	97	108	208	80	2.672084
91	102	99	110	116	62	2.947533
98	109	106	117	231	194	2.031382
100	111	108	119	45	147	1.713468
101	112	109	120	4	23	1.335798
102	113	110	121	188	144	1.413047
103	114	111	122	338	25	1.152231
105	116	113	124	294	75	2.540937
107	118	115	126	333	160	2.412519
112	123	120	131	0	16	0.775259
