start1	end1	start2	end2	frag1	frag2	frag_rmsd
26	37	72	83	40	310	2.788884
55	66	95	106	343	2	1.502106
56	67	96	107	225	207	1.967256
81	92	120	131	147	45	1.713468
82	93	121	132	23	4	1.335798
87	98	126	137	0	16	0.775259
89	100	128	139	35	196	1.146322
92	103	131	142	168	17	1.555351
93	104	132	143	208	124	2.503023
161	172	153	164	281	308	2.337001
165	176	157	168	62	264	1.971903
167	178	159	170	292	44	3.065850
195	206	182	193	375	365	1.934439
196	207	183	194	314	285	1.999647
232	243	219	230	227	65	2.070036
279	290	266	277	94	35	1.741150
285	296	272	283	144	368	1.335465
313	324	301	312	326	225	2.488373
351	362	329	340	52	118	2.037701
355	366	333	344	240	67	2.236898
367	378	344	355	23	4	1.335798
368	379	345	356	27	0	0.813956
372	383	349	360	251	24	1.701363
374	385	351	362	307	124	2.863509
376	387	353	364	107	173	2.657406
377	388	354	365	107	348	2.443030
378	389	355	366	297	211	2.408413
379	390	356	367	386	329	2.809270
380	391	357	368	102	275	2.474820
381	392	358	369	181	82	3.255850
383	394	360	371	179	113	3.405239
384	395	361	372	218	108	3.300724
407	418	372	383	111	0	1.805292
414	425	379	390	100	69	1.602674
425	436	390	401	338	25	1.152231
442	453	404	415	294	134	2.660687
444	455	406	417	333	230	2.013015
458	469	420	431	369	192	2.809420
462	473	424	435	99	153	1.751370
463	474	425	436	31	345	1.281039
466	477	428	439	4	70	1.352136
470	481	432	443	124	154	2.667896
471	482	433	444	209	62	2.902144
478	489	440	451	385	63	3.990097
484	495	446	457	0	16	0.775259
486	497	448	459	0	196	1.046929
487	498	449	460	0	217	1.425276
490	501	452	463	0	27	0.813956
495	506	457	468	77	149	2.821879
509	520	475	486	346	231	1.531187
510	521	476	487	95	227	2.206519
511	522	477	488	45	223	1.647681
513	524	479	490	16	0	0.775259
514	525	480	491	127	368	1.781241
515	526	481	492	60	118	1.979052
516	527	482	493	12	249	1.685416
517	528	483	494	279	75	2.725765
519	530	485	496	153	193	1.727407
522	533	488	499	147	45	1.713468
525	536	491	502	166	144	1.768288
527	538	493	504	100	287	2.021925
529	540	495	506	6	256	2.076516
