start1	end1	start2	end2	frag1	frag2	frag_rmsd
5	16	6	17	329	73	2.227621
12	23	13	24	258	61	1.652270
24	35	25	36	16	0	0.775259
25	36	26	37	184	0	1.197355
26	37	27	38	127	149	1.616553
27	38	28	39	260	24	1.963844
45	56	45	56	298	133	3.008662
58	69	58	69	4	0	1.783926
61	72	61	72	0	16	0.775259
