start1	end1	start2	end2	frag1	frag2	frag_rmsd
1	12	11	22	389	293	2.078620
3	14	13	24	73	96	2.402429
7	18	17	28	394	396	2.782183
39	50	50	61	111	23	1.303435
40	51	51	62	0	184	1.197355
41	52	52	63	0	121	0.992640
45	56	56	67	161	235	1.099262
49	60	60	71	174	363	2.440306
55	66	66	77	386	374	2.195278
57	68	68	79	125	53	2.587211
70	81	80	91	69	377	1.451916
71	82	81	92	307	339	2.624244
85	96	99	110	27	111	1.266595
86	97	100	111	196	0	1.046929
87	98	101	112	27	0	0.813956
89	100	103	114	0	35	1.003458
90	101	104	115	0	35	1.003458
99	110	113	124	338	25	1.152231
100	111	114	125	100	161	0.978809
103	114	117	128	156	164	1.408711
105	116	119	130	54	302	1.822938
106	117	120	131	132	143	2.277784
107	118	121	132	258	187	2.660545
109	120	123	134	68	389	2.655854
112	123	126	137	150	130	2.764320
166	177	189	200	329	73	2.227621
176	187	199	210	51	225	3.134137
178	189	201	212	189	267	3.781739
179	190	202	213	170	79	1.973795
209	220	234	245	323	389	2.182032
234	245	260	271	0	16	0.775259
242	253	268	279	107	91	2.649081
243	254	269	280	322	356	2.017159
253	264	279	290	367	375	2.523916
254	265	280	291	365	393	2.281657
263	274	289	300	225	125	2.024259
264	275	290	301	51	15	2.489994
275	286	301	312	35	0	1.003458
288	299	314	325	127	0	0.813264
289	300	315	326	16	0	0.775259
291	302	317	328	196	0	1.046929
292	303	318	329	273	0	1.419073
293	304	319	330	184	0	1.197355
294	305	320	331	121	0	0.992640
295	306	321	332	27	0	0.813956
343	354	371	382	7	92	2.871135
344	355	372	383	213	130	2.638771
359	370	398	409	0	16	0.775259
360	371	399	410	0	127	0.813264
361	372	400	411	127	16	1.158335
362	373	401	412	16	184	1.241286
363	374	402	413	121	196	1.241736
364	375	403	414	196	273	1.887756
365	376	404	415	273	184	1.674643
366	377	405	416	184	121	1.193672
367	378	406	417	121	27	1.355932
368	379	407	418	27	0	0.813956
