start1	end1	start2	end2	frag1	frag2	frag_rmsd
60	71	41	52	280	359	3.060039
65	76	46	57	105	166	2.375283
67	78	48	59	100	377	1.241297
70	81	51	62	153	137	1.744421
73	84	54	65	15	23	1.595702
76	87	57	68	18	338	1.332509
78	89	59	70	233	33	2.469359
79	90	60	71	366	134	2.121858
80	91	61	72	172	385	3.618329
82	93	63	74	117	112	2.722193
83	94	64	75	78	261	3.139444
84	95	65	76	237	281	3.494721
85	96	66	77	65	224	2.822270
86	97	67	78	371	240	2.809017
87	98	68	79	11	216	2.501711
90	101	71	82	111	27	1.266595
92	103	73	84	0	273	1.419073
93	104	74	85	0	184	1.197355
94	105	75	86	35	121	1.375045
99	110	80	91	217	5	1.208122
101	112	82	93	0	16	0.775259
102	113	83	94	27	121	1.355932
103	114	84	95	35	27	1.219104
