start1	end1	start2	end2	frag1	frag2	frag_rmsd
68	79	63	74	10	40	1.570300
69	80	64	75	163	391	2.193995
72	83	67	78	125	68	2.964029
75	86	70	81	241	125	2.450699
77	88	72	83	121	216	1.107965
79	90	74	85	127	149	1.616553
96	107	89	100	23	4	1.335798
97	108	90	101	184	0	1.197355
98	109	91	102	121	0	0.992640
99	110	92	103	121	0	0.992640
105	116	98	109	256	340	2.785789
106	117	99	110	284	66	2.625850
107	118	100	111	22	216	2.345343
112	123	105	116	88	75	1.561748
114	125	107	118	156	39	2.210204
116	127	109	120	342	253	2.834413
130	141	121	132	322	84	1.955336
135	146	126	137	78	82	3.016939
136	147	127	138	390	300	2.932370
139	150	130	141	91	178	1.731687
169	180	173	184	28	162	1.560721
170	181	174	185	328	38	2.338801
172	183	176	187	64	78	2.872424
214	225	220	231	0	127	0.813264
215	226	221	232	60	149	1.545532
216	227	222	233	60	110	2.283414
217	228	223	234	124	279	2.389898
219	230	225	236	41	172	2.723785
221	232	227	238	50	78	3.193924
222	233	228	239	342	301	2.307304
223	234	229	240	174	298	2.958851
224	235	230	241	57	157	2.214777
225	236	231	242	107	395	2.432305
226	237	232	243	360	258	2.306964
227	238	233	244	198	389	2.304197
228	239	234	245	28	204	2.411456
229	240	235	246	329	96	1.925419
261	272	269	280	0	15	2.000338
262	273	270	281	0	27	0.813956
268	279	276	287	235	100	1.231875
275	286	283	294	84	126	1.909341
294	305	302	313	283	288	2.531015
300	311	308	319	141	227	1.668724
304	315	312	323	0	121	0.992640
306	317	314	325	16	273	1.325929
307	318	315	326	0	184	1.197355
308	319	316	327	0	121	0.992640
323	334	330	341	143	318	2.218027
324	335	331	342	318	395	2.216742
325	336	332	343	176	318	3.058305
329	340	336	347	244	278	2.207314
377	388	380	391	302	133	2.836895
378	389	381	392	143	57	2.304628
380	391	383	394	40	198	1.579973
384	395	387	398	372	291	3.119689
392	403	395	406	24	110	1.015908
393	404	396	407	264	319	1.327043
410	421	414	425	260	16	1.076875
415	426	419	430	319	104	2.417601
419	430	423	434	265	66	1.951747
421	432	425	436	17	110	1.336081
476	487	458	469	0	35	1.003458
