start1	end1	start2	end2	frag1	frag2	frag_rmsd
26	37	21	32	0	35	1.003458
33	44	28	39	281	44	2.432066
36	47	31	42	216	121	1.107965
