start1	end1	start2	end2	frag1	frag2	frag_rmsd
30	41	40	51	0	16	0.775259
32	43	42	53	149	87	1.474472
33	44	43	54	180	118	1.359643
34	45	44	55	69	180	2.035206
35	46	45	56	233	168	2.546631
36	47	46	57	134	75	2.771284
38	49	48	59	230	160	1.979840
39	50	49	60	31	346	1.101450
40	51	50	61	141	95	1.602886
46	57	56	67	16	0	0.775259
47	58	57	68	16	0	0.775259
48	59	58	69	184	0	1.197355
49	60	59	70	196	0	1.046929
50	61	60	71	273	0	1.419073
51	62	61	72	184	0	1.197355
52	63	62	73	121	0	0.992640
53	64	63	74	27	0	0.813956
75	86	85	96	275	22	2.910979
76	87	86	97	82	292	2.425930
