start1	end1	start2	end2	frag1	frag2	frag_rmsd
3	14	2	13	348	398	2.979613
22	33	21	32	18	25	1.880110
23	34	22	33	69	100	1.602674
24	35	23	34	233	294	2.452871
26	37	25	36	280	385	2.491078
33	44	32	43	0	35	1.003458
34	45	33	44	0	35	1.003458
35	46	34	45	0	245	2.249697
36	47	35	46	0	5	1.445826
37	48	36	47	35	5	1.528815
38	49	37	48	217	5	1.208122
39	50	38	49	350	217	2.669606
41	52	40	51	110	180	1.207298
46	57	45	56	141	227	1.668724
