start1	end1	start2	end2	frag1	frag2	frag_rmsd
8	19	7	18	391	205	2.622841
14	25	13	24	229	390	2.341461
21	32	20	31	329	73	2.227621
29	40	28	39	337	103	2.644158
38	49	37	48	258	374	2.198304
51	62	50	61	348	61	2.472281
54	65	53	64	167	293	1.284317
62	73	61	72	395	379	2.439526
63	74	62	73	322	357	2.219787
67	78	66	77	323	293	1.968250
73	84	72	83	133	298	3.008662
75	86	74	85	389	167	1.584191
76	87	75	86	239	40	2.307218
80	91	79	90	302	178	2.149992
81	92	80	91	57	316	2.064021
90	101	89	100	133	285	1.901995
91	102	90	101	57	91	2.021486
