start1	end1	start2	end2	frag1	frag2	frag_rmsd
29	40	56	67	0	121	0.992640
49	60	75	86	59	128	2.692989
