start1	end1	start2	end2	frag1	frag2	frag_rmsd
2	13	5	16	360	126	2.237959
3	14	6	17	61	322	1.532523
37	48	37	48	318	389	2.785520
41	52	41	52	81	90	2.429111
80	91	73	84	100	277	1.693324
82	93	75	86	232	6	1.900358
106	117	99	110	132	357	1.964894
107	118	100	111	389	323	2.182032
108	119	101	112	28	73	2.597259
118	129	111	122	126	356	2.644557
119	130	112	123	126	84	1.909341
121	132	114	125	258	126	2.311822
122	133	115	126	187	106	2.948844
137	148	127	138	218	296	3.087577
138	149	128	139	372	343	2.617812
139	150	129	140	53	176	2.615884
140	151	130	141	90	72	2.571062
142	153	132	143	339	168	1.861038
145	156	135	146	349	173	3.407762
146	157	136	147	106	198	2.191348
147	158	137	148	68	391	2.191284
148	159	138	149	114	248	2.645404
150	161	140	151	310	178	2.939904
151	162	141	152	208	57	2.152129
153	164	143	154	348	313	2.381382
155	166	145	156	13	96	1.738752
160	171	150	161	57	3	2.271934
161	172	151	162	84	379	2.971486
162	173	152	163	389	158	2.036257
172	183	162	173	396	65	2.073749
173	184	163	174	223	371	1.695846
175	186	165	176	27	0	0.813956
179	190	169	180	100	161	0.978809
183	194	173	184	174	97	2.041055
185	196	175	186	143	178	1.650270
186	197	176	187	395	318	2.216742
187	198	177	188	132	360	2.169218
190	201	180	191	389	323	2.182032
211	222	192	203	0	121	0.992640
212	223	193	204	0	27	0.813956
225	236	206	217	126	395	1.849402
226	237	207	218	132	357	1.964894
227	238	208	219	126	322	2.289807
229	240	210	221	61	158	2.386508
240	251	222	233	322	158	2.437978
242	253	224	235	126	392	1.978049
262	273	243	254	91	298	2.033592
268	279	249	260	2	343	1.502106
