start1	end1	start2	end2	frag1	frag2	frag_rmsd
1	12	7	18	70	169	2.251334
19	30	27	38	218	57	2.786883
20	31	28	39	395	318	2.216742
26	37	34	45	173	74	2.685678
27	38	35	46	187	318	2.503665
40	51	56	67	32	390	2.794076
41	52	57	68	181	113	3.373142
43	54	59	70	291	299	2.813710
44	55	60	71	291	372	3.119689
57	68	73	84	235	277	1.734496
76	87	92	103	0	35	1.003458
77	88	93	104	35	127	1.273794
79	90	95	106	249	251	1.059141
81	92	97	108	317	387	2.183617
82	93	98	109	41	201	3.025697
84	95	100	111	229	378	1.841616
89	100	105	116	114	28	1.637541
93	104	109	120	281	364	2.870854
99	110	115	126	0	35	1.003458
100	111	116	127	0	35	1.003458
101	112	117	128	0	245	2.249697
117	128	133	144	130	358	2.067353
121	132	137	148	396	65	2.073749
122	133	138	149	223	371	1.695846
135	146	152	163	316	389	2.563569
138	149	155	166	80	58	2.957372
141	152	158	169	83	50	3.127296
147	158	164	175	114	374	1.630636
148	159	165	176	309	343	2.655565
165	176	182	193	61	258	1.652270
170	181	187	198	286	268	1.937654
176	187	193	204	291	184	3.012016
177	188	194	205	326	197	2.307333
178	189	195	206	72	175	3.486893
196	207	214	225	131	300	3.537889
199	210	217	228	331	253	1.801250
200	211	218	229	302	57	2.286634
213	224	230	241	0	16	0.775259
221	232	238	249	294	339	2.275774
223	234	240	251	314	298	2.656936
227	238	244	255	43	225	2.352954
237	248	254	265	16	260	1.076875
256	267	273	284	16	0	0.775259
260	271	277	288	380	79	1.921925
262	273	279	290	243	311	1.853647
263	274	280	291	98	6	2.827583
264	275	281	292	179	324	3.234241
267	278	284	295	297	320	2.128628
270	281	287	298	130	275	2.700941
278	289	295	306	223	147	1.957202
279	290	296	307	397	220	2.113998
280	291	297	308	216	121	1.107965
288	299	305	316	205	183	1.941978
290	301	307	318	395	391	2.221324
302	313	319	330	45	394	1.792183
310	321	327	338	88	139	1.759590
317	328	334	345	186	112	2.325844
320	331	337	348	275	102	2.474820
325	336	342	353	253	57	2.589846
328	339	345	356	329	328	2.430959
329	340	346	357	344	1	2.558048
331	342	348	359	289	216	3.191632
333	344	350	361	5	49	1.840768
340	351	357	368	95	66	1.609657
349	360	366	377	312	140	1.998926
353	364	370	381	356	107	1.430031
363	374	380	391	216	45	1.903162
364	375	381	392	4	111	0.994513
