start1	end1	start2	end2	frag1	frag2	frag_rmsd
1	12	2	13	199	115	3.233007
5	16	6	17	396	227	2.329098
17	28	17	28	67	226	2.858493
44	55	44	55	16	0	0.775259
45	56	45	56	16	0	0.775259
47	58	47	58	149	118	1.094155
48	59	48	59	110	17	1.336081
62	73	62	73	0	35	1.003458
72	83	72	83	397	111	2.155171
95	106	95	106	0	35	1.003458
98	109	98	109	161	100	0.978809
123	134	123	134	16	0	0.775259
124	135	124	135	0	127	0.813264
129	140	129	140	79	75	3.124859
132	143	132	143	65	129	2.521098
137	148	137	148	35	0	1.003458
140	151	140	151	16	0	0.775259
142	153	142	153	16	0	0.775259
145	156	145	156	184	60	1.862666
146	157	146	157	180	52	2.443004
150	161	150	161	340	276	2.487868
152	163	152	163	45	123	1.488609
153	164	153	164	4	16	1.839967
162	173	162	173	332	142	3.661873
165	176	165	176	300	237	3.238194
169	180	169	180	123	147	1.240679
193	204	193	204	0	16	0.775259
197	208	197	208	104	168	2.206515
199	210	199	210	97	398	3.329517
201	212	201	212	352	246	3.375048
210	221	210	221	315	148	2.310011
211	222	211	222	370	71	2.349638
214	225	214	225	89	384	2.041996
216	227	216	227	369	225	2.174537
229	240	229	240	16	0	0.775259
235	246	235	246	0	35	1.003458
243	254	243	254	149	90	2.366758
244	255	244	255	110	77	2.719285
245	256	245	256	319	380	2.054582
246	257	246	257	354	88	2.480981
247	258	247	258	153	355	3.548113
248	259	248	259	257	362	2.696870
249	260	249	260	81	3	3.573667
250	261	250	261	185	310	2.160511
251	262	251	262	168	310	3.247566
252	263	252	263	307	163	3.297051
253	264	253	264	290	182	2.785309
254	265	254	265	236	274	1.789125
262	273	262	273	379	54	2.066468
275	286	275	286	16	127	1.158335
278	289	278	289	380	41	1.363415
281	292	281	292	261	333	2.857609
296	307	296	307	260	184	1.878962
299	310	299	310	273	368	1.870733
302	313	302	313	124	168	1.824641
307	318	307	318	172	155	3.142997
308	319	308	319	81	152	3.072775
310	321	310	321	237	177	2.913559
314	325	314	325	129	376	1.562683
316	327	316	327	371	223	1.695846
331	342	331	342	0	16	0.775259
336	347	336	347	88	75	1.561748
338	349	338	349	160	230	1.979840
362	373	362	373	217	23	1.721983
