start1	end1	start2	end2	frag1	frag2	frag_rmsd
39	50	54	65	45	111	2.183445
40	51	55	66	4	217	1.467713
41	52	56	67	127	0	0.813264
72	83	85	96	389	313	2.390236
73	84	86	97	28	162	1.560721
74	85	87	98	96	329	1.925419
75	86	88	99	20	83	2.024528
76	87	89	100	59	327	2.076427
78	89	91	102	393	250	2.576258
79	90	92	103	285	222	2.219445
80	91	93	104	218	19	3.173348
81	92	94	105	247	234	2.770496
82	93	95	106	364	344	3.061962
83	94	96	107	8	9	3.602007
84	95	97	108	129	326	2.641751
85	96	98	109	135	51	2.217322
86	97	99	110	147	371	1.829059
87	98	100	111	23	111	1.303435
88	99	101	112	220	0	1.838539
89	100	102	113	121	0	0.992640
90	101	103	114	27	0	0.813956
95	106	108	119	25	338	1.152231
109	120	121	132	96	13	1.738752
115	126	127	138	84	126	1.909341
