start1	end1	start2	end2	frag1	frag2	frag_rmsd
44	55	35	46	356	398	3.148517
46	57	37	48	126	360	2.237959
104	115	72	83	61	258	1.652270
108	119	76	87	59	327	2.076427
