start1	end1	start2	end2	frag1	frag2	frag_rmsd
40	51	21	32	338	25	1.152231
42	53	23	34	33	294	2.272830
79	90	53	64	210	215	2.059582
80	91	54	65	56	329	2.670926
81	92	55	66	292	117	2.762161
87	98	61	72	397	15	1.948758
88	99	62	73	15	89	2.198231
98	109	72	83	127	0	0.813264
99	110	73	84	16	0	0.775259
126	137	99	110	35	0	1.003458
153	164	127	138	141	51	1.428009
155	166	129	140	4	23	1.335798
156	167	130	141	0	184	1.197355
157	168	131	142	0	121	0.992640
158	169	132	143	0	27	0.813956
