start1	end1	start2	end2	frag1	frag2	frag_rmsd
17	28	16	27	0	16	0.775259
23	34	22	33	232	355	2.143807
25	36	24	35	3	302	2.726615
43	54	43	54	360	84	1.521872
44	55	44	55	126	61	2.069075
46	57	46	57	167	215	2.690642
47	58	47	58	122	96	1.013426
51	62	51	62	365	314	3.190201
52	63	52	63	133	298	3.008662
53	64	53	64	57	395	2.786043
55	66	55	66	258	389	2.040431
56	67	56	67	167	293	1.284317
59	70	59	70	82	292	2.425930
64	75	64	75	16	23	1.580317
65	76	65	76	0	27	0.813956
71	82	71	82	0	16	0.775259
