start1	end1	start2	end2	frag1	frag2	frag_rmsd
29	40	48	59	173	348	2.362281
51	62	66	77	298	91	2.033592
52	63	67	78	178	356	2.746714
53	64	68	79	322	61	1.532523
54	65	69	80	158	42	2.224014
55	66	70	81	158	391	2.324084
56	67	71	82	391	379	2.465700
