start1	end1	start2	end2	frag1	frag2	frag_rmsd
16	27	11	22	164	34	2.524144
17	28	12	23	302	133	2.836895
32	43	26	37	320	373	2.468278
54	65	50	61	225	1	1.414968
66	77	62	73	235	277	1.734496
83	94	78	89	316	57	2.064021
104	115	104	115	43	225	2.352954
