start1	end1	start2	end2	frag1	frag2	frag_rmsd
2	13	1	12	177	390	2.707335
4	15	3	14	301	255	3.070922
5	16	4	15	97	379	2.953809
6	17	5	16	352	239	2.751219
8	19	7	18	102	38	3.239735
11	22	10	21	128	361	3.253987
13	24	12	23	363	302	2.467216
16	27	15	26	316	61	2.799474
22	33	21	32	178	383	2.575768
32	43	31	42	258	61	1.652270
36	47	35	46	248	379	1.639302
38	49	37	48	357	318	2.179797
41	52	40	51	13	38	3.172616
43	54	42	53	390	229	2.341461
45	56	44	55	91	133	3.164066
46	57	45	56	356	57	1.996521
54	65	53	64	281	388	2.197854
61	72	60	71	57	316	2.064021
62	73	61	72	322	42	2.200412
70	81	69	80	6	361	2.567318
87	98	86	97	316	323	2.822707
89	100	88	99	329	38	2.609070
