start1	end1	start2	end2	frag1	frag2	frag_rmsd
13	24	9	20	275	181	3.137269
14	25	10	21	321	181	3.417913
23	34	19	30	378	213	2.157761
27	38	23	34	57	132	1.551260
39	50	35	46	395	322	2.883785
40	51	36	47	392	84	2.236722
45	56	41	52	14	98	3.034027
48	59	44	55	165	383	2.427258
62	73	58	69	163	38	2.391719
69	80	65	76	342	213	2.983105
74	85	70	81	61	322	1.532523
75	86	71	82	239	313	2.359216
77	88	73	84	266	13	1.425161
87	98	83	94	40	395	2.957432
