start1	end1	start2	end2	frag1	frag2	frag_rmsd
1	12	1	12	142	351	3.322144
2	13	2	13	2	207	2.739924
3	14	3	14	339	205	3.370516
4	15	4	15	154	47	2.385592
6	17	6	17	243	373	3.844821
7	18	7	18	150	112	2.980962
9	20	9	20	375	361	1.959684
10	21	10	21	365	301	2.827489
12	23	12	23	157	383	2.212296
14	25	14	25	73	329	2.227621
20	31	20	31	57	316	2.064021
21	32	21	32	322	84	1.955336
