start1	end1	start2	end2	frag1	frag2	frag_rmsd
29	40	45	56	188	44	2.562663
42	53	58	69	3	272	2.548933
