start1	end1	start2	end2	frag1	frag2	frag_rmsd
1	12	3	14	92	263	2.521670
2	13	4	15	163	64	2.102946
4	15	6	17	3	185	2.630626
7	18	9	20	73	152	2.865449
8	19	10	21	138	292	2.059222
29	40	28	39	126	395	1.849402
33	44	32	43	155	2	2.800027
77	88	63	74	45	216	1.903162
83	94	69	80	121	170	1.774213
146	157	98	109	91	262	3.242394
150	161	102	113	334	54	2.234965
154	165	106	117	178	357	2.306823
165	176	124	135	107	360	2.749925
166	177	125	136	132	392	1.839294
173	184	132	143	59	128	2.692989
176	187	135	146	302	174	2.621173
177	188	136	147	132	57	1.551260
187	198	146	157	322	106	2.256879
190	201	149	160	158	53	3.421534
196	207	155	166	103	101	2.024736
197	208	156	167	252	34	1.711268
198	209	157	168	300	48	3.572372
199	210	158	169	48	268	2.942534
200	211	159	170	268	261	2.624343
201	212	160	171	136	195	3.533063
202	213	161	172	346	265	3.113157
204	215	163	174	286	299	2.143065
205	216	164	175	145	137	1.818483
206	217	165	176	81	153	2.865732
210	221	169	180	111	27	1.266595
216	227	175	186	355	232	2.143807
218	229	177	188	272	285	3.443220
219	230	178	189	316	57	2.064021
220	231	179	190	190	114	2.532336
222	233	181	192	310	40	2.788884
225	236	184	195	392	360	2.657878
246	257	208	219	104	33	2.171568
255	266	217	228	159	375	3.024654
256	267	218	229	156	250	2.358639
257	268	219	230	30	197	2.932411
313	324	257	268	239	58	3.165304
316	327	260	271	138	206	2.247993
320	331	264	275	4	111	0.994513
321	332	265	276	245	368	1.282466
325	336	269	280	340	70	2.315250
340	351	283	294	390	177	2.707335
341	352	284	295	390	113	3.018358
347	358	290	301	357	258	1.886183
348	359	291	302	106	126	2.751764
351	362	294	305	360	126	2.237959
352	363	295	306	318	106	2.386148
354	365	297	308	107	318	2.418216
361	372	304	315	332	150	2.960658
367	378	310	321	59	327	2.076427
376	387	319	330	113	108	3.238703
377	388	320	331	221	47	2.306219
378	389	321	332	305	337	3.947753
383	394	326	337	69	172	2.837507
389	400	332	343	51	141	1.428009
393	404	336	347	196	27	1.059651
394	405	337	348	27	0	0.813956
457	468	389	400	149	245	1.698435
459	470	391	402	77	76	2.204607
460	471	392	403	287	69	2.700446
461	472	393	404	93	33	2.502357
479	490	411	422	16	0	0.775259
481	492	413	424	127	35	1.273794
