start1	end1	start2	end2	frag1	frag2	frag_rmsd
1	12	3	14	38	185	3.627200
12	23	14	25	232	134	2.244172
15	26	17	28	19	131	2.999828
45	56	47	58	357	92	3.174659
57	68	59	70	191	386	2.742571
58	69	60	71	364	386	3.187185
62	73	64	75	281	388	2.197854
64	75	66	77	168	69	1.769267
77	88	87	98	298	395	3.168971
79	90	89	100	29	389	3.612396
80	91	90	101	28	320	2.315284
101	112	109	120	126	322	2.289807
121	132	129	140	7	329	2.127910
123	134	131	142	330	128	2.625531
125	136	133	144	256	365	2.792255
127	138	135	146	3	208	2.137017
129	140	137	148	158	107	3.375122
130	141	138	149	198	61	2.292877
131	142	139	150	391	357	1.962426
143	154	150	161	205	104	3.878644
144	155	151	162	298	238	3.893029
145	156	152	163	173	341	3.190472
146	157	153	164	351	142	3.322144
147	158	154	165	7	312	3.254391
148	159	155	166	83	85	3.429443
149	160	156	167	327	268	3.865122
150	161	157	168	82	160	2.687032
151	162	158	169	195	345	2.125554
153	164	160	171	45	394	1.792183
154	165	161	172	224	70	1.307761
155	166	162	173	60	149	1.545532
156	167	163	174	12	24	1.462726
157	168	164	175	154	12	2.882516
160	171	167	178	146	93	1.954768
182	193	194	205	288	283	2.531015
183	194	195	206	6	335	1.971828
194	205	206	217	47	209	2.283198
195	206	207	218	325	296	3.438490
198	209	210	221	146	183	2.507770
206	217	218	229	236	274	1.789125
207	218	219	230	193	202	2.754505
209	220	221	232	77	55	3.793680
211	222	223	234	311	243	1.853647
212	223	224	235	256	280	2.777176
213	224	225	236	98	385	1.817464
214	225	226	237	200	112	3.304526
216	227	228	239	173	63	3.168692
217	228	229	240	187	142	3.553214
218	229	230	241	10	140	1.985493
219	230	231	242	68	155	2.293045
226	237	238	249	201	256	2.397156
229	240	241	252	301	108	3.370206
232	243	244	255	331	163	1.919656
233	244	245	256	248	54	2.082630
234	245	246	257	178	392	1.899502
236	247	248	259	126	84	1.909341
237	248	249	260	357	61	2.416361
