start1	end1	start2	end2	frag1	frag2	frag_rmsd
21	32	38	49	42	395	2.168523
25	36	42	53	163	391	2.193995
35	46	52	63	365	375	1.934439
39	50	56	67	322	357	2.219787
41	52	58	69	28	114	1.637541
51	62	68	79	368	166	1.571683
53	64	70	81	277	104	2.095889
58	69	75	86	132	322	1.945705
63	74	80	91	2	328	1.547551
75	86	91	102	251	24	1.701363
108	119	126	137	356	57	1.996521
112	123	130	141	40	391	2.291833
113	124	131	142	183	178	1.884271
115	126	133	144	178	143	1.650270
116	127	134	145	323	297	1.891877
117	128	135	146	373	329	3.132212
123	134	141	152	107	57	2.508886
124	135	142	153	360	84	1.521872
128	139	146	157	391	40	2.291833
129	140	147	158	178	183	1.884271
