start1	end1	start2	end2	frag1	frag2	frag_rmsd
5	16	8	19	150	152	2.343118
54	65	82	93	61	258	1.652270
55	66	83	94	167	293	1.284317
58	69	86	97	292	82	2.425930
62	73	90	101	111	4	0.994513
