start1	end1	start2	end2	frag1	frag2	frag_rmsd
2	13	4	15	392	126	1.978049
4	15	6	17	167	158	1.812316
5	16	7	18	40	215	2.196253
6	17	8	19	114	176	1.989951
8	19	10	21	56	130	2.785884
14	25	16	27	4	94	2.166996
69	80	71	82	16	0	0.775259
77	88	79	90	357	322	2.219787
81	92	83	94	358	150	2.344975
87	98	89	100	4	111	0.994513
88	99	90	101	184	0	1.197355
89	100	91	102	121	0	0.992640
111	122	111	122	258	357	1.886183
112	123	112	123	293	68	1.906648
115	126	115	126	276	345	2.060965
116	127	116	127	227	141	1.668724
117	128	117	128	45	281	1.651716
118	129	118	129	4	70	1.352136
139	150	138	149	360	61	1.959112
140	151	139	150	389	158	2.036257
141	152	140	151	28	106	3.220922
143	154	142	153	391	248	2.056378
144	155	143	154	370	143	2.441360
145	156	144	155	204	297	2.890784
146	157	145	156	352	191	3.082570
147	158	146	157	79	109	2.849821
148	159	147	158	292	82	2.425930
149	160	148	159	276	195	1.460134
157	168	156	167	16	0	0.775259
160	171	159	170	166	144	1.768288
163	174	162	173	283	354	2.234505
164	175	163	174	230	160	1.979840
