start1	end1	start2	end2	frag1	frag2	frag_rmsd
23	34	23	34	396	65	2.073749
24	35	24	35	223	371	1.695846
28	39	28	39	127	35	1.273794
30	41	30	41	251	377	2.012568
32	43	32	43	6	355	2.242598
38	49	38	49	207	58	2.282401
39	50	39	50	207	148	3.087205
40	51	40	51	286	289	3.560170
43	54	43	54	376	291	3.006765
45	56	45	56	115	264	2.943574
70	81	69	80	164	363	1.880850
74	85	73	84	360	389	2.720316
109	120	109	120	170	49	2.018496
116	127	116	127	362	302	1.914259
121	132	121	132	392	244	3.522707
146	157	156	167	121	27	1.355932
147	158	157	168	27	0	0.813956
159	170	169	180	331	174	1.879546
163	174	173	184	389	61	1.926015
165	176	175	186	10	80	2.388647
166	177	176	187	68	225	2.476200
167	178	177	188	189	89	3.622302
168	179	178	189	286	11	2.873938
174	185	184	195	396	223	2.481038
175	186	185	196	123	217	1.813518
194	205	204	215	84	248	2.774836
199	210	209	220	258	357	1.886183
201	212	211	222	246	114	2.430257
202	213	212	223	38	138	2.473026
203	214	213	224	213	192	2.401294
227	238	240	251	106	357	2.204060
229	240	242	253	392	178	1.899502
243	254	272	283	0	23	1.327063
273	284	305	316	21	159	3.937955
274	285	306	317	305	372	3.054415
276	287	308	319	291	376	3.006765
277	288	309	320	396	67	2.502585
278	289	310	321	11	388	2.864817
281	292	313	324	311	50	1.521786
282	293	314	325	256	367	3.455315
283	294	315	326	98	365	2.628441
284	295	316	327	174	285	2.184810
285	296	317	328	218	173	2.674313
287	298	319	330	328	7	1.961591
288	299	320	331	92	312	2.438767
290	301	322	333	289	152	3.730991
298	309	330	341	326	43	2.228664
300	311	332	343	147	45	1.713468
301	312	333	344	23	4	1.335798
302	313	334	345	27	0	0.813956
