start1	end1	start2	end2	frag1	frag2	frag_rmsd
8	19	8	19	260	273	1.686527
14	25	14	25	33	288	1.743390
38	49	38	49	73	122	2.767988
58	69	58	69	337	32	3.444116
60	71	60	71	390	128	2.944982
61	72	61	72	128	82	2.999468
97	108	97	108	77	90	3.129594
98	109	98	109	79	175	3.008817
102	113	102	113	216	223	2.223151
105	116	105	116	5	37	2.158829
106	117	106	117	118	24	1.501714
110	121	110	121	219	224	2.310836
112	123	112	123	55	124	3.298000
