start1	end1	start2	end2	frag1	frag2	frag_rmsd
69	80	53	64	112	213	3.032604
106	117	75	86	322	360	1.453720
113	124	82	93	2	343	1.502106
127	138	98	109	297	167	2.343013
130	141	101	112	186	358	2.904982
132	143	103	114	174	229	3.169397
133	144	104	115	97	218	2.919551
134	145	105	116	383	173	3.138007
135	146	106	117	158	348	3.049288
136	147	107	118	73	329	2.227621
137	148	108	119	266	13	1.425161
140	151	111	122	375	365	1.934439
142	153	113	124	91	272	2.404085
143	154	114	125	395	316	2.625391
144	155	115	126	158	42	2.224014
146	157	117	128	28	210	2.476754
147	158	118	129	13	117	2.375734
148	159	119	130	358	117	2.136260
149	160	120	131	390	361	2.592892
151	162	122	133	298	91	2.033592
152	163	123	134	107	57	2.508886
153	164	124	135	84	270	2.302063
154	165	125	136	258	61	1.652270
155	166	126	137	374	158	1.692551
156	167	127	138	40	198	1.579973
167	178	142	153	132	360	2.169218
187	198	184	195	383	310	2.997578
188	199	185	196	165	374	3.396099
191	202	188	199	318	106	2.386148
193	204	190	201	357	208	2.490627
195	206	192	203	57	356	1.996521
