start1	end1	start2	end2	frag1	frag2	frag_rmsd
12	23	18	29	226	298	2.107868
16	27	22	33	20	266	2.464715
19	30	25	36	314	250	2.941898
27	38	33	44	291	299	2.813710
37	48	43	54	338	18	1.332509
39	50	45	56	33	307	3.155549
42	53	48	59	84	91	2.901645
43	54	49	60	132	360	2.169218
45	56	51	62	360	322	1.453720
80	91	85	96	167	293	1.284317
84	95	89	100	195	179	3.223449
90	101	95	106	258	316	2.660770
91	102	96	107	167	323	1.943224
92	103	97	108	246	373	2.083918
93	104	98	109	102	358	2.219381
132	143	117	128	366	6	1.707860
133	144	118	129	164	97	2.612298
134	145	119	130	174	362	2.428462
137	148	122	133	158	389	2.036257
138	149	123	134	28	374	1.355458
144	155	129	140	373	39	2.559497
146	157	131	142	68	155	2.293045
148	159	133	144	308	145	1.918035
152	163	137	148	388	387	2.861833
157	168	142	153	174	331	1.879546
167	178	152	163	109	354	1.258230
173	184	158	169	325	93	2.694444
181	192	166	177	390	300	2.932370
183	194	168	179	262	218	3.151306
187	198	172	183	78	229	2.235105
263	274	249	260	268	14	2.894534
