start1	end1	start2	end2	frag1	frag2	frag_rmsd
9	20	9	20	184	240	1.274780
25	36	26	37	355	232	2.143807
56	67	57	68	139	321	1.880186
64	75	65	76	308	153	2.022673
79	90	80	91	144	188	1.413047
86	97	87	98	179	281	2.644974
90	101	91	102	208	226	2.686596
93	104	94	105	2	72	2.187701
114	125	115	126	111	278	1.961396
121	132	122	133	0	5	1.445826
122	133	123	134	0	5	1.445826
123	134	124	135	35	217	1.424302
124	135	125	136	35	217	1.424302
125	136	126	137	245	127	2.014304
127	138	128	139	5	170	2.519731
128	139	129	140	5	196	1.762765
129	140	130	141	217	273	2.005378
131	142	132	143	0	121	0.992640
132	143	133	144	0	27	0.813956
137	148	138	149	188	368	1.404624
138	149	139	150	338	18	1.332509
139	150	140	151	100	377	1.241297
140	151	141	152	33	307	3.155549
141	152	142	153	134	366	2.121858
142	153	143	154	385	349	4.044923
143	154	144	155	382	210	3.181179
144	155	145	156	150	117	2.233273
145	156	146	157	32	229	3.310535
146	157	147	158	9	8	3.602007
147	158	148	159	135	67	2.295278
149	160	150	161	353	244	2.512894
150	161	151	162	179	58	3.690841
161	172	162	173	141	227	1.668724
202	213	204	215	127	0	0.813264
