start1	end1	start2	end2	frag1	frag2	frag_rmsd
35	46	17	28	312	213	1.883397
41	52	23	34	312	192	2.159358
46	57	28	39	92	19	2.286913
59	70	41	52	213	312	1.883397
61	72	43	54	255	301	3.070922
85	96	59	70	253	301	2.483787
91	102	65	76	301	255	3.070922
132	143	122	133	312	213	1.883397
144	155	133	144	312	213	1.883397
150	161	139	150	312	213	1.883397
169	180	157	168	78	229	2.235105
