start1	end1	start2	end2	frag1	frag2	frag_rmsd
2	13	3	14	298	91	2.033592
10	21	11	22	171	262	2.758530
11	22	12	23	274	373	2.275822
12	23	13	24	138	2	2.756781
57	68	64	75	157	349	2.208803
59	70	66	77	389	239	2.206659
64	75	71	82	301	71	2.996809
77	88	86	97	253	357	2.742849
79	90	88	99	28	274	3.360809
80	91	89	100	138	328	2.615349
105	116	144	155	40	357	2.500053
106	117	145	156	391	178	2.455732
108	119	147	158	178	392	1.899502
109	120	148	159	248	258	2.636532
110	121	149	160	42	391	2.281049
111	122	150	161	258	40	2.499938
112	123	151	162	167	163	2.837135
114	125	153	164	163	183	2.424667
116	127	155	166	178	132	2.174432
117	128	156	167	57	322	2.446228
