start1	end1	start2	end2	frag1	frag2	frag_rmsd
1	12	8	19	250	393	2.576258
2	13	9	20	48	342	2.998639
3	14	10	21	39	182	2.830746
4	15	11	22	19	39	2.401518
5	16	12	23	209	358	3.584333
6	17	13	24	275	358	2.989307
10	21	17	28	200	365	2.605423
14	25	21	32	345	194	1.854317
20	31	27	38	0	35	1.003458
31	42	39	50	297	296	3.061323
32	43	40	51	40	326	3.925709
33	44	41	52	68	114	2.433763
