start1	end1	start2	end2	frag1	frag2	frag_rmsd
5	16	4	15	178	143	1.650270
32	43	31	42	357	322	2.219787
35	46	34	45	13	96	1.738752
36	47	35	46	150	20	2.215790
39	50	38	49	314	363	2.815277
40	51	39	50	173	157	2.666062
42	53	41	52	106	389	2.526247
43	54	42	53	239	176	2.693058
52	63	51	62	213	312	1.883397
56	67	55	66	39	222	2.378590
73	84	72	83	209	191	2.794182
92	103	91	102	375	200	3.058529
