start1	end1	start2	end2	frag1	frag2	frag_rmsd
3	14	4	15	374	391	2.496133
4	15	5	16	293	191	2.725730
5	16	6	17	152	112	2.996887
7	18	8	19	82	150	3.345905
8	19	9	20	304	59	3.464123
13	24	14	25	356	132	2.067486
14	25	15	26	360	107	2.749925
19	30	20	31	96	122	1.013426
25	36	26	37	57	383	2.505220
26	37	27	38	389	379	2.527735
41	52	42	53	322	61	1.532523
44	55	45	56	162	215	2.221407
51	62	52	63	356	57	1.996521
70	81	78	89	357	208	2.490627
71	82	79	90	392	395	1.956324
72	83	80	91	57	132	1.551260
73	84	81	92	84	360	1.521872
74	85	82	93	126	360	2.237959
75	86	83	94	322	360	1.453720
78	89	86	97	42	389	2.149086
98	109	106	117	118	149	1.094155
