start1	end1	start2	end2	frag1	frag2	frag_rmsd
31	42	69	80	225	194	1.011234
60	71	100	111	119	44	2.044452
81	92	122	133	217	396	2.832286
83	94	124	135	70	4	1.352136
84	95	125	136	16	23	1.580317
85	96	126	137	121	27	1.355932
86	97	127	138	127	35	1.273794
87	98	128	139	260	368	2.271309
88	99	129	140	170	284	2.372790
89	100	130	141	44	104	3.233468
90	101	131	142	368	307	3.257961
91	102	132	143	18	256	2.630276
92	103	133	144	377	222	2.585546
93	104	134	145	233	316	4.439339
94	105	135	146	366	187	4.072087
95	106	136	147	39	64	2.616468
96	107	137	148	222	78	3.077120
97	108	138	149	183	229	2.741092
101	112	142	153	218	348	2.962925
102	113	143	154	296	162	2.783193
118	129	161	172	387	6	2.912283
132	143	175	186	351	344	3.622542
136	147	179	190	367	365	3.314064
156	167	200	211	277	100	1.693324
159	170	203	214	171	385	3.443918
166	177	210	221	107	356	1.430031
168	179	212	223	61	126	2.069075
174	185	218	229	364	7	3.156508
177	188	221	232	141	65	2.029741
192	203	237	248	344	343	2.610830
193	204	238	249	372	225	2.657355
196	207	241	252	147	123	1.240679
232	243	278	289	35	49	1.783586
243	254	289	300	369	225	2.174537
259	270	305	316	368	188	1.404624
260	271	306	317	18	338	1.332509
278	289	324	335	227	129	2.576417
279	290	325	336	394	396	2.782183
297	308	345	356	95	141	1.602886
311	322	360	371	131	30	3.161369
341	352	387	398	4	111	0.994513
351	362	397	408	318	218	2.873967
353	364	399	410	246	7	2.663765
356	367	402	413	342	14	2.230074
357	368	403	414	237	179	2.596981
358	369	404	415	63	148	3.358723
360	371	406	417	162	241	2.934442
387	398	434	445	262	93	3.800186
396	407	443	454	287	277	1.480842
401	412	448	459	253	298	2.223505
403	414	450	461	218	297	2.452723
407	418	454	465	14	342	2.230074
421	432	467	478	126	84	1.909341
423	434	469	480	126	61	2.069075
439	450	485	496	338	18	1.332509
440	451	486	497	100	377	1.241297
443	454	489	500	156	164	1.408711
444	455	490	501	174	331	1.879546
451	462	497	508	23	4	1.335798
471	482	517	528	156	164	1.408711
472	483	518	529	156	174	2.549268
473	484	519	530	209	218	2.745118
478	489	524	535	281	45	1.651716
479	490	525	536	70	224	1.307761
480	491	526	537	240	184	1.274780
481	492	527	538	216	121	1.107965
505	516	552	563	155	68	2.293045
510	521	557	568	223	216	2.223151
517	528	564	575	187	154	3.616747
518	529	565	576	140	370	2.602502
521	532	568	579	248	379	1.639302
522	533	569	580	57	349	3.004104
523	534	570	581	322	379	2.785664
524	535	571	582	158	391	2.324084
