start1	end1	start2	end2	frag1	frag2	frag_rmsd
16	27	14	25	72	157	3.359513
19	30	17	28	140	151	2.863118
20	31	18	29	257	163	2.504068
22	33	20	31	279	185	3.027543
25	36	23	34	1	155	2.442381
26	37	24	35	185	172	2.593032
30	41	28	39	366	212	2.629299
31	42	29	40	337	122	3.131304
46	57	44	55	168	17	1.555351
50	61	48	59	230	19	3.153799
58	69	56	67	14	156	3.090739
72	83	70	81	58	46	3.487640
73	84	71	82	275	205	3.746492
74	85	72	83	9	67	3.334031
76	87	74	85	282	62	2.963130
88	99	86	97	173	398	2.666717
120	131	118	129	294	339	2.275774
121	132	119	130	396	291	2.756078
125	136	123	134	279	315	2.431656
129	140	127	138	95	397	2.597544
130	141	128	139	45	216	1.903162
150	161	148	159	127	16	1.158335
195	206	193	204	34	256	2.477094
210	221	208	219	77	79	2.104037
214	225	212	223	394	223	1.646543
231	242	229	240	195	194	2.678602
232	243	230	241	227	141	1.668724
237	248	235	246	35	94	1.741150
254	265	252	263	94	5	1.412501
261	272	259	270	161	100	0.978809
262	273	260	271	294	33	2.272830
266	277	264	275	15	65	2.699063
268	279	266	277	27	111	1.266595
270	281	268	279	0	121	0.992640
271	282	269	280	0	27	0.813956
279	290	277	288	16	0	0.775259
292	303	290	301	94	5	1.412501
295	306	293	304	359	79	2.929854
312	323	310	321	16	0	0.775259
314	325	312	323	196	0	1.046929
316	327	314	325	16	0	0.775259
317	328	315	326	121	0	0.992640
318	329	316	327	27	0	0.813956
325	336	323	334	0	16	0.775259
354	365	354	365	245	35	2.065446
363	374	363	374	34	164	2.524144
