start1	end1	start2	end2	frag1	frag2	frag_rmsd
9	20	12	23	110	180	1.207298
33	44	45	56	370	209	2.145831
40	51	52	63	39	221	3.274573
74	85	86	97	127	60	1.135321
79	90	91	102	325	146	2.497181
92	103	104	115	221	219	2.925663
93	104	105	116	370	71	2.349638
98	109	110	121	322	126	2.289807
106	117	118	129	104	377	1.491193
108	119	120	131	238	103	2.868671
123	134	135	146	287	104	2.087811
131	142	143	154	132	57	1.551260
152	163	164	175	35	0	1.003458
153	164	165	176	166	188	1.839547
162	173	174	185	126	158	2.723694
175	186	187	198	147	123	1.240679
177	188	189	200	27	0	0.813956
186	197	198	209	94	5	1.412501
189	200	201	212	217	169	2.163680
190	201	202	213	16	260	1.076875
202	213	213	224	64	312	1.899875
203	214	214	225	229	54	2.974464
204	215	215	226	255	178	1.895190
243	254	254	265	45	147	1.713468
251	262	262	273	146	93	1.954768
275	286	286	297	57	91	2.021486
278	289	289	300	126	84	1.909341
294	305	305	316	127	0	0.813264
296	307	307	318	180	271	1.646931
312	323	323	334	0	170	1.959205
315	326	326	337	16	184	1.241286
337	348	348	359	329	96	1.925419
371	382	382	393	0	121	0.992640
372	383	383	394	127	196	1.155792
384	395	395	406	163	10	2.500065
387	398	398	409	160	292	2.571253
408	419	419	430	227	141	1.668724
423	434	434	445	328	312	2.691432
