start1	end1	start2	end2	frag1	frag2	frag_rmsd
4	15	4	15	48	262	2.274893
6	17	6	17	160	138	2.227130
13	24	13	24	35	16	1.607878
14	25	14	25	35	188	1.339917
15	26	15	26	166	338	1.595083
17	28	17	28	104	33	2.171568
22	33	22	33	74	80	2.193283
25	36	25	36	7	122	2.510319
27	38	27	38	369	276	1.368954
30	41	30	41	23	4	1.335798
73	84	69	80	155	194	2.437203
101	112	92	103	167	293	1.284317
105	116	96	107	229	78	2.235105
