start1	end1	start2	end2	frag1	frag2	frag_rmsd
10	21	13	24	118	144	1.639526
25	36	26	37	360	198	2.868520
62	73	37	48	216	45	1.903162
63	74	38	49	111	4	0.994513
69	80	44	55	156	63	3.190909
73	84	48	59	295	243	1.976107
74	85	49	60	266	336	3.315711
78	89	53	64	182	262	1.903492
85	96	60	71	393	98	2.507349
91	102	66	77	312	213	1.883397
118	129	93	104	74	126	2.701927
