start1	end1	start2	end2	frag1	frag2	frag_rmsd
13	24	14	25	283	134	2.393590
15	26	16	27	147	397	2.282721
21	32	22	33	0	16	0.775259
29	40	30	41	391	253	2.736532
32	43	33	44	178	158	3.072506
43	54	44	55	127	368	1.781241
86	97	87	98	62	172	3.184500
111	122	112	123	302	370	2.412534
134	145	135	146	398	356	3.148517
