start1	end1	start2	end2	frag1	frag2	frag_rmsd
2	13	6	17	386	80	2.587573
20	31	24	35	365	375	1.934439
31	42	35	46	80	143	2.207392
112	123	116	127	137	53	2.030414
118	129	122	133	354	295	1.529198
122	133	126	137	45	371	1.366556
128	139	132	143	368	166	1.571683
149	160	153	164	0	16	0.775259
151	162	155	166	338	25	1.152231
155	166	159	170	219	70	2.548350
159	170	163	174	11	388	2.864817
191	202	195	206	0	196	1.046929
197	208	201	212	0	127	0.813264
198	209	202	213	0	16	0.775259
207	218	211	222	128	390	2.944982
208	219	212	223	300	159	3.403555
210	221	214	225	107	226	3.451074
213	224	217	228	210	266	2.948233
215	226	219	230	128	306	3.339605
218	229	222	233	173	142	3.439718
222	233	226	237	286	282	3.193353
223	234	227	238	359	79	2.929854
224	235	228	239	346	9	3.119717
252	263	256	267	16	0	0.775259
257	268	261	272	44	37	1.535786
261	272	265	276	169	244	2.161606
264	275	268	279	307	208	2.658720
266	277	270	281	263	383	2.490363
267	278	271	282	357	391	1.962426
274	285	278	289	386	374	2.195278
282	293	286	297	340	305	3.065609
291	302	295	306	293	323	1.968250
295	306	299	310	327	261	3.361138
298	309	302	313	113	229	2.224987
301	312	305	316	178	157	2.103654
307	318	311	322	71	255	2.201151
331	342	335	346	357	61	2.416361
335	346	339	350	114	73	2.858654
339	350	343	354	214	304	3.744505
357	368	361	372	351	320	3.032070
358	369	362	373	56	328	2.664981
369	380	373	384	100	161	0.978809
375	386	379	390	45	371	1.366556
391	402	395	406	141	22	1.438165
393	404	397	408	25	212	2.992318
413	424	417	428	196	0	1.046929
415	426	419	430	184	0	1.197355
416	427	420	431	121	0	0.992640
427	438	431	442	33	104	2.171568
430	441	434	445	173	3	2.825676
431	442	435	446	84	310	3.280810
435	446	439	450	360	356	2.206112
436	447	440	451	126	360	2.237959
440	451	444	455	312	213	1.883397
457	468	461	472	360	84	1.521872
458	469	462	473	126	360	2.237959
465	476	469	480	393	375	2.214683
467	478	471	482	226	91	2.048829
469	480	473	484	178	392	1.899502
502	513	506	517	152	150	2.343118
