start1	end1	start2	end2	frag1	frag2	frag_rmsd
9	20	10	21	47	325	2.065922
10	21	11	22	93	151	3.720308
11	22	12	23	39	349	1.813420
14	25	15	26	136	38	3.344095
15	26	16	27	192	312	2.159358
16	27	17	28	85	112	3.656456
20	31	21	32	95	141	1.602886
23	34	24	35	338	25	1.152231
27	38	28	39	164	363	1.880850
29	40	30	41	383	351	2.922880
31	42	32	43	293	58	2.721404
38	49	39	50	383	165	2.427258
