start1	end1	start2	end2	frag1	frag2	frag_rmsd
2	13	2	13	5	16	1.629181
3	14	3	14	217	0	1.425276
4	15	4	15	217	196	1.508921
5	16	5	16	273	0	1.419073
6	17	6	17	240	16	1.850213
8	19	8	19	27	35	1.219104
9	20	9	20	188	368	1.404624
10	21	10	21	271	284	2.057730
11	22	11	22	277	287	1.480842
12	23	12	23	283	311	2.735094
13	24	13	24	256	340	2.785789
15	26	15	26	347	281	2.168443
16	27	16	27	193	70	2.708092
17	28	17	28	224	240	2.219599
20	31	20	31	16	0	0.775259
21	32	21	32	121	16	1.372802
22	33	22	33	37	127	1.685836
23	34	23	34	273	87	2.567187
24	35	24	35	350	180	1.431378
27	38	27	38	119	337	3.211943
28	39	28	39	340	345	2.274485
36	47	36	47	287	79	1.970184
38	49	38	49	340	376	2.433654
41	52	41	52	4	111	0.994513
46	57	46	57	16	0	0.775259
