start1	end1	start2	end2	frag1	frag2	frag_rmsd
2	13	3	14	7	323	3.160812
8	19	9	20	133	314	2.775255
10	21	11	22	173	107	2.657406
25	36	26	37	194	346	1.855001
28	39	29	40	179	144	2.704096
40	51	43	54	191	85	2.474521
45	56	48	59	371	45	1.366556
94	105	97	108	84	126	1.909341
