start1	end1	start2	end2	frag1	frag2	frag_rmsd
4	15	4	15	125	346	1.893247
6	17	6	17	216	223	2.223151
8	19	8	19	0	27	0.813956
13	24	13	24	0	49	1.806828
15	26	15	26	368	118	1.491748
17	28	17	28	104	233	2.407098
18	29	18	29	366	232	2.061297
20	31	20	31	362	302	1.914259
22	33	22	33	248	132	2.493342
23	34	23	34	178	42	2.633099
24	35	24	35	320	258	3.113439
32	43	32	43	360	84	1.521872
33	44	33	44	84	360	1.521872
34	45	34	45	313	61	2.398675
35	46	35	46	162	28	1.560721
36	47	36	47	210	96	2.685790
41	52	41	52	363	272	3.044306
45	56	45	56	360	126	2.237959
50	61	50	61	175	55	3.874174
53	64	53	64	93	256	2.915146
54	65	54	65	164	174	2.588575
56	67	56	67	29	349	2.165630
57	68	57	68	40	92	1.759016
61	72	61	72	183	57	2.857724
65	76	65	76	114	28	1.637541
68	79	68	79	95	141	1.602886
69	80	69	80	371	45	1.366556
71	82	71	82	0	16	0.775259
73	84	73	84	127	60	1.135321
76	87	76	87	319	279	1.889850
77	88	77	88	387	228	1.467269
85	96	85	96	126	360	2.237959
87	98	87	98	374	28	1.355458
88	99	88	99	329	38	2.609070
89	100	89	100	83	150	1.761815
91	102	91	102	128	300	3.067607
94	105	94	105	91	178	1.731687
111	122	113	124	126	357	2.400813
115	126	117	128	395	248	1.997362
116	127	118	129	357	57	2.268519
117	128	119	130	395	392	1.956324
118	129	120	131	132	84	2.205557
119	130	121	132	322	356	2.017159
120	131	122	133	84	360	1.521872
121	132	123	134	258	61	1.652270
122	133	124	135	357	158	2.494890
123	134	125	136	391	198	2.242897
125	136	127	138	187	205	2.836364
126	137	128	139	40	146	3.626842
127	138	129	140	163	253	2.272547
130	141	132	143	57	310	2.973413
144	155	146	157	35	87	1.660723
147	158	149	160	104	233	2.407098
148	159	150	161	6	232	1.900358
154	165	156	167	258	313	2.044899
163	174	165	176	322	126	2.289807
164	175	166	177	258	374	2.198304
174	185	176	187	360	61	1.959112
194	205	200	211	357	132	1.964894
196	207	202	213	114	28	1.637541
199	210	205	216	51	141	1.428009
201	212	207	218	111	4	0.994513
205	216	211	222	16	184	1.241286
207	218	213	224	121	184	1.193672
212	223	218	229	97	164	2.612298
216	227	222	233	126	84	1.909341
224	235	230	241	157	302	1.373132
225	236	231	242	356	57	1.996521
238	249	243	254	360	322	1.453720
