start1	end1	start2	end2	frag1	frag2	frag_rmsd
12	23	6	17	246	323	2.173724
13	24	7	18	329	73	2.227621
14	25	8	19	358	13	2.540778
15	26	9	20	378	117	2.521934
16	27	10	21	301	159	3.515593
17	28	11	22	298	218	2.714907
18	29	12	23	272	142	3.786763
19	30	13	24	395	391	2.221324
20	31	14	25	357	334	2.990220
24	35	18	29	374	158	1.692551
26	37	20	31	102	83	2.375023
44	55	38	49	282	287	3.159933
55	66	49	60	351	74	3.409378
74	85	68	79	60	149	1.545532
75	86	69	80	180	110	1.207298
81	92	75	86	183	298	2.752229
82	93	76	87	298	107	3.471909
89	100	83	94	225	125	2.024259
