start1	end1	start2	end2	frag1	frag2	frag_rmsd
14	25	20	31	395	126	1.849402
15	26	21	32	357	132	1.964894
18	29	24	35	389	42	2.149086
19	30	25	36	167	391	2.154784
21	32	27	38	73	38	2.949045
23	34	29	40	112	186	2.325844
25	36	31	42	229	301	2.428148
27	38	33	44	395	107	2.432305
28	39	34	45	392	132	1.839294
29	40	35	46	322	126	2.289807
30	41	36	47	84	322	1.955336
32	43	38	49	323	374	2.760700
53	64	108	119	105	188	1.430055
58	69	113	124	34	363	3.284685
65	76	120	131	7	328	1.961591
70	81	125	136	288	304	3.294945
71	82	126	137	288	324	3.118378
73	84	128	139	156	363	2.308899
85	96	141	152	0	121	0.992640
86	97	142	153	0	196	1.046929
88	99	144	155	0	184	1.197355
89	100	145	156	0	121	0.992640
103	114	174	185	132	318	1.806699
104	115	175	186	270	61	2.370076
117	128	188	199	87	188	1.255021
118	129	189	200	24	18	1.529172
121	132	192	203	366	337	2.820868
122	133	193	204	201	337	2.750196
124	135	195	206	229	14	2.682356
131	142	202	213	10	140	1.985493
225	236	274	285	371	51	1.963017
232	243	281	292	135	67	2.295278
233	244	282	293	371	36	1.491002
234	245	283	294	244	169	2.161606
235	246	284	295	144	118	1.639526
237	248	286	297	377	315	2.337856
238	249	287	298	88	325	2.730942
239	250	288	299	146	39	2.794272
240	251	289	300	39	331	2.341424
241	252	290	301	331	54	2.439269
270	281	321	332	57	392	2.274546
271	282	322	333	322	356	2.017159
313	324	352	363	100	235	1.231875
314	325	353	364	288	33	1.743390
326	337	364	375	248	54	2.082630
327	338	365	376	178	392	1.899502
328	339	366	377	383	74	3.471481
380	391	399	410	132	356	2.067486
434	445	446	457	391	163	2.193995
437	448	449	460	57	107	2.508886
442	453	454	465	80	357	2.082122
443	454	455	466	246	167	2.265205
444	455	456	467	73	204	3.073344
445	456	457	468	358	247	2.479219
448	459	460	471	361	342	2.191841
455	466	467	478	126	42	2.008935
468	479	513	524	395	248	1.997362
469	480	514	525	178	392	1.899502
471	482	516	527	348	270	2.651409
485	496	529	540	316	389	2.563569
496	507	540	551	360	318	2.599279
498	509	542	553	357	258	1.886183
501	512	545	556	379	183	2.366043
503	514	547	558	57	178	1.951934
506	517	550	561	102	38	3.239735
516	527	560	571	40	92	1.759016
517	528	561	572	183	209	2.838015
518	529	562	573	209	344	2.693262
520	531	564	575	130	175	2.406903
560	571	587	598	357	322	2.219787
