start1	end1	start2	end2	frag1	frag2	frag_rmsd
1	12	3	14	188	105	1.430055
4	15	6	17	288	294	3.063095
5	16	7	18	103	101	2.024736
17	28	18	29	95	227	2.206519
18	29	19	30	281	394	1.908381
22	33	23	34	27	0	0.813956
26	37	27	38	25	77	2.227594
