start1	end1	start2	end2	frag1	frag2	frag_rmsd
14	25	24	35	16	0	0.775259
16	27	26	37	0	16	0.775259
23	34	33	44	127	0	0.813264
