start1	end1	start2	end2	frag1	frag2	frag_rmsd
33	44	48	59	25	338	1.152231
34	45	49	60	100	377	1.241297
37	48	52	63	103	250	3.707278
39	50	54	65	194	372	2.928116
40	51	55	66	51	369	2.480951
41	52	56	67	45	22	2.418557
42	53	57	68	147	123	1.240679
43	54	58	69	23	4	1.335798
48	59	63	74	16	0	0.775259
52	63	67	78	287	104	2.087811
56	67	71	82	202	119	3.129238
96	107	102	113	104	170	2.447681
100	111	106	117	9	119	2.580733
123	134	127	138	0	27	0.813956
124	135	128	139	0	121	0.992640
125	136	129	140	0	27	0.813956
128	139	132	143	0	16	0.775259
132	143	136	147	287	104	2.087811
133	144	137	148	311	52	3.058037
135	146	139	150	333	79	3.725373
136	147	140	151	9	372	2.266052
146	157	150	161	0	35	1.003458
161	172	164	175	127	0	0.813264
162	173	165	176	16	0	0.775259
163	174	166	177	35	0	1.003458
164	175	167	178	196	35	1.146322
165	176	168	179	144	368	1.335465
166	177	169	180	251	284	1.783480
168	179	171	182	366	311	2.430439
169	180	172	183	290	256	3.012543
170	181	173	184	236	79	3.261641
171	182	174	185	86	9	3.415007
172	183	175	186	225	129	2.985670
173	184	176	187	51	396	1.709799
174	185	177	188	147	371	1.829059
175	186	178	189	4	111	0.994513
179	190	182	193	16	0	0.775259
218	229	213	224	333	79	3.725373
248	259	240	251	0	127	0.813264
249	260	241	252	0	16	0.775259
295	306	293	304	281	44	2.432066
306	317	304	315	0	35	1.003458
