start1	end1	start2	end2	frag1	frag2	frag_rmsd
30	41	14	25	223	147	1.957202
36	47	20	31	49	121	1.746885
38	49	22	33	18	180	1.503133
40	51	24	35	119	139	2.402640
51	62	36	47	111	4	0.994513
75	86	60	71	35	0	1.003458
78	89	63	74	118	338	2.078467
82	93	67	78	65	396	2.073749
83	94	68	79	135	137	2.179406
92	103	77	88	104	229	3.134015
95	106	80	91	107	173	2.657406
96	107	81	92	357	310	3.043951
97	108	82	93	391	357	1.962426
99	110	84	95	379	178	1.774921
100	111	85	96	374	297	3.062294
124	135	112	123	155	225	2.525994
132	143	120	131	100	161	0.978809
133	144	121	132	294	33	2.272830
135	146	123	134	156	262	3.313432
139	150	127	138	141	227	1.668724
160	171	148	159	35	127	1.273794
175	186	164	175	196	119	2.791321
183	194	172	183	94	35	1.741150
187	198	176	187	5	94	1.412501
191	202	180	191	0	217	1.425276
200	211	189	200	245	94	1.654793
224	235	205	216	45	238	2.079714
294	305	284	295	12	180	1.813052
324	335	320	331	27	241	2.394441
325	336	321	332	220	27	1.823934
329	340	325	336	284	77	2.662386
334	345	330	341	371	223	1.695846
363	374	359	370	30	11	2.289586
400	411	396	407	317	359	1.709433
405	416	401	412	354	238	2.758391
406	417	402	413	317	25	2.171074
407	418	403	414	31	275	3.383840
431	442	427	438	35	0	1.003458
432	443	428	439	35	0	1.003458
433	444	429	440	35	0	1.003458
434	445	430	441	16	0	0.775259
435	446	431	442	5	0	1.445826
436	447	432	443	217	0	1.425276
437	448	433	444	217	0	1.425276
438	449	434	445	16	0	0.775259
514	525	516	527	371	22	2.172119
539	550	541	552	52	368	1.865732
555	566	557	568	104	222	2.914993
556	567	558	569	301	242	2.578516
562	573	564	575	304	83	3.530300
566	577	568	579	3	30	3.326002
576	587	578	589	0	16	0.775259
626	637	617	628	376	129	1.562683
627	638	618	629	227	65	2.070036
663	674	658	669	16	0	0.775259
664	675	659	670	16	0	0.775259
670	681	665	676	17	110	1.336081
671	682	666	677	319	49	2.099008
677	688	672	683	23	4	1.335798
699	710	698	709	74	310	3.194705
700	711	699	710	107	310	3.602196
