start1	end1	start2	end2	frag1	frag2	frag_rmsd
28	39	34	45	20	83	2.024528
31	42	37	48	314	363	2.815277
53	64	59	70	149	127	1.616553
