start1	end1	start2	end2	frag1	frag2	frag_rmsd
42	53	35	46	200	333	3.420119
44	55	37	48	174	81	3.936164
45	56	38	49	39	145	3.389552
