start1	end1	start2	end2	frag1	frag2	frag_rmsd
13	24	6	17	96	73	2.402429
20	31	13	24	356	270	2.676880
29	40	22	33	45	281	1.651716
42	53	35	46	76	118	1.975835
44	55	37	48	124	154	2.667896
47	58	40	51	151	253	2.347071
49	60	42	53	318	132	1.806699
52	63	45	56	395	126	1.849402
59	70	52	63	236	152	2.645415
64	75	57	68	212	173	3.462687
70	81	63	74	63	240	1.980085
77	88	70	81	0	16	0.775259
94	105	89	100	356	360	2.206112
96	107	91	102	61	322	1.532523
100	111	95	106	117	213	2.137352
101	112	96	107	186	390	3.390729
103	114	98	109	171	182	2.159352
105	116	100	111	125	19	3.615712
110	121	105	116	290	209	3.443158
112	123	107	118	19	358	2.566475
115	126	110	121	108	171	2.315758
120	131	115	126	192	140	2.281726
121	132	116	127	205	218	2.768802
123	134	118	129	106	395	2.587321
137	148	131	142	126	84	1.909341
140	151	134	145	126	42	2.008935
162	173	157	168	57	322	2.446228
165	176	160	171	215	239	1.429311
168	179	163	174	392	379	2.375143
171	182	166	177	392	84	2.236722
174	185	169	180	42	84	2.426355
175	186	170	181	322	61	1.532523
176	187	171	182	395	126	1.849402
190	201	185	196	84	126	1.909341
191	202	186	197	126	322	2.289807
193	204	188	199	126	360	2.237959
194	205	189	200	357	258	1.886183
195	206	190	201	323	258	2.705881
196	207	191	202	274	386	3.263599
197	208	192	203	358	102	2.219381
199	210	194	205	48	306	3.793060
201	212	196	207	136	230	2.068366
202	213	197	208	346	231	1.531187
214	225	209	220	127	0	0.813264
215	226	210	221	260	16	1.076875
