start1	end1	start2	end2	frag1	frag2	frag_rmsd
29	40	13	24	185	352	2.970841
30	41	14	25	210	191	2.855547
31	42	15	26	150	152	2.343118
32	43	16	27	292	160	2.571253
35	46	19	30	223	45	1.647681
