start1	end1	start2	end2	frag1	frag2	frag_rmsd
13	24	12	23	357	391	1.962426
26	37	24	35	389	158	2.036257
63	74	53	64	356	126	2.644557
64	75	54	65	258	61	1.652270
66	77	56	67	204	40	2.160416
90	101	80	91	178	383	2.575768
93	104	83	94	102	19	3.139195
116	127	106	117	54	205	2.287349
118	129	108	119	107	91	2.649081
120	131	110	121	293	386	2.429279
121	132	111	122	96	329	1.925419
122	133	112	123	20	83	2.024528
126	137	116	127	29	349	2.165630
127	138	117	128	349	19	2.719293
129	140	119	130	391	370	2.938234
156	167	146	157	42	357	2.024226
168	179	158	169	91	302	2.022399
171	182	161	172	132	203	2.912927
180	191	170	181	100	277	1.693324
