start1	end1	start2	end2	frag1	frag2	frag_rmsd
2	13	4	15	375	200	3.058529
11	22	13	24	349	253	2.373083
25	36	25	36	183	357	2.467299
64	75	68	79	213	177	2.398173
119	130	125	136	322	107	2.799501
132	143	137	148	322	248	2.535011
133	144	138	149	126	42	2.008935
136	147	141	152	348	313	2.381382
145	156	150	161	187	395	2.388178
