start1	end1	start2	end2	frag1	frag2	frag_rmsd
15	26	17	28	126	360	2.237959
16	27	18	29	258	61	1.652270
17	28	19	30	167	258	2.425136
30	41	33	44	0	127	0.813264
55	66	53	64	38	163	2.391719
57	68	55	66	268	274	2.562781
58	69	56	67	281	308	2.337001
59	70	57	68	237	125	2.751272
60	71	58	69	65	15	2.699063
62	73	60	71	27	111	1.266595
