start1	end1	start2	end2	frag1	frag2	frag_rmsd
2	13	1	12	0	16	0.775259
3	14	2	13	0	121	0.992640
4	15	3	14	0	27	0.813956
31	42	30	41	149	118	1.094155
32	43	31	42	77	180	2.325824
