start1	end1	start2	end2	frag1	frag2	frag_rmsd
11	22	17	28	256	200	3.522488
12	23	18	29	222	156	2.042465
14	25	20	31	298	370	2.125343
16	27	22	33	392	248	2.328470
