start1	end1	start2	end2	frag1	frag2	frag_rmsd
6	17	5	16	117	112	2.722193
12	23	11	22	313	162	2.591497
15	26	14	25	304	327	3.089213
39	50	38	49	178	57	1.951934
62	73	61	72	172	156	3.064680
73	84	72	83	202	7	2.900703
82	93	81	92	198	258	1.817841
94	105	93	104	80	203	1.863941
103	114	102	113	253	54	1.914846
125	136	123	134	72	145	2.234583
127	138	125	136	17	148	2.606227
128	139	126	137	47	319	3.122735
132	143	130	141	390	21	2.965423
133	144	131	142	268	388	2.581739
134	145	132	143	382	48	3.405599
135	146	133	144	382	385	2.716744
139	150	137	148	182	285	2.879616
140	151	138	149	236	274	1.789125
141	152	139	150	2	202	2.509539
142	153	140	151	225	194	1.011234
148	159	146	157	237	333	2.631899
