start1	end1	start2	end2	frag1	frag2	frag_rmsd
27	38	27	38	316	398	2.703933
39	50	39	50	353	214	2.686150
41	52	41	52	97	262	2.621390
45	56	45	56	330	304	2.895056
53	64	53	64	297	167	2.343013
59	70	59	70	342	301	2.307304
65	76	65	76	28	73	2.597259
