start1	end1	start2	end2	frag1	frag2	frag_rmsd
12	23	20	31	184	240	1.274780
36	47	43	54	387	366	2.734881
39	50	46	57	191	112	3.596074
54	65	61	72	6	256	2.076516
56	67	63	74	57	178	1.951934
57	68	64	75	57	318	2.213565
58	69	65	76	126	316	2.926603
60	71	67	78	386	328	2.639548
61	72	68	79	86	194	2.881906
86	97	94	105	307	221	3.066084
87	98	95	106	298	113	2.933141
88	99	96	107	316	255	2.977792
89	100	97	108	84	91	2.901645
90	101	98	109	258	398	3.228814
91	102	99	110	167	158	1.812316
94	105	102	113	183	248	2.568740
95	106	103	114	155	189	2.768366
99	110	107	118	148	55	1.769837
100	111	108	119	191	388	2.793489
