start1	end1	start2	end2	frag1	frag2	frag_rmsd
35	46	34	45	57	3	2.271934
37	48	36	47	126	84	1.909341
38	49	37	48	61	258	1.652270
45	56	44	55	333	98	2.213223
46	57	45	56	361	179	3.053329
47	58	46	57	8	97	2.870461
52	63	51	62	167	158	1.812316
55	66	54	65	155	38	3.074244
57	68	56	67	250	342	2.585381
61	72	60	71	369	129	2.160628
79	90	78	89	0	35	1.003458
92	103	91	102	365	200	2.605423
94	105	93	104	363	133	1.994719
107	118	106	117	331	174	1.879546
108	119	107	118	54	331	2.439269
109	120	108	119	178	143	1.650270
117	128	116	127	157	57	2.214777
118	129	117	128	395	84	2.768522
123	134	122	133	102	336	2.764402
126	137	125	136	238	120	3.701014
130	141	129	140	21	46	2.987258
131	142	130	141	214	372	3.308842
132	143	131	142	372	9	2.266052
134	145	133	144	65	396	2.073749
138	149	137	148	0	16	0.775259
139	150	138	149	0	16	0.775259
144	155	143	154	121	35	1.375045
149	160	148	159	355	93	2.537338
156	167	155	166	396	394	2.782183
182	193	181	192	150	152	2.343118
189	200	188	199	295	47	2.561789
191	202	190	201	385	256	2.772588
193	204	192	203	311	82	2.425962
194	205	193	204	361	256	2.627081
198	209	197	208	209	384	2.465582
202	213	201	212	336	234	3.263454
220	231	219	230	369	102	3.593094
231	242	230	241	184	273	1.674643
239	250	238	249	368	144	1.335465
241	252	240	251	100	377	1.241297
289	300	288	299	188	166	1.839547
307	318	306	317	338	25	1.152231
