start1	end1	start2	end2	frag1	frag2	frag_rmsd
7	18	12	23	40	357	2.500053
10	21	15	26	392	178	1.899502
11	22	16	27	297	383	3.183673
70	81	74	85	156	39	2.210204
