start1	end1	start2	end2	frag1	frag2	frag_rmsd
2	13	1	12	124	325	3.353696
4	15	3	14	349	39	1.813420
5	16	4	15	263	349	2.146382
9	20	8	19	91	395	2.501168
12	23	11	22	61	313	2.398675
13	24	12	23	374	28	1.355458
16	27	15	26	55	21	2.054944
17	28	16	27	388	85	2.543328
19	30	18	29	153	172	2.695999
20	31	19	30	74	197	3.513695
23	34	22	33	384	7	2.421433
24	35	23	34	137	344	3.292655
25	36	24	35	220	194	2.849098
26	37	25	36	216	95	2.140607
27	38	26	37	111	5	1.983499
28	39	27	38	35	217	1.424302
29	40	28	39	0	217	1.425276
30	41	29	40	0	217	1.425276
31	42	30	41	0	27	0.813956
38	49	37	48	0	121	0.992640
40	51	39	50	245	273	2.015696
44	55	43	54	217	196	1.508921
45	56	44	55	273	16	1.325929
47	58	46	57	121	0	0.992640
48	59	47	58	27	0	0.813956
61	72	60	71	0	16	0.775259
62	73	61	72	35	127	1.273794
63	74	62	73	0	149	2.014982
64	75	63	74	118	24	1.501714
65	76	64	75	260	168	2.670979
66	77	65	76	287	154	3.608933
67	78	66	77	119	154	3.142428
68	79	67	78	273	372	2.799160
