start1	end1	start2	end2	frag1	frag2	frag_rmsd
6	17	23	34	178	143	1.650270
7	18	24	35	173	107	2.657406
23	34	40	51	0	35	1.003458
24	35	41	52	127	368	1.781241
25	36	42	53	149	18	2.166828
26	37	43	54	251	249	1.059141
27	38	44	55	319	75	2.397899
28	39	45	56	354	366	2.269539
