start1	end1	start2	end2	frag1	frag2	frag_rmsd
16	27	14	25	147	145	2.118707
54	65	51	62	211	386	2.401985
55	66	52	63	246	122	3.134991
68	79	64	75	71	301	2.996809
70	81	66	77	57	356	1.996521
