start1	end1	start2	end2	frag1	frag2	frag_rmsd
42	53	41	52	216	121	1.107965
45	56	44	55	127	0	0.813264
49	60	48	59	368	144	1.335465
50	61	49	60	118	144	1.639526
66	77	67	78	99	102	3.391303
135	146	127	138	236	63	3.768463
147	158	141	152	0	16	0.775259
155	166	149	160	24	12	1.462726
195	206	178	189	0	127	0.813264
214	225	213	224	0	184	1.197355
215	226	214	225	0	121	0.992640
216	227	215	226	0	27	0.813956
234	245	233	244	0	35	1.003458
235	246	234	245	0	127	0.813264
236	247	235	246	0	188	1.887540
