start1	end1	start2	end2	frag1	frag2	frag_rmsd
3	14	3	14	61	126	2.069075
4	15	4	15	158	322	2.437978
5	16	5	16	198	61	2.292877
6	17	6	17	176	126	3.319512
7	18	7	18	176	106	2.732143
8	19	8	19	81	176	3.223466
9	20	9	20	75	114	3.777518
10	21	10	21	75	58	3.448896
11	22	11	22	275	282	3.855208
12	23	12	23	9	139	3.211010
13	24	13	24	129	311	3.578477
14	25	14	25	227	201	3.682665
15	26	15	26	267	98	3.479597
16	27	16	27	69	174	3.728124
17	28	17	28	168	178	3.816285
18	29	18	29	208	57	2.152129
19	30	19	30	91	84	2.901645
20	31	20	31	107	126	2.640432
21	32	21	32	132	322	1.945705
27	38	27	38	313	258	2.044899
28	39	28	39	7	329	2.127910
30	41	30	41	20	112	3.623020
50	61	50	61	2	343	1.502106
51	62	51	62	1	207	1.582075
65	76	66	77	392	258	2.406167
66	77	67	78	297	323	1.891877
67	78	68	79	329	320	2.324045
75	86	76	87	158	167	1.812316
76	87	77	88	40	357	2.500053
78	89	79	90	334	114	3.109165
79	90	80	91	274	56	2.377615
80	91	81	92	19	213	2.900533
93	104	94	105	391	92	2.557135
94	105	95	106	209	234	2.762431
95	106	96	107	247	342	2.991336
96	107	97	108	263	39	1.670447
98	109	99	110	54	163	2.810769
99	110	100	111	183	54	2.143825
100	111	101	112	57	178	1.951934
103	114	104	115	360	322	1.453720
113	124	114	125	113	222	3.046054
114	125	115	126	71	272	2.393472
116	127	117	128	107	151	2.864918
119	130	120	131	360	322	1.453720
