start1	end1	start2	end2	frag1	frag2	frag_rmsd
2	13	3	14	23	0	1.327063
3	14	4	15	27	0	0.813956
17	28	20	31	51	141	1.428009
26	37	29	40	35	0	1.003458
34	45	37	48	148	205	2.314779
36	47	39	50	255	203	3.128031
37	48	40	51	258	379	2.988472
38	49	41	52	386	185	3.650038
39	50	42	53	72	299	3.646368
40	51	43	54	140	328	2.622081
41	52	44	55	85	130	3.312540
42	53	45	56	82	275	3.099973
43	54	46	57	160	82	2.687032
44	55	47	58	237	129	2.999330
46	57	49	60	371	223	1.695846
47	58	50	61	27	111	1.266595
57	68	60	71	24	110	1.015908
58	69	61	72	319	264	1.327043
60	71	63	74	99	193	2.061111
69	80	72	83	16	0	0.775259
70	81	73	84	16	0	0.775259
71	82	74	85	196	0	1.046929
72	83	75	86	196	35	1.146322
73	84	76	87	273	368	1.870733
74	85	77	88	184	284	2.766382
75	86	78	89	35	287	3.346400
76	87	79	90	368	119	3.076039
