start1	end1	start2	end2	frag1	frag2	frag_rmsd
49	60	49	60	356	57	1.996521
50	61	50	61	84	42	2.426355
62	73	62	73	356	248	2.969552
78	89	74	85	126	318	2.511599
79	90	75	86	106	360	2.403800
82	93	78	89	392	132	1.839294
84	95	80	91	28	162	1.560721
90	101	86	97	31	271	2.794120
114	125	110	121	356	126	2.644557
