start1	end1	start2	end2	frag1	frag2	frag_rmsd
12	23	23	34	251	110	1.356883
13	24	24	35	381	319	2.208030
16	27	27	38	31	231	1.286233
20	31	31	42	0	16	0.775259
32	43	43	54	121	0	0.992640
33	44	44	55	27	0	0.813956
60	71	73	84	91	107	2.649081
63	74	76	87	162	28	1.560721
70	81	83	94	318	57	2.213565
71	82	84	95	167	389	1.584191
93	104	106	117	57	107	2.508886
94	105	107	118	126	84	1.909341
95	106	108	119	258	360	2.306964
