start1	end1	start2	end2	frag1	frag2	frag_rmsd
3	14	1	12	320	395	3.606573
4	15	2	13	329	203	3.784168
5	16	3	14	213	167	4.321786
57	68	65	76	174	361	3.031582
58	69	66	77	97	301	2.847391
59	70	67	78	91	178	1.731687
60	71	68	79	356	57	1.996521
61	72	69	80	61	270	2.370076
70	81	78	89	17	315	2.125358
71	82	79	90	124	208	2.503023
72	83	80	91	208	151	2.827388
73	84	81	92	151	57	2.517792
