start1	end1	start2	end2	frag1	frag2	frag_rmsd
39	50	47	58	126	313	3.069128
40	51	48	59	211	215	2.621087
41	52	49	60	7	293	3.220679
42	53	50	61	292	155	3.460080
43	54	51	62	9	152	4.006675
44	55	52	63	305	136	3.780718
45	56	53	64	199	231	3.721382
46	57	54	65	381	265	3.420740
47	58	55	66	33	115	4.182672
48	59	56	67	119	381	3.507281
49	60	57	68	219	52	3.645627
50	61	58	69	177	385	3.270359
51	62	59	70	14	131	3.216523
52	63	60	71	263	112	3.002135
53	64	61	72	97	200	3.064605
54	65	62	73	302	363	2.467216
55	66	63	74	132	178	2.174432
56	67	64	75	356	57	1.996521
58	69	66	77	126	322	2.289807
91	102	99	110	39	263	1.670447
103	114	111	122	388	71	3.008583
104	115	112	123	283	189	3.446876
105	116	113	124	172	62	3.184500
107	118	115	126	234	312	2.653746
108	119	116	127	281	117	3.239994
109	120	117	128	103	390	3.683477
110	121	118	129	275	160	3.189034
111	122	119	130	9	219	2.705960
112	123	120	131	129	326	2.641751
120	131	128	139	158	185	2.536032
125	136	133	144	59	82	3.183806
127	138	135	146	113	252	1.744519
134	145	142	153	374	389	2.460334
135	146	143	154	40	329	2.916970
136	147	144	155	140	343	2.878414
137	148	145	156	205	225	3.089161
148	159	157	168	19	263	2.369558
149	160	158	169	163	391	2.193995
152	163	161	172	91	395	2.501168
157	168	166	177	176	389	2.556364
158	169	167	178	215	28	2.173200
159	170	168	179	140	38	2.868338
160	171	169	180	378	192	2.501649
161	172	170	181	85	141	2.594244
162	173	171	182	182	388	2.997735
163	174	172	183	39	179	2.743185
164	175	173	184	19	110	3.750253
165	176	174	185	378	362	3.228870
166	177	175	186	14	307	3.153215
171	182	180	191	360	258	2.306964
175	186	184	195	357	318	2.179797
