start1	end1	start2	end2	frag1	frag2	frag_rmsd
4	15	1	12	131	14	3.216523
9	20	6	17	158	313	2.779261
13	24	10	21	82	261	2.364559
14	25	11	22	342	300	3.438800
15	26	12	23	254	171	2.333644
16	27	13	24	67	197	2.265816
21	32	18	29	27	111	1.266595
24	35	21	32	170	16	2.037066
29	40	26	37	88	232	2.547907
37	48	34	45	56	38	2.363646
39	50	36	47	177	21	1.869818
40	51	37	48	229	242	2.123930
43	54	40	51	151	57	2.517792
65	76	62	73	390	288	3.354872
70	81	67	78	313	74	2.543058
102	113	99	110	185	351	2.540310
105	116	102	113	205	229	2.523216
121	132	118	129	188	149	1.382009
122	133	119	130	166	180	2.223988
123	134	120	131	100	41	1.710810
124	135	121	132	33	243	2.785083
125	136	122	133	232	201	3.007421
126	137	123	134	164	256	2.413952
127	138	124	135	156	229	3.790005
128	139	125	136	19	182	3.322264
129	140	126	137	163	29	2.930741
130	141	127	138	205	68	3.218533
131	142	128	139	174	114	4.228669
132	143	129	140	39	38	2.921298
133	144	130	141	143	342	4.046531
134	145	131	142	296	125	2.718770
136	147	133	144	15	135	2.451359
137	148	134	145	15	397	1.948758
154	165	151	162	284	267	2.543521
171	182	168	179	127	35	1.273794
183	194	180	191	51	22	1.833239
184	195	181	192	45	147	1.713468
193	204	190	201	16	0	0.775259
218	229	215	226	164	34	2.524144
223	234	220	231	167	389	1.584191
227	238	224	235	11	56	2.640226
229	240	226	237	265	46	3.222369
236	247	233	244	280	103	1.955594
265	276	262	273	356	360	2.206112
267	278	264	275	61	389	1.926015
271	282	268	279	54	334	2.234965
280	291	277	288	337	221	3.207085
311	322	308	319	389	258	2.040431
338	349	335	346	317	180	2.364719
345	356	342	353	158	84	2.726643
347	358	344	355	391	357	1.962426
349	360	346	357	323	68	2.650394
352	363	349	360	20	150	2.215790
355	366	352	363	250	120	1.731988
356	367	353	364	285	29	3.193722
357	368	354	365	39	373	2.559497
359	370	356	367	370	209	2.145831
360	371	357	368	205	78	2.990563
361	372	358	369	364	85	3.174595
367	378	364	375	118	169	2.120396
369	380	366	377	168	124	1.824641
373	384	370	381	395	126	1.849402
375	386	372	383	42	322	2.200412
376	387	373	384	357	42	2.024226
380	391	377	388	40	198	1.579973
385	396	382	393	21	19	2.891167
389	400	386	397	333	230	2.013015
390	401	387	398	177	195	2.959332
408	419	405	416	33	288	1.743390
