start1	end1	start2	end2	frag1	frag2	frag_rmsd
8	19	9	20	218	262	3.151306
9	20	10	21	318	173	2.752165
10	21	11	22	106	198	2.191348
13	24	14	25	53	11	2.534167
25	36	26	37	164	363	1.880850
27	38	28	39	57	316	2.064021
39	50	40	51	65	268	3.010671
53	64	54	65	152	56	2.913323
96	107	93	104	234	214	2.710700
97	108	94	105	119	238	2.352658
106	117	103	114	235	100	1.231875
129	140	127	138	0	121	0.992640
130	141	128	139	0	27	0.813956
136	147	134	145	0	196	1.046929
141	152	139	150	127	0	0.813264
193	204	198	209	23	111	1.303435
194	205	199	210	184	0	1.197355
235	246	221	232	16	0	0.775259
242	253	228	239	302	363	2.467216
255	266	241	252	348	318	2.448920
273	284	261	272	190	114	2.532336
274	285	262	273	89	73	3.308911
276	287	264	275	235	117	3.144169
277	288	265	276	321	390	3.552566
278	289	266	277	119	108	3.467872
279	290	267	278	243	108	3.420516
280	291	268	279	385	280	2.491078
281	292	269	280	201	117	2.974542
282	293	270	281	256	112	2.998153
298	309	290	301	61	270	2.370076
303	314	295	306	346	125	1.893247
304	315	296	307	220	90	2.685961
309	320	301	312	240	65	1.321092
316	327	308	319	0	127	0.813264
317	328	309	320	0	16	0.775259
318	329	310	321	0	121	0.992640
319	330	311	322	0	196	1.046929
320	331	312	323	127	273	1.542975
344	355	334	345	249	110	1.575234
345	356	335	346	233	168	2.546631
346	357	336	347	325	154	3.383898
347	358	337	348	218	209	2.745118
351	362	341	352	128	367	2.784997
353	364	343	354	108	314	3.357189
