start1	end1	start2	end2	frag1	frag2	frag_rmsd
4	15	1	12	188	368	1.404624
6	17	3	14	319	381	2.208030
7	18	4	15	354	283	2.234505
56	67	51	62	264	111	2.969639
57	68	52	63	109	0	3.370332
58	69	53	64	99	0	3.579490
59	70	54	65	345	0	3.306428
60	71	55	66	95	0	2.781651
61	72	56	67	45	0	2.973760
62	73	57	68	4	0	1.783926
66	77	61	72	60	0	1.639067
67	78	62	73	60	127	1.135321
68	79	63	74	180	260	1.808175
81	92	74	85	278	224	2.389193
84	95	77	88	24	110	1.015908
86	97	79	90	109	295	1.123468
87	98	80	91	82	337	3.215568
90	101	83	94	394	281	1.908381
91	102	84	95	4	70	1.352136
92	103	85	96	0	16	0.775259
93	104	86	97	0	121	0.992640
104	115	98	109	187	391	2.375339
105	116	99	110	255	205	2.904023
106	117	100	111	248	208	2.462286
117	128	114	125	0	23	1.327063
118	129	115	126	0	121	0.992640
119	130	116	127	35	27	1.219104
137	148	134	145	260	284	1.981488
142	153	139	150	109	268	2.560150
143	154	140	151	206	160	2.043909
157	168	154	165	35	0	1.003458
168	179	165	176	224	66	3.014343
171	182	168	179	196	27	1.059651
172	183	169	180	0	184	1.197355
173	184	170	181	0	184	1.197355
174	185	171	182	0	273	1.419073
175	186	172	183	27	184	1.585485
176	187	173	184	0	121	0.992640
177	188	174	185	0	27	0.813956
178	189	175	186	0	196	1.046929
180	191	177	188	0	184	1.197355
181	192	178	189	0	121	0.992640
182	193	179	190	0	196	1.046929
183	194	180	191	0	27	0.813956
184	195	181	192	0	16	0.775259
