start1	end1	start2	end2	frag1	frag2	frag_rmsd
13	24	13	24	360	84	1.521872
18	29	18	29	328	7	1.961591
38	49	38	49	132	318	1.806699
46	57	46	57	281	388	2.197854
48	59	48	59	362	222	2.312123
