start1	end1	start2	end2	frag1	frag2	frag_rmsd
6	17	1	12	68	398	3.301122
17	28	12	23	114	374	1.630636
40	51	26	37	4	169	1.747250
58	69	44	55	176	360	3.064982
60	71	46	57	58	374	3.047663
83	94	57	68	55	21	2.054944
84	95	58	69	370	71	2.349638
85	96	59	70	246	325	2.941551
86	97	60	71	247	290	2.658070
116	127	83	94	25	338	1.152231
125	136	92	103	360	61	1.959112
126	137	93	104	176	374	2.511074
128	139	95	106	58	293	2.721404
129	140	96	107	68	205	3.218533
130	141	97	108	185	370	3.895736
131	142	98	109	142	212	3.451062
132	143	99	110	259	202	3.973057
133	144	100	111	205	192	2.558501
134	145	101	112	71	78	4.349913
194	205	143	154	35	0	1.003458
199	210	148	159	100	277	1.693324
203	214	152	163	174	331	1.879546
206	217	155	166	187	318	2.503665
207	218	156	167	239	389	2.206659
210	221	159	170	125	192	3.062435
211	222	160	171	220	21	3.523034
212	223	161	172	87	315	3.343357
213	224	162	173	282	325	4.053115
248	259	174	185	127	0	0.813264
290	301	212	223	176	211	3.118331
291	302	213	224	326	176	3.047994
311	322	237	248	225	369	2.174537
312	323	238	249	51	396	1.709799
313	324	239	250	371	123	1.899626
314	325	240	251	111	4	0.994513
316	327	242	253	188	35	1.339917
317	328	243	254	271	166	2.101754
318	329	244	255	100	235	1.231875
319	330	245	256	33	277	2.543323
320	331	246	257	119	134	2.886880
340	351	279	290	296	344	2.480295
341	352	280	291	7	372	2.953022
342	353	281	292	130	43	3.716520
343	354	282	293	181	396	3.642529
344	355	283	294	335	147	4.012423
345	356	284	295	305	169	3.723009
346	357	285	296	30	359	3.568802
347	358	286	297	43	287	4.195654
348	359	287	298	51	50	3.796657
349	360	288	299	45	6	3.697948
350	361	289	300	267	365	4.235373
351	362	290	301	251	159	4.383896
352	363	291	302	233	236	3.757005
353	364	292	303	6	136	3.588963
354	365	293	304	97	225	4.033406
418	429	325	336	355	232	2.143807
419	430	326	337	67	164	3.075331
420	431	327	338	373	331	3.314152
421	432	328	339	40	57	3.514284
422	433	329	340	38	379	3.526933
423	434	330	341	312	158	4.217494
424	435	331	342	155	322	4.518526
425	436	332	343	268	84	6.308614
426	437	333	344	136	356	5.233183
427	438	334	345	19	61	5.279778
428	439	335	346	378	167	4.305400
429	440	336	347	85	73	4.077684
430	441	337	348	354	274	2.423985
431	442	338	349	337	292	2.999341
432	443	339	350	219	276	3.193996
433	444	340	351	265	227	3.175365
434	445	341	352	55	223	3.955467
435	446	342	353	115	4	3.463616
436	447	343	354	154	0	3.034545
437	448	344	355	325	0	4.017308
449	460	379	390	0	111	1.805292
