start1	end1	start2	end2	frag1	frag2	frag_rmsd
31	42	19	30	126	322	2.289807
33	44	21	32	323	313	2.463705
34	45	22	33	73	329	2.227621
39	50	27	38	272	133	3.327040
40	51	28	39	107	57	2.508886
41	52	29	40	360	84	1.521872
42	53	30	41	126	84	1.909341
43	54	31	42	360	322	1.453720
44	55	32	43	360	126	2.237959
45	56	33	44	61	132	2.583583
46	57	34	45	389	126	2.201165
47	58	35	46	215	28	2.173200
48	59	36	47	38	329	2.609070
50	61	38	49	112	186	2.325844
53	64	41	52	39	263	1.670447
56	67	44	55	178	392	1.899502
57	68	45	56	84	322	1.955336
72	83	56	67	57	316	2.064021
73	84	57	68	84	106	2.817568
90	101	78	89	126	389	2.201165
91	102	79	90	322	374	2.991871
92	103	80	91	126	80	3.053509
93	104	81	92	258	391	2.417334
94	105	82	93	167	55	3.820578
95	106	83	94	40	146	3.626842
118	129	107	118	322	357	2.219787
154	165	141	152	91	356	2.966574
169	180	155	166	111	4	0.994513
190	201	175	186	301	365	2.827489
191	202	176	187	91	133	3.164066
192	203	177	188	356	57	1.996521
193	204	178	189	360	84	1.521872
195	206	180	191	132	322	1.945705
210	221	194	205	360	126	2.237959
212	223	196	207	374	28	1.355458
217	228	201	212	375	393	2.214683
219	230	203	214	57	91	2.021486
220	231	204	215	132	356	2.067486
225	236	209	220	73	92	3.166250
227	238	211	222	82	261	2.364559
232	243	216	227	0	184	1.197355
233	244	217	228	0	121	0.992640
234	245	218	229	0	27	0.813956
236	247	220	231	16	0	0.775259
