start1	end1	start2	end2	frag1	frag2	frag_rmsd
1	12	1	12	121	0	0.992640
2	13	2	13	111	0	1.805292
3	14	3	14	0	16	0.775259
4	15	4	15	127	60	1.135321
5	16	5	16	149	260	2.052983
6	17	6	17	180	170	3.040728
7	18	7	18	380	88	2.882307
8	19	8	19	75	366	2.604008
9	20	9	20	280	385	2.491078
10	21	10	21	333	223	3.052248
11	22	11	22	195	224	2.867727
12	23	12	23	227	65	2.070036
14	25	14	25	4	111	0.994513
15	26	15	26	184	0	1.197355
18	29	18	29	0	127	0.813264
19	30	19	30	368	149	1.387412
20	31	20	31	149	118	1.094155
21	32	21	32	180	12	1.813052
22	33	22	33	319	168	1.875843
24	35	24	35	201	290	1.873591
25	36	25	36	385	98	1.817464
26	37	26	37	306	48	3.793060
27	38	27	38	276	268	3.177106
28	39	28	39	261	206	2.631712
29	40	29	40	237	145	3.013413
30	41	30	41	265	240	2.432439
31	42	31	42	199	216	3.397075
32	43	32	43	380	111	3.920479
33	44	33	44	294	368	3.583876
34	45	34	45	355	18	3.609913
35	46	35	46	250	69	3.568658
36	47	36	47	222	233	3.545274
37	48	37	48	191	134	3.408711
38	49	38	49	364	385	3.724436
39	50	39	50	138	230	2.630673
