start1	end1	start2	end2	frag1	frag2	frag_rmsd
3	14	9	20	65	53	3.918768
4	15	10	21	223	15	3.394738
5	16	11	22	111	15	2.599875
6	17	12	23	0	27	0.813956
