start1	end1	start2	end2	frag1	frag2	frag_rmsd
36	47	38	49	374	320	2.761878
37	48	39	50	211	58	2.602665
48	59	50	61	377	222	2.585546
49	60	51	62	93	183	3.400737
51	62	53	64	218	173	2.674313
63	74	67	78	205	54	2.287349
75	86	79	90	302	331	2.430370
79	90	83	94	42	248	2.280307
119	130	123	134	68	293	1.906648
122	133	126	137	78	345	3.290065
149	160	153	164	132	57	1.551260
150	161	154	165	126	84	1.909341
164	175	168	179	361	268	3.292530
168	179	172	183	140	148	2.641357
176	187	180	191	395	126	1.849402
190	201	194	205	391	357	1.962426
191	202	195	206	357	248	1.838513
216	227	222	233	351	162	2.473278
265	276	271	282	148	55	1.769837
269	280	275	286	398	348	2.979613
303	314	310	321	57	157	2.214777
