start1	end1	start2	end2	frag1	frag2	frag_rmsd
13	24	10	21	0	121	0.992640
14	25	11	22	0	27	0.813956
17	28	14	25	127	0	0.813264
55	66	43	54	220	0	1.838539
56	67	44	55	216	0	1.961923
57	68	45	56	23	0	1.327063
58	69	46	57	27	0	0.813956
68	79	56	67	277	33	2.543323
75	86	63	74	239	162	2.363423
76	87	64	75	386	329	2.809270
100	111	89	100	371	241	2.038166
101	112	90	101	111	23	1.303435
102	113	91	102	0	27	0.813956
