start1	end1	start2	end2	frag1	frag2	frag_rmsd
1	12	1	12	17	140	3.278241
2	13	2	13	124	146	4.109182
3	14	3	14	208	298	3.046851
5	16	5	16	162	187	2.227353
22	33	23	34	272	91	2.404085
25	36	26	37	395	126	1.849402
26	37	27	38	357	258	1.886183
27	38	28	39	187	167	2.121763
28	39	29	40	7	80	3.060177
29	40	30	41	130	7	2.742187
42	53	46	57	389	126	2.201165
43	54	47	58	158	61	2.386508
54	65	58	69	360	132	2.169218
56	67	60	71	322	132	1.945705
109	120	112	123	132	322	1.945705
