start1	end1	start2	end2	frag1	frag2	frag_rmsd
24	35	24	35	208	57	2.152129
25	36	25	36	57	356	1.996521
30	41	30	41	28	258	2.447437
31	42	31	42	38	246	2.667939
42	53	42	53	132	318	1.806699
62	73	62	73	166	337	3.021235
75	86	75	86	179	14	2.848562
105	116	105	116	126	389	2.201165
