start1	end1	start2	end2	frag1	frag2	frag_rmsd
41	52	45	56	386	162	1.905714
46	57	50	61	365	393	2.281657
49	60	53	64	383	379	2.491252
63	74	67	78	152	382	2.840847
65	76	69	80	342	112	2.771983
67	78	71	82	157	3	2.732309
69	80	73	84	126	74	2.701927
80	91	84	95	276	195	1.460134
109	120	113	124	136	230	2.068366
134	145	138	149	172	137	3.000208
140	151	144	155	168	17	1.555351
142	153	146	157	325	339	3.275784
144	155	148	159	299	286	2.143065
148	159	152	163	45	388	1.950228
149	160	153	164	105	282	3.482203
150	161	154	165	18	79	2.946881
151	162	155	166	41	139	2.392095
153	164	157	168	335	254	2.549212
154	165	158	169	236	268	2.349861
156	167	160	171	194	231	2.031382
157	168	161	172	141	95	1.602886
204	215	210	221	298	285	2.888822
208	219	214	225	320	323	1.585679
222	233	228	239	300	256	2.932198
232	243	238	249	55	22	3.316645
233	244	239	250	388	214	2.708895
237	248	243	254	258	178	2.942479
239	250	245	256	320	73	2.671755
257	268	263	274	360	126	2.237959
260	271	266	277	68	204	1.976625
261	272	267	278	152	247	2.935201
263	274	269	280	195	276	1.460134
