start1	end1	start2	end2	frag1	frag2	frag_rmsd
2	13	1	12	398	43	4.297402
3	14	2	13	173	66	4.715060
4	15	3	14	211	14	5.050992
5	16	4	15	391	226	3.327910
6	17	5	16	54	124	3.531925
7	18	6	17	178	208	1.931564
9	20	8	19	167	349	3.067545
11	22	10	21	73	83	3.147417
12	23	11	22	13	327	2.936573
13	24	12	23	330	367	3.212216
14	25	13	24	375	361	1.959684
16	27	15	26	29	298	2.664713
17	28	16	27	316	107	2.785631
18	29	17	28	322	126	2.289807
