start1	end1	start2	end2	frag1	frag2	frag_rmsd
1	12	4	15	395	126	1.849402
6	17	9	20	392	360	2.657878
8	19	11	22	84	392	2.236722
10	21	13	24	258	389	2.040431
12	23	15	26	96	358	2.222575
43	54	38	49	368	87	1.849840
44	55	39	50	18	180	1.503133
45	56	40	51	377	41	1.723277
48	59	43	54	363	222	2.706564
49	60	44	55	143	218	2.049999
50	61	45	56	151	187	2.600378
54	65	49	60	178	392	1.899502
58	69	53	64	61	360	1.959112
59	70	54	65	158	126	2.723694
97	108	92	103	348	239	3.021160
133	144	158	169	126	356	2.644557
134	145	159	170	360	84	1.521872
136	147	161	172	360	126	2.237959
137	148	162	173	258	61	1.652270
160	171	187	198	92	68	2.546092
161	172	188	199	263	152	3.457575
162	173	189	200	8	138	3.822876
