start1	end1	start2	end2	frag1	frag2	frag_rmsd
1	12	1	12	322	360	1.453720
2	13	2	13	61	126	2.069075
16	27	17	28	318	74	2.154001
23	34	24	35	274	358	2.773524
47	58	48	59	360	322	1.453720
49	60	50	61	61	258	1.652270
54	65	55	66	361	14	2.941495
55	66	56	67	361	133	3.162145
56	67	57	68	363	3	2.560867
60	71	61	72	323	293	1.968250
69	80	70	81	392	178	1.899502
70	81	71	82	356	57	1.996521
81	92	84	95	360	126	2.237959
85	96	88	99	395	42	2.168523
