start1	end1	start2	end2	frag1	frag2	frag_rmsd
7	18	4	15	150	13	2.220546
14	25	11	22	162	28	1.560721
15	26	12	23	329	38	2.609070
18	29	15	26	361	120	2.508254
20	31	17	28	39	349	1.813420
24	35	21	32	379	310	2.615701
26	37	23	34	158	379	2.555747
65	76	62	73	29	349	2.165630
68	79	65	76	55	344	3.214371
70	81	67	78	140	325	2.356799
78	89	75	86	92	246	2.434579
79	90	76	87	163	247	1.946979
93	104	88	99	51	141	1.428009
94	105	89	100	45	394	1.792183
100	111	95	106	107	91	2.649081
106	117	101	112	167	293	1.284317
110	121	105	116	54	91	2.270861
118	129	113	124	327	330	2.088556
124	135	119	130	162	28	1.560721
140	151	135	146	351	158	3.074740
147	158	142	153	272	91	2.404085
149	160	144	155	389	61	1.926015
159	170	154	165	62	168	2.846355
167	178	162	173	356	360	2.206112
179	190	175	186	40	187	2.485770
181	192	177	188	55	370	2.842199
184	195	180	191	151	348	2.721200
186	197	182	193	132	357	1.964894
189	200	185	196	389	187	2.936061
190	201	186	197	28	10	2.196024
191	202	187	198	328	152	3.641428
192	203	188	199	194	152	3.255098
193	204	189	200	141	112	3.465364
194	205	190	201	281	131	3.680317
195	206	191	202	267	120	4.039735
196	207	192	203	69	314	3.659904
197	208	193	204	307	331	3.214440
198	209	194	205	298	370	2.125343
199	210	195	206	157	178	2.103654
200	211	196	207	316	248	2.344338
201	212	197	208	126	391	2.757323
202	213	198	209	258	357	1.886183
203	214	199	210	389	323	2.182032
205	216	201	212	102	328	2.916418
206	217	202	213	369	194	1.775960
207	218	203	214	22	141	1.438165
215	226	211	222	356	157	2.870994
216	227	212	223	126	107	2.640432
