start1	end1	start2	end2	frag1	frag2	frag_rmsd
1	12	1	12	121	4	2.384609
2	13	2	13	27	0	0.813956
5	16	5	16	16	260	1.076875
6	17	6	17	0	170	1.959205
7	18	7	18	35	196	1.146322
8	19	8	19	217	273	2.005378
20	31	19	30	135	371	2.136690
21	32	20	31	135	111	2.873059
22	33	21	32	241	27	2.394441
23	34	22	33	23	0	1.327063
24	35	23	34	27	0	0.813956
29	40	28	39	339	33	3.274195
31	42	30	41	268	171	2.686227
33	44	32	43	231	346	1.531187
39	50	38	49	60	149	1.545532
41	52	40	51	233	380	2.132465
42	53	41	52	243	75	1.677825
44	55	43	54	333	160	2.412519
49	60	48	59	121	0	0.992640
50	61	49	60	196	0	1.046929
54	65	53	64	35	0	1.003458
55	66	54	65	35	127	1.273794
56	67	55	66	245	149	1.698435
57	68	56	67	18	180	1.503133
58	69	57	68	284	319	2.133333
59	70	58	69	287	295	2.569909
60	71	59	70	6	337	3.286425
61	72	60	71	340	345	2.274485
62	73	61	72	66	141	2.244852
64	75	63	74	125	4	2.464543
65	76	64	75	184	0	1.197355
66	77	65	76	121	0	0.992640
67	78	66	77	127	0	0.813264
78	89	79	90	217	111	1.647502
79	90	80	91	0	16	0.775259
80	91	81	92	0	170	1.959205
81	92	82	93	0	37	1.968723
