start1	end1	start2	end2	frag1	frag2	frag_rmsd
6	17	6	17	38	7	2.699184
7	18	7	18	213	312	1.883397
