start1	end1	start2	end2	frag1	frag2	frag_rmsd
3	14	5	16	162	73	3.140047
4	15	6	17	329	266	2.739298
5	16	7	18	213	330	3.372750
17	28	22	33	201	358	2.893908
18	29	23	34	177	213	2.398173
21	32	26	37	91	298	2.033592
23	34	28	39	126	322	2.289807
24	35	29	40	126	360	2.237959
27	38	32	43	329	38	2.609070
28	39	33	44	213	117	2.137352
29	40	34	45	78	361	3.012149
30	41	35	46	361	120	2.508254
31	42	36	47	182	29	1.423903
36	47	41	52	310	3	2.712558
