start1	end1	start2	end2	frag1	frag2	frag_rmsd
1	12	10	21	0	111	1.805292
17	28	26	37	0	16	0.775259
18	29	27	38	0	127	0.813264
19	30	28	39	0	87	2.006990
20	31	29	40	0	110	2.707219
21	32	30	41	0	168	3.144371
22	33	31	42	0	307	3.678259
23	34	32	43	0	182	4.537750
24	35	33	44	0	236	4.171111
25	36	34	45	0	86	3.755505
26	37	35	46	0	225	3.397808
27	38	36	47	0	135	2.959204
38	49	50	61	296	98	5.137757
39	50	51	62	372	159	4.705974
40	51	52	63	326	385	4.537658
41	52	53	64	51	138	3.177045
42	53	54	65	371	346	3.622274
43	54	55	66	111	227	4.408601
44	55	56	67	0	45	2.973760
45	56	57	68	0	4	1.783926
63	74	112	123	45	27	2.627501
64	75	113	124	4	0	1.783926
65	76	114	125	0	35	1.003458
66	77	115	126	0	35	1.003458
67	78	116	127	0	35	1.003458
68	79	117	128	0	245	2.249697
69	80	118	129	0	5	1.445826
70	81	119	130	0	5	1.445826
71	82	120	131	0	217	1.425276
72	83	121	132	0	245	2.249697
73	84	122	133	0	118	2.532414
74	85	123	134	0	251	2.911071
