start1	end1	start2	end2	frag1	frag2	frag_rmsd
19	30	16	27	328	343	1.513701
23	34	20	31	105	169	1.732125
34	45	31	42	225	194	1.011234
35	46	32	43	51	141	1.428009
48	59	45	56	183	255	1.975114
49	60	46	57	29	151	2.588701
50	61	47	58	248	395	1.997362
51	62	48	59	392	357	2.035569
52	63	49	60	357	389	2.593199
53	64	50	61	392	246	3.514641
54	65	51	62	126	328	4.524762
55	66	52	63	316	358	5.219426
56	67	53	64	360	327	8.950536
57	68	54	65	360	82	7.742179
58	69	55	66	360	256	6.678312
59	70	56	67	84	222	5.148704
60	71	57	68	322	272	4.094176
61	72	58	69	84	91	2.901645
62	73	59	70	126	356	2.644557
63	74	60	71	322	84	1.955336
