start1	end1	start2	end2	frag1	frag2	frag_rmsd
1	12	1	12	292	11	3.783287
2	13	2	13	369	192	2.809420
3	14	3	14	55	21	2.054944
16	27	16	27	0	188	1.887540
17	28	17	28	0	338	3.404800
18	29	18	29	0	69	3.243343
38	49	36	47	18	338	1.332509
40	51	38	49	75	311	2.438849
44	55	42	53	261	206	2.631712
48	59	46	57	144	368	1.335465
49	60	47	58	251	18	1.457612
50	61	48	59	168	377	1.816464
51	62	49	60	62	75	2.232697
52	63	50	61	243	337	2.586886
53	64	51	62	336	337	2.780726
54	65	52	63	213	177	2.398173
55	66	53	64	390	229	2.341461
56	67	54	65	200	189	3.543256
58	69	56	67	79	230	3.244473
60	71	58	69	129	276	2.280948
61	72	59	70	394	347	2.069388
77	88	75	86	272	314	2.456653
