start1	end1	start2	end2	frag1	frag2	frag_rmsd
24	35	26	37	95	66	1.609657
36	47	38	49	118	149	1.094155
37	48	39	50	170	17	2.834746
38	49	40	51	233	319	1.769620
39	50	41	52	144	295	2.871652
40	51	42	53	256	201	2.397156
41	52	43	54	362	257	2.696870
42	53	44	55	208	55	2.853898
43	54	45	56	151	71	2.958856
45	56	47	58	28	299	3.077039
54	65	56	67	196	0	1.046929
55	66	57	68	27	0	0.813956
58	69	60	71	77	149	2.821879
59	70	61	72	77	380	2.239592
61	72	63	74	376	93	2.792367
63	74	65	76	171	255	3.542155
64	75	66	77	189	398	2.824691
68	79	70	81	51	141	1.428009
80	91	82	93	359	295	2.633742
88	99	90	101	0	16	0.775259
89	100	91	102	35	127	1.273794
95	106	97	108	65	98	2.939651
98	109	100	111	172	257	2.526378
99	110	101	112	231	190	2.669756
100	111	102	113	396	206	2.777646
124	135	126	137	23	27	1.068713
134	145	136	147	33	100	2.701198
148	159	150	161	0	60	1.639067
149	160	151	162	0	60	1.639067
150	161	152	163	0	60	1.639067
174	185	175	186	0	35	1.003458
175	186	176	187	188	35	1.339917
181	192	182	193	65	66	2.012778
184	195	185	196	27	184	1.585485
185	196	186	197	35	121	1.375045
186	197	187	198	35	127	1.273794
187	198	188	199	94	16	2.373819
