start1	end1	start2	end2	frag1	frag2	frag_rmsd
11	22	3	14	204	239	2.641892
13	24	5	16	328	192	2.787171
27	38	19	30	374	211	2.631713
32	43	24	35	178	57	1.951934
33	44	25	36	258	61	1.652270
50	61	42	53	0	16	0.775259
54	65	46	57	235	100	1.231875
78	89	70	81	25	338	1.152231
85	96	77	88	356	57	1.996521
97	108	89	100	70	4	1.352136
98	109	90	101	16	0	0.775259
113	124	105	116	386	162	1.905714
119	130	111	122	171	268	2.686227
123	134	115	126	85	108	2.259970
133	144	125	136	183	391	2.447973
