start1	end1	start2	end2	frag1	frag2	frag_rmsd
11	22	8	19	349	253	2.373083
13	24	10	21	54	57	2.433783
24	35	21	32	0	16	0.775259
29	40	26	37	319	377	2.056732
77	88	59	70	114	158	2.238975
78	89	60	71	309	40	2.629859
79	90	61	72	58	140	2.200384
80	91	62	73	205	378	2.595378
82	93	64	75	91	54	2.270861
83	94	65	76	157	57	2.214777
84	95	66	77	84	322	1.955336
119	130	100	111	309	58	2.769905
121	132	102	113	296	90	2.633087
122	133	103	114	187	115	3.773508
123	134	104	115	191	254	3.489918
124	135	105	116	286	268	1.937654
125	136	106	117	160	206	2.043909
168	179	146	157	158	204	2.660397
170	181	148	159	38	19	2.252345
172	183	150	161	9	296	3.494852
177	188	155	166	4	23	1.335798
178	189	156	167	0	121	0.992640
179	190	157	168	0	27	0.813956
186	197	164	175	372	81	3.350542
188	199	166	177	15	397	1.948758
199	210	177	188	30	230	1.728147
221	232	190	201	391	163	2.193995
226	237	195	206	84	360	1.521872
233	244	202	213	191	175	3.313022
234	245	203	214	214	287	2.750648
238	249	207	218	3	174	2.344203
239	250	208	219	189	97	2.906468
240	251	209	220	383	349	1.626976
241	252	210	221	386	46	3.264854
244	255	213	224	181	146	3.008151
246	257	215	226	221	146	2.415835
250	261	219	230	54	248	2.082630
258	269	227	238	261	82	2.364559
