start1	end1	start2	end2	frag1	frag2	frag_rmsd
7	18	3	14	322	57	2.446228
8	19	4	15	126	84	1.909341
21	32	17	28	215	198	2.064482
24	35	20	31	214	146	3.145083
26	37	22	33	163	39	2.335814
27	38	23	34	14	263	2.790726
28	39	24	35	263	54	2.815184
29	40	25	36	331	178	2.377337
30	41	26	37	91	395	2.501168
49	60	45	56	363	314	2.815277
57	68	53	64	306	332	3.243005
75	86	71	82	322	360	1.453720
91	102	87	98	7	40	2.747322
101	112	97	108	265	90	2.096142
116	127	112	123	258	357	1.886183
130	141	126	137	138	329	3.133921
132	143	128	139	327	227	3.708715
140	151	136	147	259	168	2.036700
142	153	138	149	298	226	2.107868
145	156	141	152	356	360	2.206112
156	167	152	163	150	266	2.410675
157	168	153	164	150	20	2.215790
161	172	157	168	298	302	2.577986
183	194	179	190	375	367	2.523916
184	195	180	191	393	365	2.281657
185	196	181	192	272	363	3.044306
187	198	183	194	167	187	2.121763
188	199	184	195	204	239	2.641892
190	201	186	197	138	292	2.059222
201	212	197	208	188	87	1.255021
208	219	204	215	208	151	2.827388
234	245	230	241	126	84	1.909341
244	255	240	251	3	57	2.271934
258	269	254	265	210	312	3.163642
260	271	256	267	280	112	2.702842
269	280	265	276	247	92	2.407521
284	295	280	291	42	126	2.008935
285	296	281	292	357	258	1.886183
320	331	316	327	192	344	2.646417
323	334	319	330	291	226	2.727337
326	337	322	333	176	74	2.724529
