start1	end1	start2	end2	frag1	frag2	frag_rmsd
23	34	10	21	268	385	2.894825
35	46	21	32	0	27	0.813956
38	49	24	35	35	0	1.003458
70	81	56	67	30	0	3.636233
71	82	57	68	346	0	2.983032
72	83	58	69	95	0	2.781651
73	84	59	70	45	0	2.973760
74	85	60	71	4	0	1.783926
91	102	77	88	174	331	1.879546
95	106	81	92	126	61	2.069075
97	108	83	94	28	329	2.589986
117	128	117	128	169	118	2.120396
124	135	124	135	167	151	2.485552
149	160	165	176	389	61	1.926015
151	162	167	178	38	329	2.609070
156	167	172	183	199	303	3.622565
168	179	183	194	220	170	2.403817
169	180	184	195	278	196	2.048027
170	181	185	196	184	273	1.674643
171	182	186	197	184	350	2.462764
172	183	187	198	184	121	1.193672
173	184	188	199	216	26	1.454310
174	185	189	200	245	37	2.630433
175	186	190	201	94	273	2.589826
176	187	191	202	5	16	1.629181
177	188	192	203	5	121	1.796316
178	189	193	204	217	27	1.512015
179	190	194	205	217	0	1.425276
180	191	195	206	27	0	0.813956
