start1	end1	start2	end2	frag1	frag2	frag_rmsd
5	16	5	16	234	280	2.829755
48	59	48	59	53	207	2.127619
49	60	49	60	225	43	2.352954
52	63	52	63	23	4	1.335798
63	74	63	74	69	100	1.602674
72	83	72	83	322	176	3.137389
76	87	76	87	183	54	2.143825
81	92	81	92	392	395	1.956324
94	105	94	105	55	47	2.978178
127	138	127	138	132	57	1.551260
138	149	138	149	392	310	3.079175
145	156	145	156	338	337	3.201785
149	160	149	160	272	67	3.055490
151	162	151	162	258	246	3.116606
225	236	225	236	309	89	1.629779
271	282	271	282	288	33	1.743390
279	290	279	290	135	397	2.702491
286	297	286	297	245	94	1.654793
292	303	292	303	254	171	2.333644
304	315	304	315	196	0	1.046929
307	318	307	318	251	284	1.783480
319	330	319	330	209	80	2.778434
321	332	321	332	372	7	2.953022
322	333	322	333	175	130	2.406903
325	336	325	336	298	305	4.221436
328	339	328	339	296	162	2.783193
338	349	338	349	0	27	0.813956
354	365	354	365	2	343	1.502106
369	380	369	380	110	180	1.207298
377	388	377	388	38	86	3.068350
388	399	388	399	16	0	0.775259
393	404	393	404	118	368	1.491748
417	428	417	428	61	126	2.069075
418	429	418	429	239	313	2.359216
422	433	422	433	375	367	2.523916
424	435	424	435	298	133	3.008662
425	436	425	436	107	57	2.508886
426	437	426	437	356	84	1.970757
427	438	427	438	322	360	1.453720
429	440	429	440	126	158	2.723694
438	449	438	449	316	167	2.744047
441	452	441	452	391	395	2.221324
447	458	447	458	263	112	3.002135
465	476	465	476	297	389	2.558400
473	484	473	484	348	318	2.448920
474	485	474	485	392	357	2.035569
523	534	523	534	398	316	2.703933
535	546	535	546	214	353	2.686150
537	548	537	548	262	97	2.621390
541	552	541	552	304	330	2.895056
549	560	549	560	167	297	2.343013
555	566	555	566	301	342	2.307304
561	572	561	572	73	28	2.597259
579	590	579	590	155	163	2.633433
580	591	580	591	54	334	2.234965
581	592	581	592	310	174	3.040252
582	593	582	593	379	331	2.384063
603	614	603	614	329	73	2.227621
620	631	620	631	258	374	2.198304
633	644	633	644	348	61	2.472281
636	647	636	647	167	293	1.284317
644	655	644	655	395	379	2.439526
645	656	645	656	322	357	2.219787
662	673	662	673	302	178	2.149992
663	674	663	674	57	316	2.064021
672	683	672	683	133	285	1.901995
673	684	673	684	57	91	2.021486
