start1	end1	start2	end2	frag1	frag2	frag_rmsd
8	19	1	12	357	132	1.964894
11	22	4	15	126	360	2.237959
18	29	11	22	393	375	2.214683
20	31	13	24	178	157	2.103654
21	32	14	25	57	132	1.551260
28	39	21	32	322	356	2.017159
31	42	24	35	395	126	1.849402
35	46	28	39	360	61	1.959112
37	48	30	41	215	40	2.196253
38	49	31	42	247	163	1.946979
39	50	32	43	92	370	2.924514
40	51	33	44	358	247	2.479219
41	52	34	45	342	19	2.579576
42	53	35	46	98	177	2.962494
43	54	36	47	14	229	2.682356
44	55	37	48	14	301	2.582257
45	56	38	49	302	91	2.022399
46	57	39	50	57	356	1.996521
47	58	40	51	356	360	2.206112
48	59	41	52	248	258	2.636532
49	60	42	53	357	187	2.719249
50	61	43	54	357	10	2.250248
51	62	44	55	248	68	2.645435
52	63	45	56	392	255	2.478791
53	64	46	57	198	356	3.533634
54	65	47	58	158	310	2.602228
58	69	51	62	132	42	2.640108
61	72	54	65	258	132	2.635888
62	73	55	66	167	126	2.697257
63	74	56	67	198	258	1.817841
64	75	57	68	140	389	3.690309
65	76	58	69	191	329	3.114943
66	77	59	70	268	102	4.395539
67	78	60	71	358	330	3.076728
68	79	61	72	131	128	3.619770
69	80	62	73	390	365	3.719418
70	81	63	74	301	363	2.839556
71	82	64	75	97	302	2.657332
72	83	65	76	356	132	2.067486
73	84	66	77	84	126	1.909341
74	85	67	78	360	132	2.169218
75	86	68	79	356	126	2.644557
76	87	69	80	84	132	2.205557
77	88	70	81	61	322	1.532523
80	91	73	84	391	167	2.154784
82	93	75	86	349	92	2.990949
83	94	76	87	263	342	2.508454
84	95	77	88	92	378	2.698621
85	96	78	89	204	253	2.513767
86	97	79	90	163	370	2.628991
91	102	84	95	390	378	2.617645
94	105	87	98	107	142	4.202127
95	106	88	99	334	58	2.620803
96	107	89	100	323	78	4.256428
97	108	90	101	247	229	3.217119
98	109	91	102	242	262	3.049393
99	110	92	103	155	299	3.567449
100	111	93	104	190	72	3.101616
