start1	end1	start2	end2	frag1	frag2	frag_rmsd
3	14	2	13	25	338	1.152231
4	15	3	14	161	69	1.879688
7	18	6	17	396	223	2.481038
30	41	29	40	338	284	2.592032
31	42	30	41	287	79	1.970184
35	46	34	45	147	371	1.829059
36	47	35	46	220	111	2.495639
38	49	37	48	121	0	0.992640
39	50	38	49	27	0	0.813956
41	52	40	51	35	0	1.003458
72	83	71	82	127	368	1.781241
