start1	end1	start2	end2	frag1	frag2	frag_rmsd
8	19	9	20	12	279	3.077777
9	20	10	21	279	52	3.117296
10	21	11	22	295	99	2.708756
11	22	12	23	99	102	3.391303
12	23	13	24	102	304	3.556342
13	24	14	25	304	390	2.928597
14	25	15	26	390	324	3.694107
15	26	16	27	324	298	3.994445
16	27	17	28	298	398	3.424426
17	28	18	29	107	348	2.443030
18	29	19	30	348	73	4.367456
19	30	20	31	329	13	2.733973
20	31	21	32	13	330	3.099909
21	32	22	33	330	367	3.212216
22	33	23	34	367	365	3.314064
23	34	24	35	365	133	2.941455
24	35	25	36	133	383	3.185398
25	36	26	37	383	320	3.133772
26	37	27	38	320	72	3.350606
27	38	28	39	72	148	3.330646
28	39	29	40	148	89	2.822829
29	40	30	41	26	353	2.356660
30	41	31	42	353	118	3.017443
31	42	32	43	118	180	1.359643
32	43	33	44	180	79	3.091521
33	44	34	45	79	139	2.656486
34	45	35	46	139	335	4.304347
35	46	36	47	335	385	3.422555
36	47	37	48	385	347	3.323732
37	48	38	49	347	346	4.023686
38	49	39	50	346	66	3.258710
39	50	40	51	66	216	2.866774
40	51	41	52	216	169	3.056896
41	52	42	53	169	260	2.691123
42	53	43	54	260	49	2.892782
43	54	44	55	49	52	2.967318
44	55	45	56	52	256	3.410595
45	56	46	57	256	377	3.413014
46	57	47	58	377	75	3.182421
47	58	48	59	75	238	3.321467
48	59	49	60	206	70	3.303279
49	60	50	61	70	125	2.617504
60	71	61	72	225	51	3.134137
61	72	62	73	51	45	2.688957
62	73	63	74	45	4	2.804639
