start1	end1	start2	end2	frag1	frag2	frag_rmsd
19	30	15	26	338	256	2.587270
33	44	29	40	361	365	2.392314
37	48	33	44	191	148	2.267190
38	49	34	45	309	22	3.186414
39	50	35	46	179	19	2.850280
40	51	36	47	161	358	3.559964
41	52	37	48	277	85	3.199581
42	53	38	49	354	268	2.147233
45	56	41	52	46	265	3.222369
66	77	62	73	22	141	1.438165
