start1	end1	start2	end2	frag1	frag2	frag_rmsd
34	45	35	46	151	107	2.864918
36	47	37	48	84	322	1.955336
