start1	end1	start2	end2	frag1	frag2	frag_rmsd
14	25	15	26	127	0	0.813264
15	26	16	27	16	0	0.775259
16	27	17	28	121	0	0.992640
17	28	18	29	196	0	1.046929
18	29	19	30	273	0	1.419073
19	30	20	31	16	0	0.775259
20	31	21	32	121	0	0.992640
21	32	22	33	27	0	0.813956
53	64	54	65	69	110	2.136480
54	65	55	66	294	231	2.909599
55	66	56	67	396	387	3.409240
76	87	79	90	27	111	1.266595
106	117	110	121	16	0	0.775259
