start1	end1	start2	end2	frag1	frag2	frag_rmsd
25	36	40	51	132	42	2.640108
26	37	41	52	176	258	2.794003
27	38	42	53	374	293	2.545823
28	39	43	54	58	68	2.780146
29	40	44	55	358	152	2.955362
30	41	45	56	378	261	3.399691
31	42	46	57	221	195	4.641703
32	43	47	58	298	21	3.373874
33	44	48	59	363	171	2.760622
34	45	49	60	351	291	3.596617
35	46	50	61	28	153	3.651408
36	47	51	62	343	137	3.338075
37	48	52	63	225	397	2.841455
38	49	53	64	141	15	2.942370
39	50	54	65	45	111	2.183445
40	51	55	66	4	217	1.467713
41	52	56	67	127	0	0.813264
42	53	57	68	149	127	1.616553
43	54	58	69	180	149	2.137103
44	55	59	70	79	118	3.507381
45	56	60	71	139	359	4.078621
46	57	61	72	139	76	3.199565
47	58	62	73	303	75	3.947205
48	59	63	74	304	311	3.131613
49	60	64	75	324	128	3.072947
50	61	65	76	335	112	3.524364
51	62	66	77	142	98	3.907447
52	63	67	78	310	174	3.040252
53	64	68	79	334	331	2.927127
54	65	69	80	54	57	2.433783
55	66	70	81	178	132	2.174432
56	67	71	82	107	322	2.799501
57	68	72	83	360	126	2.237959
70	81	83	94	356	357	2.972504
71	82	84	95	84	392	2.236722
72	83	85	96	389	313	2.390236
73	84	86	97	28	162	1.560721
74	85	87	98	96	329	1.925419
75	86	88	99	20	83	2.024528
76	87	89	100	59	327	2.076427
78	89	91	102	393	250	2.576258
79	90	92	103	285	222	2.219445
80	91	93	104	218	19	3.173348
81	92	94	105	247	234	2.770496
82	93	95	106	364	344	3.061962
83	94	96	107	8	9	3.602007
84	95	97	108	129	326	2.641751
85	96	98	109	135	51	2.217322
86	97	99	110	147	371	1.829059
87	98	100	111	23	111	1.303435
88	99	101	112	220	0	1.838539
89	100	102	113	121	0	0.992640
90	101	103	114	27	0	0.813956
95	106	108	119	25	338	1.152231
109	120	121	132	96	13	1.738752
115	126	127	138	84	126	1.909341
117	128	129	140	258	322	2.166966
118	129	130	141	28	239	2.289206
119	130	131	142	96	329	1.925419
120	131	132	143	20	83	2.024528
