start1	end1	start2	end2	frag1	frag2	frag_rmsd
23	34	20	31	100	161	0.978809
30	41	27	38	318	107	2.418216
34	45	31	42	329	38	2.609070
71	82	68	79	35	0	1.003458
73	84	70	81	260	284	1.981488
80	91	77	88	91	57	2.021486
81	92	78	89	132	107	2.350722
88	99	85	96	17	251	1.487591
90	101	87	98	208	339	2.951955
91	102	88	99	173	298	3.246915
92	103	89	100	143	272	2.353076
103	114	100	111	57	356	1.996521
104	115	101	112	84	258	2.915962
106	117	103	114	360	106	2.403800
107	118	104	115	360	391	3.685816
108	119	105	116	258	386	2.853305
109	120	106	117	374	386	2.195278
111	122	108	119	225	224	2.761109
113	124	110	121	371	216	1.502072
114	125	111	122	111	23	1.303435
115	126	112	123	0	27	0.813956
120	131	117	128	16	0	0.775259
122	133	119	130	196	0	1.046929
124	135	121	132	166	118	2.028517
133	144	130	141	323	389	2.182032
136	147	133	144	225	194	1.011234
137	148	134	145	388	141	2.767008
138	149	135	146	11	388	2.864817
139	150	136	147	17	226	3.532112
140	151	137	148	17	157	3.131395
141	152	138	149	140	165	2.870630
142	153	139	150	255	208	1.969801
146	157	143	154	51	15	2.489994
149	160	146	157	149	60	1.545532
237	248	159	170	38	155	3.074244
238	249	160	171	312	263	3.125536
264	275	185	196	35	188	1.339917
265	276	186	197	166	25	1.364085
266	277	187	198	69	161	1.879688
267	278	188	199	139	294	2.663904
268	279	189	200	311	101	2.369716
269	280	190	201	103	333	3.127807
271	282	192	203	66	65	2.012778
272	283	193	204	11	371	2.438266
273	284	194	205	397	111	2.155171
274	285	195	206	81	0	2.763277
275	286	196	207	241	0	2.932839
276	287	197	208	23	0	1.327063
277	288	198	209	27	0	0.813956
278	289	199	210	184	0	1.197355
279	290	200	211	121	0	0.992640
280	291	201	212	27	0	0.813956
295	306	216	227	99	51	3.082774
297	308	218	229	66	240	1.969179
299	310	220	231	111	44	2.561213
301	312	222	233	149	188	1.382009
302	313	223	234	18	25	1.880110
307	318	228	239	30	230	1.728147
308	319	229	240	112	131	2.361165
309	320	230	241	229	390	2.341461
311	322	232	243	29	262	2.255448
313	324	234	245	28	53	3.521263
315	326	236	247	225	326	2.488373
319	330	240	251	295	354	1.529198
328	339	249	260	114	239	2.524293
329	340	250	261	89	138	3.254190
332	343	253	264	65	223	2.551652
338	349	259	270	0	170	1.959205
341	352	262	273	184	16	1.241286
362	373	283	294	60	169	1.967618
367	378	288	299	296	212	3.063980
368	379	289	300	372	202	2.168379
377	388	298	309	39	97	2.692864
380	391	301	312	395	318	2.216742
385	396	306	317	78	234	2.319677
