start1	end1	start2	end2	frag1	frag2	frag_rmsd
5	16	4	15	325	203	3.096545
6	17	5	16	348	296	3.327371
7	18	6	17	296	351	2.893150
8	19	7	18	343	53	2.763546
10	21	9	20	51	371	1.963017
11	22	10	21	45	111	2.183445
12	23	11	22	4	23	1.335798
24	35	24	35	304	292	3.711789
25	36	25	36	390	177	2.707335
26	37	26	37	101	303	4.212649
27	38	27	38	337	303	4.323595
28	39	28	39	202	119	3.129238
29	40	29	40	129	376	1.562683
30	41	30	41	396	65	2.073749
31	42	31	42	223	371	1.695846
32	43	32	43	111	23	1.303435
33	44	33	44	0	27	0.813956
41	52	41	52	277	235	1.734496
46	57	46	57	174	54	2.729182
47	58	47	58	178	349	2.466717
71	82	72	83	318	151	2.401869
96	107	94	105	42	322	2.200412
107	118	107	118	225	326	2.488373
110	121	110	121	4	169	1.747250
141	152	131	142	373	197	3.627514
142	153	132	143	343	89	2.975827
143	154	133	144	225	207	1.967256
144	155	134	145	51	15	2.489994
145	156	135	146	45	216	1.903162
146	157	136	147	4	111	0.994513
163	174	150	161	167	374	2.251345
164	175	151	162	1	58	2.064525
165	176	152	163	190	191	2.466205
215	226	204	215	0	188	1.887540
226	237	228	239	209	374	3.579924
227	238	229	240	147	343	3.535013
228	239	230	241	125	225	2.024259
229	240	231	242	216	51	2.286643
230	241	232	243	371	45	1.366556
231	242	233	244	27	4	1.631724
232	243	234	245	16	0	0.775259
235	246	237	248	0	16	0.775259
236	247	238	249	35	0	1.003458
237	248	239	250	35	127	1.273794
238	249	240	251	350	16	2.000042
239	250	241	252	16	184	1.241286
241	252	243	254	217	273	2.005378
242	253	244	255	16	184	1.241286
243	254	245	256	184	121	1.193672
244	255	246	257	196	27	1.059651
245	256	247	258	278	0	2.028020
246	257	248	259	184	0	1.197355
247	258	249	260	121	0	0.992640
278	289	286	297	348	389	2.657845
279	290	287	298	198	374	2.225536
280	291	288	299	58	92	2.238939
300	311	309	320	174	133	1.804231
