start1	end1	start2	end2	frag1	frag2	frag_rmsd
10	21	6	17	127	0	0.813264
32	43	31	42	242	163	2.227843
34	45	33	44	218	183	2.373469
35	46	34	45	212	296	3.063980
37	48	36	47	225	1	1.414968
43	54	42	53	35	127	1.273794
44	55	43	54	35	127	1.273794
45	56	44	55	25	188	2.082213
47	58	46	57	377	287	2.089698
48	59	47	58	232	311	2.404421
49	60	48	59	34	288	2.778345
51	62	50	61	152	262	3.384406
53	64	52	63	138	193	2.309416
54	65	53	64	195	369	2.269153
68	79	67	78	33	339	3.274195
70	81	69	80	221	108	2.587747
71	82	70	81	212	48	3.079731
72	83	71	82	358	201	2.893908
73	84	72	83	20	112	3.623020
74	85	73	84	306	112	3.284950
75	86	74	85	306	112	3.284950
76	87	75	86	200	156	3.188571
77	88	76	87	393	156	2.724048
