start1	end1	start2	end2	frag1	frag2	frag_rmsd
5	16	1	12	7	134	4.696217
6	17	2	13	102	268	4.395539
7	18	3	14	336	230	4.030948
8	19	4	15	390	345	3.589932
9	20	5	16	361	265	4.423135
10	21	6	17	314	55	3.931650
11	22	7	18	298	339	3.642975
12	23	8	19	357	208	2.490627
13	24	9	20	392	91	2.022503
14	25	10	21	132	107	2.350722
44	55	35	46	356	398	3.148517
46	57	37	48	126	360	2.237959
65	76	49	60	360	322	1.453720
90	101	61	72	61	258	1.652270
104	115	72	83	61	258	1.652270
108	119	76	87	59	327	2.076427
