start1	end1	start2	end2	frag1	frag2	frag_rmsd
4	15	10	21	285	30	3.336776
6	17	12	23	163	112	3.268376
7	18	13	24	334	14	3.195834
21	32	26	37	227	141	1.668724
23	34	28	39	4	105	1.644032
24	35	29	40	0	166	2.713889
37	48	43	54	322	248	2.535011
73	84	68	79	379	198	2.896183
74	85	69	80	248	357	1.838513
75	86	70	81	80	392	2.526476
76	87	71	82	74	318	2.154001
79	90	74	85	114	162	1.980808
80	91	75	86	56	309	2.165861
117	128	112	123	0	16	0.775259
118	129	113	124	0	16	0.775259
119	130	114	125	0	60	1.639067
130	141	126	137	132	74	2.503655
131	142	127	138	126	198	2.710825
132	143	128	139	357	391	1.962426
133	144	129	140	106	40	2.568277
134	145	130	141	313	209	3.177343
135	146	131	142	187	296	2.946837
149	160	142	153	36	214	2.435610
184	195	177	188	0	27	0.813956
189	200	182	193	235	161	1.099262
190	201	183	194	277	33	2.543323
196	207	189	200	80	392	2.526476
208	219	201	212	96	83	1.987429
209	220	202	213	20	327	2.071002
212	223	205	216	200	363	3.262101
242	253	229	240	0	16	0.775259
256	267	242	253	187	198	2.496295
261	272	247	258	292	32	2.035472
262	273	248	259	276	369	1.368954
270	281	256	267	161	235	1.099262
277	288	263	274	187	74	3.251216
291	302	276	287	184	121	1.193672
292	303	277	288	121	27	1.355932
293	304	278	289	0	127	0.813264
294	305	279	290	0	16	0.775259
296	307	281	292	0	196	1.046929
297	308	282	293	0	273	1.419073
298	309	283	294	0	16	0.775259
299	310	284	295	0	121	0.992640
300	311	285	296	16	27	1.218469
301	312	286	297	16	188	2.264439
302	313	287	298	127	338	3.540145
