start1	end1	start2	end2	frag1	frag2	frag_rmsd
52	63	41	52	274	358	2.773524
63	74	52	63	35	0	1.003458
64	75	53	64	144	188	1.413047
65	76	54	65	166	338	1.595083
66	77	55	66	100	235	1.231875
69	80	58	69	363	164	1.880850
71	82	60	71	178	57	1.951934
73	84	62	73	203	258	2.291121
75	86	64	75	2	328	1.547551
77	88	66	77	51	95	1.563872
78	89	67	78	371	11	2.438266
80	91	69	80	284	41	2.164096
81	92	70	81	44	79	2.999741
83	94	72	83	219	376	2.632382
86	97	75	86	27	111	1.266595
87	98	76	87	0	16	0.775259
88	99	77	88	16	127	1.158335
100	111	88	99	167	158	1.812316
109	120	97	108	311	119	2.491373
113	124	101	112	12	169	2.879771
118	129	106	117	388	11	2.864817
127	138	115	126	191	73	3.007741
128	139	116	127	292	138	2.059222
133	144	121	132	184	16	1.241286
