start1	end1	start2	end2	frag1	frag2	frag_rmsd
1	12	1	12	68	173	3.698456
2	13	2	13	152	162	4.162386
7	18	7	18	181	288	3.678889
8	19	8	19	254	335	2.549212
10	21	10	21	172	199	3.491561
13	24	13	24	59	128	2.692989
14	25	14	25	365	393	2.281657
16	27	16	27	296	373	3.519919
18	29	18	29	312	130	2.728041
19	30	19	30	112	78	3.056163
20	31	20	31	200	361	3.349524
21	32	21	32	97	262	2.621390
22	33	22	33	142	63	3.345190
23	34	23	34	56	351	3.041993
25	36	25	36	102	304	3.556342
27	38	27	38	128	335	3.395526
28	39	28	39	159	199	4.437578
29	40	29	40	142	332	3.661873
33	44	33	44	285	120	2.293388
35	46	35	46	19	202	3.047819
37	48	37	48	55	148	1.769837
38	49	38	49	71	255	2.201151
39	50	39	50	107	398	3.078266
40	51	40	51	208	154	3.152696
41	52	41	52	370	211	3.288523
42	53	42	53	246	7	2.663765
43	54	43	54	373	122	3.313798
44	55	44	55	102	336	2.764402
45	56	45	56	20	59	3.452494
46	57	46	57	128	375	2.998520
47	58	47	58	365	164	2.534748
48	59	48	59	363	174	2.440306
49	60	49	60	157	57	2.214777
50	61	50	61	74	322	2.953608
51	62	51	62	74	313	2.543058
52	63	52	63	162	28	1.560721
53	64	53	64	7	96	2.924218
54	65	54	65	83	20	2.024528
56	67	56	67	128	59	2.692989
57	68	57	68	361	159	3.246190
58	69	58	69	342	63	4.400849
