start1	end1	start2	end2	frag1	frag2	frag_rmsd
36	47	36	47	84	42	2.426355
52	63	52	63	346	125	1.893247
57	68	57	68	16	0	0.775259
95	106	95	106	325	221	2.157297
96	107	96	107	151	262	3.410151
97	108	97	108	157	173	2.666062
98	109	98	109	107	74	2.697674
99	110	99	110	258	198	1.817841
