start1	end1	start2	end2	frag1	frag2	frag_rmsd
4	15	22	33	123	223	1.416700
23	34	41	52	270	258	2.890358
27	38	45	56	150	152	2.343118
38	49	56	67	140	92	2.371234
40	51	58	69	255	253	2.281137
41	52	59	70	398	29	2.328114
47	58	65	76	224	70	1.307761
58	69	86	97	12	75	3.959324
59	70	87	98	315	201	3.868115
60	71	88	99	75	14	3.948740
61	72	89	100	290	8	4.273505
62	73	90	101	382	185	3.896470
63	74	91	102	332	142	3.661873
64	75	92	103	306	207	4.912062
65	76	93	104	332	1	4.043429
66	77	94	105	261	135	3.770452
67	78	95	106	195	147	3.546489
68	79	96	107	227	15	3.441345
69	80	97	108	223	121	2.632480
70	81	98	109	4	27	1.631724
77	88	105	116	157	363	2.737417
78	89	106	117	316	57	2.064021
81	92	109	120	313	61	2.398675
82	93	110	121	162	374	2.026859
107	118	136	147	247	274	2.597371
109	120	138	149	14	112	2.476924
110	121	139	150	174	342	2.548424
111	122	140	151	54	174	2.729182
113	124	142	153	322	356	2.017159
115	126	144	155	158	389	2.036257
123	134	152	163	340	129	2.658550
146	157	175	186	127	0	0.813264
147	158	176	187	149	368	1.387412
148	159	177	188	251	260	1.802845
154	165	183	194	298	91	2.033592
185	196	212	223	277	104	2.095889
190	201	217	228	353	45	1.252194
192	203	219	230	110	17	1.336081
195	206	222	233	356	398	3.148517
196	207	223	234	107	356	1.430031
247	258	255	266	13	266	1.425161
276	287	286	297	392	395	1.956324
277	288	287	298	132	57	1.551260
278	289	288	299	126	395	1.849402
279	290	289	300	61	357	2.416361
282	293	292	303	138	328	2.615349
295	306	311	322	206	138	2.247993
297	308	313	324	220	66	2.797290
