start1	end1	start2	end2	frag1	frag2	frag_rmsd
1	12	1	12	110	17	1.336081
4	15	4	15	356	398	3.148517
5	16	5	16	107	356	1.430031
56	67	37	48	13	266	1.425161
85	96	68	79	392	395	1.956324
86	97	69	80	132	57	1.551260
87	98	70	81	126	395	1.849402
88	99	71	82	61	357	2.416361
91	102	74	85	138	328	2.615349
104	115	93	104	206	138	2.247993
106	117	95	106	220	66	2.797290
