start1	end1	start2	end2	frag1	frag2	frag_rmsd
3	14	4	15	357	92	3.174659
21	32	21	32	126	91	3.096876
22	33	22	33	132	356	2.067486
23	34	23	34	132	356	2.067486
45	56	45	56	35	0	1.003458
46	57	46	57	368	0	2.061254
47	58	47	58	260	0	1.731263
58	69	74	85	107	91	2.649081
60	71	76	87	357	258	1.886183
