start1	end1	start2	end2	frag1	frag2	frag_rmsd
20	31	1	12	352	73	3.005255
26	37	7	18	173	298	3.246915
28	39	9	20	386	246	2.014472
29	40	10	21	2	329	3.075853
30	41	11	22	194	213	2.844009
31	42	12	23	141	229	3.073179
32	43	13	24	388	301	3.509788
33	44	14	25	282	29	3.784105
34	45	15	26	79	373	3.247725
35	46	16	27	119	86	3.361512
36	47	17	28	376	225	3.360329
37	48	18	29	65	141	2.029741
38	49	19	30	371	123	1.899626
40	51	21	32	338	25	1.152231
42	53	23	34	33	294	2.272830
47	58	28	39	143	178	1.650270
48	59	29	40	187	107	3.273161
49	60	30	41	40	348	3.192734
50	61	31	42	148	246	3.137084
51	62	32	43	114	92	2.843740
52	63	33	44	210	358	3.579143
53	64	34	45	73	361	5.707498
54	65	35	46	275	301	4.855441
55	66	36	47	304	97	6.354494
56	67	37	48	304	383	6.817408
75	86	49	60	42	126	2.008935
79	90	53	64	210	215	2.059582
80	91	54	65	56	329	2.670926
81	92	55	66	292	117	2.762161
87	98	61	72	397	15	1.948758
88	99	62	73	15	89	2.198231
109	120	82	93	270	84	2.302063
110	121	83	94	239	61	2.743400
111	122	84	95	293	374	2.545823
113	124	86	97	152	150	2.343118
114	125	87	98	261	150	2.865888
116	127	89	100	237	195	2.078780
118	129	91	102	371	216	1.502072
119	130	92	103	353	23	2.620781
120	131	93	104	217	27	1.512015
126	137	99	110	35	0	1.003458
153	164	127	138	141	51	1.428009
155	166	129	140	4	23	1.335798
156	167	130	141	0	184	1.197355
157	168	131	142	0	121	0.992640
158	169	132	143	0	27	0.813956
