start1	end1	start2	end2	frag1	frag2	frag_rmsd
1	12	3	14	279	196	2.550608
2	13	4	15	228	273	3.324972
3	14	5	16	384	16	3.339577
4	15	6	17	11	121	2.901068
5	16	7	18	81	27	2.828023
6	17	8	19	46	16	3.957552
7	18	9	20	202	0	3.456657
8	19	10	21	207	368	3.422971
9	20	11	22	369	260	3.455078
10	21	12	23	22	170	2.648634
11	22	13	24	238	44	2.179609
14	25	16	27	121	216	1.107965
58	69	56	67	0	16	0.775259
77	88	69	80	132	357	1.964894
80	91	72	83	162	313	2.591497
110	121	103	114	232	355	2.143807
113	124	106	117	352	158	3.481723
118	129	111	122	45	216	1.903162
120	131	113	124	144	149	1.522937
122	133	115	126	362	124	2.182590
123	134	116	127	307	208	2.658720
127	138	120	131	248	395	1.997362
141	152	132	143	4	111	0.994513
146	157	137	148	338	25	1.152231
147	158	138	149	100	235	1.231875
148	159	139	150	33	277	2.543323
149	160	140	151	6	232	1.900358
151	162	142	153	174	363	2.440306
152	163	143	154	54	302	1.822938
167	178	159	170	141	227	1.668724
170	181	162	173	240	184	1.274780
182	193	174	185	174	285	2.184810
183	194	175	186	331	263	2.341218
186	197	178	189	391	178	2.455732
187	198	179	190	10	310	2.925820
189	200	181	192	178	357	2.306823
190	201	182	193	248	379	1.639302
192	203	184	195	198	40	1.579973
223	234	214	225	132	143	2.277784
