start1	end1	start2	end2	frag1	frag2	frag_rmsd
1	12	3	14	23	4	1.335798
2	13	4	15	121	0	0.992640
3	14	5	16	27	0	0.813956
6	17	8	19	100	235	1.231875
9	20	11	22	63	171	3.101650
12	23	14	25	55	21	2.054944
13	24	15	26	71	209	3.071330
14	25	16	27	325	47	2.065922
15	26	17	28	298	243	4.764223
16	27	18	29	364	201	3.096477
17	28	19	30	116	306	5.438131
18	29	20	31	13	152	3.354507
19	30	21	32	327	230	4.655654
20	31	22	33	59	131	3.568686
21	32	23	34	367	390	3.609774
22	33	24	35	120	108	2.773258
23	34	25	36	202	212	2.530660
24	35	26	37	372	160	3.950453
25	36	27	38	326	231	3.181361
26	37	28	39	51	95	1.563872
27	38	29	40	353	147	1.930020
