start1	end1	start2	end2	frag1	frag2	frag_rmsd
20	31	33	44	45	0	2.973760
21	32	34	45	4	0	1.783926
35	46	48	59	185	239	2.749889
37	48	50	61	384	138	2.795948
59	70	72	83	161	235	1.099262
62	73	75	86	280	103	1.955594
64	75	77	88	31	231	1.286233
72	83	85	96	16	0	0.775259
74	85	87	98	127	0	0.813264
75	86	88	99	16	0	0.775259
76	87	89	100	184	0	1.197355
77	88	90	101	196	0	1.046929
78	89	91	102	27	0	0.813956
80	91	93	104	149	118	1.094155
81	92	94	105	338	77	1.893036
83	94	96	107	139	119	2.402640
85	96	98	109	269	113	3.267196
110	121	129	140	395	126	1.849402
