start1	end1	start2	end2	frag1	frag2	frag_rmsd
9	20	9	20	375	361	1.959684
10	21	10	21	365	301	2.827489
