start1	end1	start2	end2	frag1	frag2	frag_rmsd
8	19	1	12	4	0	1.783926
32	43	25	36	251	110	1.356883
51	62	44	55	16	260	1.076875
64	75	57	68	127	0	0.813264
66	77	59	70	180	18	1.503133
72	83	65	76	364	236	2.630626
73	84	66	77	219	202	2.050404
74	85	67	78	190	225	2.154601
76	87	69	80	45	147	1.713468
86	97	79	90	12	24	1.462726
94	105	87	98	27	0	0.813956
