start1	end1	start2	end2	frag1	frag2	frag_rmsd
1	12	1	12	261	268	2.624343
2	13	2	13	32	160	2.659966
3	14	3	14	129	31	3.289335
4	15	4	15	396	95	2.153849
5	16	5	16	396	45	2.358703
6	17	6	17	281	4	3.647637
7	18	7	18	70	35	2.553244
8	19	8	19	220	245	3.082436
9	20	9	20	121	18	3.261988
10	21	10	21	353	249	3.894345
11	22	11	22	144	307	3.271823
