start1	end1	start2	end2	frag1	frag2	frag_rmsd
26	37	35	46	127	0	0.813264
27	38	36	47	260	0	1.731263
