start1	end1	start2	end2	frag1	frag2	frag_rmsd
18	29	15	26	151	298	2.505800
19	30	16	27	157	39	2.759277
20	31	17	28	357	331	3.289281
24	35	21	32	356	84	1.970757
35	46	33	44	395	54	2.541594
36	47	34	45	132	57	1.551260
37	48	35	46	356	84	1.970757
38	49	36	47	356	84	1.970757
54	65	54	65	377	277	1.951425
72	83	73	84	273	0	1.419073
73	84	74	85	16	0	0.775259
74	85	75	86	121	0	0.992640
75	86	76	87	27	0	0.813956
99	110	103	114	16	0	0.775259
101	112	105	116	25	338	1.152231
102	113	106	117	41	235	1.883375
103	114	107	118	287	33	2.385081
104	115	108	119	232	134	2.244172
105	116	109	120	256	254	3.406444
106	117	110	121	174	30	3.207581
107	118	111	122	262	53	4.001942
120	131	126	137	15	89	2.198231
123	134	129	140	35	0	1.003458
142	153	159	170	355	232	2.143807
143	154	160	171	164	34	2.524144
