start1	end1	start2	end2	frag1	frag2	frag_rmsd
19	30	25	36	25	180	2.193725
23	34	29	40	103	336	2.985805
26	37	32	43	255	3	2.650042
30	41	36	47	80	297	2.266320
31	42	37	48	296	344	2.480295
33	44	39	50	130	175	2.406903
35	46	41	52	390	232	3.012762
36	47	42	53	34	324	2.516852
38	49	44	55	383	165	2.427258
39	50	45	56	40	391	2.291833
40	51	46	57	10	253	2.955023
42	53	48	59	178	57	1.951934
43	54	49	60	107	356	1.430031
50	61	56	67	14	342	2.230074
54	65	60	71	39	253	2.396148
55	66	61	72	331	178	2.377337
69	80	76	87	379	185	2.721637
70	81	77	88	398	198	3.474080
72	83	79	90	395	248	1.997362
74	85	81	92	248	57	2.232921
76	87	83	94	61	258	1.652270
80	91	87	98	327	261	3.361138
81	92	88	99	59	367	2.032515
83	94	90	101	120	108	2.773258
84	95	91	102	298	325	2.268278
86	97	93	104	318	8	3.336624
88	99	95	106	391	248	2.056378
92	103	99	110	248	389	2.208556
94	105	101	112	92	247	2.407521
96	107	103	114	358	117	2.136260
97	108	104	115	117	361	3.722952
98	109	105	116	342	301	2.307304
104	115	111	122	204	10	2.009667
105	116	112	123	38	10	2.667255
107	118	114	125	342	19	2.579576
108	119	115	126	19	247	2.288725
131	142	138	149	392	178	1.899502
132	143	139	150	126	356	2.644557
