start1	end1	start2	end2	frag1	frag2	frag_rmsd
1	12	5	16	306	155	3.888502
4	15	8	19	31	231	1.286233
15	26	19	30	144	188	1.413047
34	45	43	54	124	155	3.932395
35	46	44	55	317	63	4.277281
36	47	45	56	373	142	3.754515
37	48	46	57	50	130	3.239249
38	49	47	58	213	304	3.555840
40	51	49	60	268	385	2.894825
54	65	63	74	56	138	1.966884
78	89	87	98	334	155	2.463229
80	91	89	100	364	308	1.960465
85	96	94	105	305	189	2.844213
116	127	126	137	389	313	2.390236
158	169	169	180	218	221	3.386730
174	185	185	196	178	143	1.650270
201	212	228	239	219	355	3.339335
225	236	252	263	318	360	2.599279
228	239	255	266	322	360	1.453720
229	240	256	267	389	258	2.040431
230	241	257	268	167	40	2.374362
235	246	262	273	57	84	2.559962
237	248	264	275	360	322	1.453720
241	252	268	279	215	239	1.429311
242	253	269	280	247	56	2.687172
243	254	270	281	292	138	2.059222
266	277	293	304	208	334	2.931144
267	278	294	305	57	178	1.951934
268	279	295	306	356	57	1.996521
286	297	312	323	233	381	2.152083
287	298	313	324	366	134	2.121858
288	299	314	325	382	385	2.716744
291	302	317	328	112	342	2.771983
292	303	318	329	250	182	2.918584
294	305	320	331	372	202	2.168379
295	306	321	332	326	225	2.488373
316	327	342	353	158	167	1.812316
317	328	343	354	239	293	2.280486
318	329	344	355	73	152	2.865449
331	342	357	368	0	127	0.813264
332	343	358	369	0	16	0.775259
333	344	359	370	0	16	0.775259
334	345	360	371	188	87	1.255021
335	346	361	372	338	25	1.152231
336	347	362	373	100	41	1.710810
337	348	363	374	33	88	2.091698
338	349	364	375	232	93	2.165914
340	351	366	377	331	3	2.648256
343	354	369	380	162	28	1.560721
344	355	370	381	343	328	1.513701
346	357	372	383	51	55	2.971501
347	358	373	384	353	214	2.686150
348	359	374	385	52	354	2.431109
350	361	376	387	79	385	2.930637
351	362	377	388	9	275	2.970815
352	363	378	389	129	9	2.467110
353	364	379	390	396	129	2.522659
354	365	380	391	123	396	2.569396
355	366	381	392	4	147	1.800516
356	367	382	393	0	23	1.327063
357	368	383	394	0	27	0.813956
358	369	384	395	0	16	0.775259
366	377	392	403	155	8	2.640243
368	379	394	405	53	89	2.753592
386	397	412	423	322	357	2.219787
414	425	440	451	84	392	2.236722
433	444	459	470	40	38	2.653770
470	481	496	507	240	184	1.274780
