start1	end1	start2	end2	frag1	frag2	frag_rmsd
1	12	3	14	132	360	2.169218
2	13	4	15	389	356	3.180046
3	14	5	16	28	258	2.447437
4	15	6	17	343	167	2.854845
15	26	23	34	220	0	1.838539
16	27	24	35	216	0	1.961923
17	28	25	36	111	0	1.805292
19	30	27	38	35	0	1.003458
22	33	30	41	284	235	2.316448
23	34	31	42	104	33	2.171568
25	36	33	44	164	363	1.880850
26	37	34	45	302	363	2.467216
28	39	36	47	187	318	2.503665
48	59	53	64	35	0	1.003458
49	60	54	65	368	127	1.781241
50	61	55	66	118	149	1.094155
51	62	56	67	249	17	1.089644
52	63	57	68	319	279	1.889850
53	64	58	69	354	295	1.529198
54	65	59	70	160	153	2.634094
55	66	60	71	31	231	1.286233
58	69	63	74	4	169	1.747250
70	81	81	92	181	315	4.086095
96	107	134	145	0	27	0.813956
117	128	155	166	338	25	1.152231
118	129	156	167	100	235	1.231875
138	149	178	189	322	360	1.453720
150	161	207	218	74	80	2.193283
157	168	214	225	178	331	2.377337
174	185	227	238	122	329	1.972439
181	192	234	245	379	132	2.789939
182	193	235	246	42	360	2.763434
183	194	236	247	258	389	2.040431
184	195	237	248	386	28	1.926117
185	196	238	249	102	329	2.502959
187	198	240	251	390	229	2.341461
189	200	242	253	91	298	2.033592
190	201	243	254	356	107	1.430031
191	202	244	255	126	107	2.640432
192	203	245	256	389	313	2.390236
201	212	254	265	288	283	2.531015
204	215	257	268	314	21	3.257425
205	216	258	269	226	71	2.608111
208	219	261	272	360	107	2.749925
210	221	263	274	126	360	2.237959
225	236	276	287	322	360	1.453720
227	238	278	289	322	61	1.532523
228	239	279	290	322	389	2.292898
230	241	281	292	374	162	2.026859
231	242	282	293	198	38	3.319103
232	243	283	294	140	312	1.998926
233	244	284	295	205	229	2.523216
234	245	285	296	71	301	2.996809
235	246	286	297	29	298	2.664713
236	247	287	298	373	316	3.507940
237	248	288	299	309	84	4.206986
238	249	289	300	1	74	3.595275
239	250	290	301	95	374	4.417044
240	251	291	302	45	7	3.912180
241	252	292	303	105	130	3.714227
242	253	293	304	25	13	4.523673
243	254	294	305	235	330	3.721156
244	255	295	306	33	367	4.236880
245	256	296	307	232	333	3.695024
258	269	307	318	289	51	2.618019
