start1	end1	start2	end2	frag1	frag2	frag_rmsd
1	12	4	15	45	223	1.647681
11	22	14	25	25	338	1.152231
20	31	23	34	141	51	1.428009
21	32	24	35	123	147	1.240679
44	55	47	58	232	33	2.349096
