start1	end1	start2	end2	frag1	frag2	frag_rmsd
19	30	19	30	161	338	2.232406
20	31	20	31	377	100	1.241297
31	42	31	42	27	196	1.059651
32	43	32	43	127	27	1.019607
47	58	47	58	127	0	0.813264
48	59	48	59	149	188	1.382009
49	60	49	60	251	271	1.346902
50	61	50	61	380	104	2.296292
51	62	51	62	88	307	2.822750
53	64	53	64	30	156	2.417655
55	66	55	66	279	262	3.254866
56	67	56	67	228	351	3.438604
58	69	58	69	266	150	2.410675
