start1	end1	start2	end2	frag1	frag2	frag_rmsd
3	14	1	12	360	392	2.657878
4	15	2	13	258	322	2.166966
5	16	3	14	258	360	2.306964
10	21	8	19	395	391	2.221324
11	22	9	20	318	80	2.387008
16	27	14	25	32	82	2.553400
21	32	19	30	168	69	1.769267
22	33	20	31	307	339	2.624244
25	36	23	34	395	302	2.496823
32	43	30	41	322	357	2.219787
34	45	32	43	28	114	1.637541
35	46	33	44	2	309	2.074374
36	47	34	45	1	53	1.826199
37	48	35	46	141	125	3.622244
38	49	36	47	45	216	1.903162
39	50	37	48	341	169	2.492437
40	51	38	49	170	338	3.371890
41	52	39	50	37	277	3.875444
42	53	40	51	144	311	3.178825
43	54	41	52	338	103	3.067691
44	55	42	53	100	333	3.394262
45	56	43	54	88	237	3.728838
46	57	44	55	93	55	3.478348
47	58	45	56	113	36	3.121950
48	59	46	57	296	47	3.199262
49	60	47	58	351	273	3.668277
52	63	50	61	135	51	2.217322
60	71	58	69	0	127	0.813264
64	75	62	73	168	377	1.816464
65	76	63	74	47	75	2.398635
68	79	66	77	274	152	2.290286
70	81	68	79	195	276	1.460134
73	84	71	82	4	23	1.335798
92	103	91	102	356	84	1.970757
93	104	92	103	322	360	1.453720
95	106	94	105	374	158	1.692551
