start1	end1	start2	end2	frag1	frag2	frag_rmsd
2	13	1	12	114	386	2.293020
3	14	2	13	138	86	2.641346
4	15	3	14	346	194	1.855001
5	16	4	15	95	141	1.602886
6	17	5	16	45	371	1.366556
7	18	6	17	4	111	0.994513
11	22	10	21	127	16	1.158335
12	23	11	22	149	87	1.474472
13	24	12	23	77	260	2.518072
14	25	13	24	380	233	2.132465
17	28	16	27	156	131	3.010123
18	29	17	28	112	232	3.372016
19	30	18	29	250	171	2.770541
20	31	19	30	274	364	1.999522
21	32	20	31	202	193	2.754505
22	33	21	32	345	225	2.264617
23	34	22	33	141	51	1.428009
32	43	31	42	287	170	1.992976
33	44	32	43	119	44	2.044452
45	56	44	55	0	184	1.197355
46	57	45	56	0	121	0.992640
47	58	46	57	0	27	0.813956
50	61	49	60	127	0	0.813264
51	62	50	61	118	35	2.662986
52	63	51	62	18	368	2.298804
53	64	52	63	380	18	2.530157
54	65	53	64	139	377	2.658056
55	66	54	65	93	33	2.502357
56	67	55	66	113	355	2.008070
57	68	56	67	301	363	2.839556
58	69	57	68	91	173	2.560482
59	70	58	69	157	158	3.703278
60	71	59	70	84	198	3.057682
61	72	60	71	389	80	3.088005
62	73	61	72	28	344	3.790105
63	74	62	73	328	7	1.961591
64	75	63	74	130	213	2.638771
65	76	64	75	117	85	3.013589
66	77	65	76	82	268	3.147941
67	78	66	77	48	112	2.656263
68	79	67	78	164	131	3.681679
69	80	68	79	174	342	2.548424
70	81	69	80	57	301	4.101877
71	82	70	81	157	91	2.006819
72	83	71	82	74	356	2.593547
73	84	72	83	187	84	4.085287
74	85	73	84	10	61	3.448136
75	86	74	85	247	162	3.363982
76	87	75	86	14	343	4.586507
77	88	76	87	155	192	2.893167
78	89	77	88	81	22	3.050101
79	90	78	89	11	45	2.503953
80	91	79	90	220	224	2.131403
81	92	80	91	165	184	3.437100
82	93	81	92	257	326	3.177394
83	94	82	93	170	279	2.486482
84	95	83	94	44	260	3.594380
