start1	end1	start2	end2	frag1	frag2	frag_rmsd
30	41	37	48	131	222	2.947219
31	42	38	49	311	120	3.929872
43	54	49	60	312	358	2.751199
59	70	66	77	108	337	3.660818
65	76	72	83	266	382	3.541655
96	107	88	99	13	20	1.989394
97	108	89	100	330	59	2.244902
115	126	119	130	98	385	1.817464
118	129	122	133	209	218	2.745118
119	130	123	134	364	241	2.839923
120	131	124	135	202	122	3.595808
133	144	136	147	331	363	2.590972
134	145	137	148	395	298	3.168971
135	146	138	149	203	218	2.785903
136	147	139	150	386	323	2.469135
137	148	140	151	92	246	2.434579
