start1	end1	start2	end2	frag1	frag2	frag_rmsd
9	20	9	20	0	27	0.813956
28	39	28	39	0	16	0.775259
