start1	end1	start2	end2	frag1	frag2	frag_rmsd
15	26	56	67	161	15	4.071362
16	27	57	68	377	216	3.310961
17	28	58	69	93	188	3.733760
18	29	59	70	164	338	3.980803
19	30	60	71	363	235	4.984973
30	41	78	89	225	396	3.766572
31	42	79	90	51	147	3.319256
32	43	80	91	45	23	3.001934
33	44	81	92	4	37	2.539361
52	63	99	110	86	343	2.099547
54	65	101	112	141	51	1.428009
55	66	102	113	353	45	1.252194
56	67	103	114	4	169	1.747250
57	68	104	115	110	180	1.207298
70	81	116	127	38	112	2.815804
71	82	117	128	112	280	2.702842
73	84	119	130	237	202	2.917197
75	86	121	132	315	191	1.918851
85	96	131	142	232	355	2.143807
89	100	135	146	84	322	1.955336
90	101	136	147	360	176	3.064982
91	102	137	148	61	198	2.292877
92	103	138	149	322	53	4.148399
93	104	139	150	176	148	3.132740
94	105	140	151	89	15	2.198231
95	106	141	152	244	111	2.448459
96	107	142	153	125	27	2.608203
97	108	143	154	184	220	1.359897
116	127	162	173	216	15	1.829506
143	154	188	199	298	151	2.505800
144	155	189	200	348	143	2.671670
151	162	196	207	227	129	2.576417
152	163	197	208	394	396	2.782183
157	168	202	213	0	127	0.813264
191	202	236	247	276	195	1.460134
197	208	242	253	233	287	1.914960
200	211	245	256	222	174	2.234287
202	213	247	258	218	318	2.873967
204	215	249	260	395	198	2.491422
205	216	250	261	391	204	2.478372
207	218	252	263	274	138	2.648986
209	220	254	265	276	129	2.280948
210	221	255	266	141	396	2.196376
211	222	256	267	147	123	1.240679
214	225	259	270	244	144	2.597417
218	229	263	274	95	396	2.153849
226	237	271	282	222	174	2.234287
228	239	273	284	298	91	2.033592
234	245	279	290	138	160	2.227130
239	250	284	295	153	206	2.010158
241	252	286	297	397	95	2.597544
242	253	287	298	371	45	1.366556
272	283	318	329	380	282	2.670710
275	286	321	332	113	361	2.642013
276	287	322	333	301	365	2.827489
277	288	323	334	91	262	3.242394
279	290	325	336	198	374	2.225536
280	291	326	337	176	68	2.753663
281	292	327	338	114	190	2.532336
283	294	329	340	310	145	2.997036
284	295	330	341	279	90	3.072143
286	297	332	343	346	193	2.594440
