start1	end1	start2	end2	frag1	frag2	frag_rmsd
11	22	8	19	322	389	2.292898
12	23	9	20	126	167	2.697257
14	25	11	22	329	152	3.680501
17	28	14	25	367	390	3.609774
18	29	15	26	365	301	2.827489
19	30	16	27	133	298	3.008662
20	31	17	28	57	151	2.517792
31	42	30	41	55	148	1.769837
32	43	31	42	244	388	2.900160
82	93	81	92	208	255	1.969801
96	107	95	106	45	353	1.252194
97	108	96	107	169	105	1.732125
98	109	97	108	18	180	1.503133
101	112	100	111	93	14	2.993530
102	113	101	112	262	363	3.136582
103	114	102	113	299	218	3.342499
104	115	103	114	145	162	3.710292
