start1	end1	start2	end2	frag1	frag2	frag_rmsd
30	41	7	18	316	167	2.744047
33	44	10	21	320	73	2.671755
98	109	66	77	107	318	2.418216
120	131	88	99	157	218	2.398060
122	133	90	101	28	10	2.196024
123	134	91	102	40	2	2.406057
124	135	92	103	58	155	2.905168
125	136	93	104	205	55	2.529426
126	137	94	105	388	241	2.709475
150	161	118	129	386	374	2.195278
151	162	119	130	86	80	2.813168
152	163	120	131	125	207	2.298237
153	164	121	132	90	148	3.369318
155	166	123	134	77	359	2.382337
156	167	124	135	119	372	3.184701
159	170	127	138	223	123	1.416700
160	171	128	139	111	4	0.994513
176	187	141	152	302	54	1.822938
177	188	142	153	132	178	2.174432
178	189	143	154	356	84	1.970757
179	190	144	155	84	356	1.970757
181	192	146	157	322	61	1.532523
182	193	147	158	126	42	2.008935
215	226	168	179	0	27	0.813956
217	228	170	181	0	35	1.003458
229	240	181	192	395	248	1.997362
232	243	184	195	322	132	1.945705
233	244	185	196	389	61	1.926015
249	260	196	207	395	126	1.849402
250	261	197	208	132	322	1.945705
253	264	200	211	167	162	2.657010
258	269	205	216	363	393	3.168032
262	273	209	220	322	360	1.453720
273	284	222	233	57	132	1.551260
275	286	224	235	322	126	2.289807
276	287	225	236	258	313	2.044899
283	294	232	243	398	310	3.382742
284	295	233	244	158	84	2.726643
285	296	234	245	106	132	2.299289
323	334	248	259	16	0	0.775259
325	336	250	261	196	0	1.046929
329	340	254	265	27	188	1.929843
330	341	255	266	188	25	2.082213
341	352	269	280	43	0	3.289124
342	353	270	281	95	0	2.781651
343	354	271	282	147	0	2.633464
344	355	272	283	4	0	1.783926
