start1	end1	start2	end2	frag1	frag2	frag_rmsd
3	14	5	16	360	322	1.453720
15	26	17	28	60	169	1.967618
18	29	20	31	154	124	2.667896
19	30	21	32	295	162	3.178064
20	31	22	33	122	99	3.251304
26	37	28	39	272	3	2.548933
28	39	30	41	198	74	3.018816
33	44	35	46	84	258	2.915962
37	48	39	50	360	84	1.521872
51	62	53	64	162	351	2.473278
65	76	67	78	5	26	2.797243
79	90	81	92	132	360	2.169218
81	92	83	94	61	258	1.652270
82	93	84	95	28	162	1.560721
83	94	85	96	7	122	2.510319
87	98	89	100	63	305	2.524026
120	131	121	132	258	357	1.886183
122	133	123	134	148	318	2.921868
133	144	137	148	383	210	3.845074
134	145	138	149	386	56	2.727061
135	146	139	150	343	32	4.139821
136	147	140	151	190	129	3.271171
137	148	141	152	51	371	1.963017
138	149	142	153	241	147	1.629783
139	150	143	154	111	4	0.994513
140	151	144	155	121	0	0.992640
141	152	145	156	27	0	0.813956
174	185	179	190	53	231	2.836637
175	186	180	191	72	90	2.571062
177	188	182	193	315	381	3.051232
178	189	183	194	325	307	2.398407
202	213	209	220	124	107	3.554956
204	215	211	222	248	395	1.997362
205	216	212	223	392	143	2.200380
220	231	226	237	0	4	1.783926
232	243	238	249	318	61	2.627923
233	244	239	250	258	198	1.817841
234	245	240	251	389	357	2.593199
245	256	257	268	27	0	0.813956
247	258	259	270	16	35	1.607878
248	259	260	271	0	35	1.003458
254	265	266	277	164	256	2.413952
