start1	end1	start2	end2	frag1	frag2	frag_rmsd
14	25	14	25	33	288	1.743390
58	69	58	69	337	32	3.444116
60	71	60	71	390	128	2.944982
61	72	61	72	128	82	2.999468
102	113	102	113	216	223	2.223151
