start1	end1	start2	end2	frag1	frag2	frag_rmsd
6	17	2	13	122	329	1.972439
25	36	20	31	158	392	2.916314
107	118	104	115	27	111	1.266595
129	140	126	137	360	248	3.051493
148	159	143	154	16	0	0.775259
152	163	147	158	16	0	0.775259
189	200	184	195	356	84	1.970757
203	214	198	209	27	23	1.068713
221	232	216	227	239	185	2.749889
223	234	218	229	210	68	3.036326
227	238	222	233	261	59	3.077335
230	241	225	236	221	164	3.191143
231	242	226	237	182	29	1.423903
233	244	228	239	145	86	1.664823
234	245	229	240	125	225	2.024259
254	265	249	260	322	360	1.453720
266	277	261	272	351	341	3.209707
