start1	end1	start2	end2	frag1	frag2	frag_rmsd
34	45	43	54	379	302	2.457672
65	76	76	87	132	360	2.169218
67	78	78	89	61	360	1.959112
68	79	79	90	258	61	1.652270
69	80	80	91	106	28	3.220922
70	81	81	92	176	2	3.587654
71	82	82	93	351	140	4.334194
72	83	83	94	115	209	3.473805
73	84	84	95	214	241	3.214486
74	85	85	96	354	202	3.803645
75	86	86	97	280	338	3.110332
76	87	87	98	131	150	3.143253
77	88	88	99	321	82	3.387487
78	89	89	100	108	300	3.986156
79	90	90	101	202	113	3.702958
80	91	91	102	214	108	2.527123
107	118	126	137	318	84	2.776911
112	123	131	142	81	220	2.536266
114	125	133	144	397	111	2.155171
115	126	134	145	121	196	1.241736
116	127	135	146	37	27	1.805376
127	138	151	162	0	121	0.992640
128	139	152	163	0	27	0.813956
150	161	172	183	258	61	1.652270
151	162	173	184	357	392	2.035569
167	178	193	204	188	0	1.887540
168	179	194	205	25	0	3.096916
179	190	209	220	310	357	3.043951
180	191	210	221	80	106	2.490943
196	207	240	251	0	127	0.813264
197	208	241	252	0	16	0.775259
209	220	256	267	91	392	2.022503
215	226	262	273	191	148	2.267190
216	227	263	274	388	309	2.948507
217	228	264	275	172	189	2.660044
218	229	265	276	69	172	2.837507
229	240	280	291	47	325	2.065922
236	247	287	298	239	389	2.206659
237	248	288	299	374	215	2.387500
239	250	290	301	205	334	2.027607
242	253	293	304	75	214	2.776051
243	254	294	305	354	358	3.071152
244	255	295	306	82	336	2.722974
249	260	300	311	302	165	2.626395
250	261	301	312	74	392	2.779359
256	267	307	318	310	140	3.331833
