start1	end1	start2	end2	frag1	frag2	frag_rmsd
3	14	3	14	57	356	1.996521
7	18	7	18	126	357	2.400813
12	23	12	23	61	389	1.926015
14	25	14	25	96	102	1.905251
19	30	19	30	302	157	1.373132
20	31	20	31	132	74	2.503655
23	34	23	34	126	395	1.849402
27	38	27	38	270	74	2.419552
29	40	29	40	343	328	1.513701
30	41	30	41	207	58	2.282401
34	45	34	45	151	398	2.424902
57	68	56	67	44	119	2.044452
58	69	57	68	276	376	2.642037
86	97	84	95	157	316	2.679901
100	111	101	112	178	322	2.937380
101	112	102	113	248	322	2.535011
102	113	103	114	42	126	2.008935
103	114	104	115	258	322	2.166966
121	132	122	133	57	107	2.508886
123	134	124	135	322	357	2.219787
124	135	125	136	126	389	2.201165
141	152	142	153	357	10	2.250248
157	168	156	167	184	240	1.274780
158	169	157	168	56	188	3.898267
161	172	160	171	294	339	2.275774
179	190	177	188	335	367	3.629585
180	191	178	189	200	365	2.605423
206	217	190	201	183	357	2.467299
211	222	195	206	297	162	2.762471
220	231	204	215	132	322	1.945705
254	265	217	228	106	208	2.633758
256	267	219	230	211	348	2.148105
279	290	240	251	378	88	2.803925
280	291	241	252	301	146	2.719791
285	296	246	257	360	322	1.453720
296	307	265	276	126	84	1.909341
298	309	267	278	313	389	2.390236
304	315	273	284	133	314	2.775255
341	352	294	305	359	283	2.495380
344	355	297	308	371	95	2.542504
348	359	301	312	127	0	0.813264
349	360	302	313	87	188	1.255021
350	361	303	314	24	25	2.346644
353	364	306	317	298	307	3.042097
354	365	307	318	253	151	2.347071
355	366	308	319	57	302	2.286634
356	367	309	320	42	84	2.426355
357	368	310	321	357	322	2.219787
363	374	316	327	7	329	2.127910
368	379	321	332	397	105	2.709777
369	380	322	333	90	144	3.008314
394	405	335	346	148	265	2.538074
395	406	336	347	189	286	3.098272
396	407	337	348	299	282	3.143333
397	408	338	349	2	372	2.761195
400	411	341	352	45	123	1.488609
401	412	342	353	111	105	1.800114
404	415	345	356	49	104	2.713771
406	417	347	358	24	97	3.042521
407	418	348	359	302	362	1.914259
410	421	351	362	356	84	1.970757
411	422	352	363	322	360	1.453720
413	424	354	365	360	357	2.658914
415	426	356	367	42	392	2.128589
416	427	357	368	158	323	2.741083
417	428	358	369	239	293	2.280486
