start1	end1	start2	end2	frag1	frag2	frag_rmsd
1	12	1	12	15	23	1.595702
2	13	2	13	278	220	1.552050
3	14	3	14	23	15	1.595702
5	16	5	16	121	196	1.241736
6	17	6	17	0	273	1.419073
7	18	7	18	0	184	1.197355
8	19	8	19	0	184	1.197355
9	20	9	20	0	121	0.992640
