start1	end1	start2	end2	frag1	frag2	frag_rmsd
30	41	20	31	255	208	1.969801
33	44	23	34	360	84	1.521872
36	47	26	37	323	293	1.968250
38	49	28	39	13	266	1.425161
41	52	31	42	375	393	2.214683
43	54	33	44	91	226	2.048829
86	97	65	76	126	84	1.909341
87	98	66	77	322	126	2.289807
88	99	67	78	360	322	1.453720
90	101	69	80	357	322	2.219787
102	113	88	99	248	42	2.280307
103	114	89	100	42	126	2.008935
104	115	90	101	322	126	2.289807
