start1	end1	start2	end2	frag1	frag2	frag_rmsd
13	24	8	19	0	121	0.992640
14	25	9	20	0	27	0.813956
30	41	27	38	57	132	1.551260
69	80	67	78	368	151	4.067126
70	81	68	79	284	373	3.774410
81	92	80	91	16	260	1.076875
93	104	93	104	174	178	2.867621
94	105	94	105	379	57	2.336006
102	113	102	113	373	39	2.559497
103	114	103	114	163	68	2.208242
104	115	104	115	155	114	3.375420
107	118	107	118	190	125	2.408132
108	119	108	119	89	216	2.255267
128	139	146	157	202	328	2.635217
129	140	147	158	58	192	1.504351
130	141	148	159	55	21	2.054944
132	143	150	161	325	226	2.023575
149	160	170	181	271	260	1.852839
160	171	181	192	123	111	1.875625
161	172	182	193	4	0	1.783926
162	173	183	194	0	35	1.003458
207	218	228	239	318	297	2.590663
212	223	233	244	268	189	2.924505
235	246	244	255	121	227	3.365420
236	247	245	256	27	147	2.242172
237	248	246	257	0	220	1.838539
238	249	247	258	0	121	0.992640
239	250	248	259	0	27	0.813956
240	251	249	260	0	121	0.992640
242	253	251	262	35	127	1.273794
243	254	252	263	35	149	1.967607
244	255	253	264	245	180	2.111028
245	256	254	265	5	380	3.471863
246	257	255	266	5	88	3.669010
247	258	256	267	217	93	3.951737
248	259	257	268	217	171	3.884736
249	260	258	269	16	274	4.642282
250	261	259	270	16	193	3.373114
