start1	end1	start2	end2	frag1	frag2	frag_rmsd
18	29	14	25	0	127	0.813264
21	32	17	28	127	37	1.685836
24	35	20	31	77	359	2.382337
30	41	26	37	298	91	2.033592
31	42	27	38	395	356	3.030611
32	43	28	39	132	322	1.945705
40	51	36	47	365	133	2.941455
41	52	37	48	174	383	2.663198
42	53	38	49	218	383	2.744119
45	56	41	52	247	275	3.491761
47	58	43	54	369	276	1.368954
48	59	44	55	141	227	1.668724
49	60	45	56	371	223	1.695846
50	61	46	57	169	111	1.734636
51	62	47	58	60	149	1.545532
52	63	48	59	12	24	1.462726
67	78	59	70	0	16	0.775259
68	79	60	71	0	184	1.197355
69	80	61	72	0	184	1.197355
70	81	62	73	16	127	1.158335
71	82	63	74	0	149	2.014982
72	83	64	75	0	180	2.874788
73	84	65	76	0	79	3.375159
74	85	66	77	0	139	3.909038
75	86	67	78	35	376	3.713412
76	87	68	79	166	254	4.253035
77	88	69	80	235	171	4.228675
78	89	70	81	277	267	3.285140
79	90	71	82	288	161	3.817944
80	91	72	83	335	294	3.357068
81	92	73	84	66	396	2.576293
82	93	74	85	347	394	2.069388
83	94	75	86	125	4	2.464543
84	95	76	87	184	121	1.193672
85	96	77	88	216	27	2.035106
86	97	78	89	27	0	0.813956
95	106	87	98	0	16	0.775259
99	110	91	102	0	184	1.197355
107	118	99	110	1	231	2.336576
110	121	102	113	111	4	0.994513
137	148	130	141	369	141	2.433557
139	150	132	143	147	4	1.800516
144	155	137	148	127	0	0.813264
145	156	138	149	260	0	1.731263
146	157	139	150	49	0	1.806828
147	158	140	151	37	0	1.968723
148	159	141	152	24	16	2.499958
166	177	160	171	127	16	1.158335
170	181	164	175	273	184	1.674643
189	200	183	194	127	0	0.813264
200	211	198	209	329	7	2.127910
203	214	201	212	59	128	2.692989
205	216	203	214	156	333	2.507667
206	217	204	215	48	120	3.448920
207	218	205	216	274	364	1.999522
208	219	206	217	138	202	3.387952
209	220	207	218	32	344	3.402394
210	221	208	219	275	175	3.031307
211	222	209	220	251	378	3.270307
212	223	210	221	33	47	3.110701
213	224	211	222	232	355	2.143807
214	225	212	223	34	363	3.284685
216	227	214	225	351	374	2.405416
221	232	219	230	4	111	0.994513
235	246	233	244	118	149	1.094155
236	247	234	245	251	110	1.356883
