start1	end1	start2	end2	frag1	frag2	frag_rmsd
6	17	6	17	358	130	2.067353
8	19	8	19	276	85	3.208497
10	21	10	21	36	308	2.556743
13	24	13	24	26	216	1.454310
16	27	16	27	0	16	0.775259
33	44	32	43	328	343	1.513701
67	78	63	74	352	299	2.856319
89	100	84	95	232	93	2.165914
90	101	85	96	103	34	3.089630
91	102	86	97	160	337	3.041217
93	104	88	99	344	219	3.389940
97	108	92	103	396	95	2.153849
