start1	end1	start2	end2	frag1	frag2	frag_rmsd
34	45	34	45	150	152	2.343118
52	63	52	63	285	133	1.901995
54	65	54	65	356	395	3.030611
55	66	55	66	239	348	3.021160
57	68	57	68	92	40	1.759016
58	69	58	69	64	140	2.456896
59	70	59	70	182	85	2.994343
60	71	60	71	364	354	2.805495
61	72	61	72	193	160	2.129072
82	93	82	93	68	92	2.546092
84	95	84	95	38	14	3.185908
85	96	85	96	281	179	2.644974
87	98	87	98	202	372	2.168379
89	100	89	100	254	307	3.195801
91	102	91	102	206	193	1.868331
98	109	98	109	143	74	2.114755
99	110	99	110	318	187	2.503665
100	111	100	111	106	198	2.191348
119	130	119	130	0	127	0.813264
