start1	end1	start2	end2	frag1	frag2	frag_rmsd
13	24	9	20	150	109	2.926030
33	44	30	41	139	93	3.250178
34	45	31	42	252	113	1.744519
61	72	60	71	64	146	1.629420
