start1	end1	start2	end2	frag1	frag2	frag_rmsd
3	14	2	13	205	298	2.981086
4	15	3	14	209	67	3.337049
5	16	4	15	364	373	2.435927
6	17	5	16	202	2	2.509539
7	18	6	17	369	194	1.775960
30	41	29	40	35	0	1.003458
31	42	30	41	35	0	1.003458
46	57	45	56	16	0	0.775259
47	58	46	57	0	127	0.813264
48	59	47	58	127	16	1.158335
49	60	48	59	149	0	2.014982
50	61	49	60	180	196	3.358089
51	62	50	61	77	273	3.427024
52	63	51	62	76	35	3.346155
