start1	end1	start2	end2	frag1	frag2	frag_rmsd
1	12	3	14	216	45	1.903162
2	13	4	15	23	4	1.335798
3	14	5	16	27	0	0.813956
36	47	38	49	127	35	1.273794
47	58	51	62	179	11	2.773768
48	59	52	63	222	69	2.417719
49	60	53	64	165	205	2.675090
50	61	54	65	208	151	2.827388
51	62	55	66	173	185	3.029200
52	63	56	67	348	351	3.054554
62	73	66	77	99	160	2.486686
76	87	80	91	196	0	1.046929
78	89	82	93	16	273	1.325929
80	91	84	95	196	121	1.241736
86	97	90	101	240	184	1.274780
92	103	96	107	101	337	3.289438
93	104	97	108	385	336	3.557305
94	105	98	109	361	195	3.560241
95	106	99	110	159	227	3.523259
96	107	100	111	286	199	2.983576
97	108	101	112	136	12	3.391592
98	109	102	113	231	339	3.334788
99	110	103	114	396	354	3.027536
100	111	104	115	123	153	2.834311
101	112	105	116	4	137	2.251007
102	113	106	117	0	15	2.000338
103	114	107	118	0	371	2.685353
104	115	108	119	0	111	1.805292
159	170	150	161	0	127	0.813264
160	171	151	162	127	35	1.273794
161	172	152	163	149	35	1.967607
162	173	153	164	251	166	2.755078
163	174	154	165	287	277	1.480842
164	175	155	166	119	288	2.819475
165	176	156	167	340	6	3.333619
