start1	end1	start2	end2	frag1	frag2	frag_rmsd
1	12	2	13	339	0	3.174721
2	13	3	14	206	0	3.723209
3	14	4	15	197	0	3.044229
4	15	5	16	51	0	3.087146
5	16	6	17	45	0	2.973760
6	17	7	18	4	0	1.783926
10	21	11	22	127	35	1.273794
57	68	62	73	119	139	2.402640
61	72	66	77	282	110	2.391114
71	82	76	87	0	35	1.003458
73	84	78	89	260	16	1.076875
74	85	79	90	170	0	1.959205
77	88	82	93	240	16	1.850213
106	117	111	122	51	141	1.428009
117	128	122	133	27	111	1.266595
118	129	123	134	0	240	1.998148
119	130	124	135	0	121	0.992640
120	131	125	136	0	27	0.813956
136	147	140	151	51	141	1.428009
161	172	165	176	0	127	0.813264
162	173	166	177	0	16	0.775259
164	175	168	179	0	196	1.046929
174	185	178	189	35	0	1.003458
188	199	192	203	217	27	1.512015
192	203	196	207	184	0	1.197355
193	204	197	208	184	0	1.197355
196	207	200	211	27	0	0.813956
203	214	207	218	188	0	1.887540
204	215	208	219	338	0	3.404800
205	216	209	220	100	0	3.742448
