start1	end1	start2	end2	frag1	frag2	frag_rmsd
1	12	8	19	250	393	2.576258
2	13	9	20	48	342	2.998639
3	14	10	21	39	182	2.830746
4	15	11	22	19	39	2.401518
5	16	12	23	209	358	3.584333
6	17	13	24	275	358	2.989307
10	21	17	28	200	365	2.605423
14	25	21	32	345	194	1.854317
20	31	27	38	0	35	1.003458
21	32	28	39	0	35	1.003458
23	34	30	41	368	94	2.306554
34	45	41	52	152	114	3.103849
35	46	42	53	112	11	3.554612
36	47	43	54	342	11	3.801933
38	49	45	56	349	3	2.864109
39	50	46	57	373	299	2.344651
40	51	47	58	56	79	3.273888
42	53	49	60	276	304	3.637918
43	54	50	61	394	390	3.557958
44	55	51	62	394	324	3.735018
45	56	52	63	179	164	2.678352
46	57	53	64	284	349	3.888089
47	58	54	65	79	274	3.090078
48	59	55	66	44	86	3.030247
49	60	56	67	273	194	2.893878
50	61	57	68	65	141	2.029741
51	62	58	69	216	45	1.903162
52	63	59	70	111	4	0.994513
54	65	61	72	0	16	0.775259
55	66	62	73	0	16	0.775259
