start1	end1	start2	end2	frag1	frag2	frag_rmsd
6	17	37	48	178	54	2.265003
9	20	40	51	84	132	2.205557
22	33	55	66	71	115	3.130830
24	35	57	68	208	307	2.658720
26	37	59	70	302	356	3.010953
29	40	62	73	158	204	2.660397
30	41	63	74	239	73	2.758258
31	42	64	75	56	138	1.966884
32	43	65	76	292	32	2.035472
34	45	67	78	227	65	2.070036
35	46	68	79	223	147	1.957202
36	47	69	80	4	23	1.335798
37	48	70	81	0	27	0.813956
38	49	71	82	0	16	0.775259
41	52	74	85	180	69	2.035206
42	53	75	86	168	294	2.866999
43	54	76	87	154	278	2.519580
44	55	77	88	299	199	3.522868
45	56	78	89	30	199	2.878776
46	57	79	90	43	76	3.536614
47	58	80	91	55	249	3.014282
48	59	81	92	214	75	2.776051
49	60	82	93	243	34	3.614341
51	62	84	95	131	342	2.883151
52	63	85	96	229	174	3.169397
53	64	86	97	301	54	3.091302
56	67	89	100	258	126	2.311822
57	68	90	101	293	258	3.020250
58	69	91	102	73	386	3.160478
59	70	92	103	13	102	2.280470
60	71	93	104	213	117	2.137352
61	72	94	105	98	128	2.841065
62	73	95	106	200	189	3.543256
64	75	97	108	131	109	3.420015
65	76	98	109	117	138	3.037470
66	77	99	110	275	276	3.345347
67	78	100	111	305	227	3.317051
68	79	101	112	9	394	3.866956
69	80	102	113	129	105	3.518405
70	81	103	114	396	25	3.266326
71	82	104	115	179	235	3.703504
72	83	105	116	110	104	3.484094
73	84	106	117	168	232	3.509925
74	85	107	118	208	363	3.585966
75	86	108	119	298	302	2.577986
76	87	109	120	151	57	2.517792
77	88	110	121	42	84	2.426355
89	100	121	132	135	147	2.669320
90	101	122	133	397	23	1.877845
91	102	123	134	15	121	1.660020
97	108	129	140	0	16	0.775259
98	109	130	141	0	35	1.003458
99	110	131	142	0	368	2.061254
100	111	132	143	188	144	1.413047
112	123	143	154	362	233	3.271697
113	124	144	155	255	307	2.501596
114	125	145	156	151	97	2.941270
115	126	146	157	356	302	3.010953
119	130	150	161	258	313	2.044899
121	132	152	163	96	13	1.738752
128	139	159	170	357	126	2.400813
129	140	160	171	389	61	1.926015
145	156	175	186	0	16	0.775259
149	160	179	190	338	25	1.152231
150	161	180	191	100	69	1.602674
151	162	181	192	33	294	2.272830
152	163	182	193	134	366	2.121858
154	165	184	195	30	385	3.463468
155	166	185	196	177	342	2.749518
157	168	187	198	301	97	2.847391
158	169	188	199	91	107	2.649081
159	170	189	200	356	84	1.970757
160	171	190	201	84	126	1.909341
161	172	191	202	389	313	2.390236
162	173	192	203	28	374	1.355458
