start1	end1	start2	end2	frag1	frag2	frag_rmsd
13	24	9	20	360	84	1.521872
14	25	10	21	126	389	2.201165
15	26	11	22	322	374	2.991871
16	27	12	23	389	92	3.655794
17	28	13	24	28	10	2.196024
18	29	14	25	38	85	3.407406
19	30	15	26	117	274	3.219993
20	31	16	27	390	19	3.758645
21	32	17	28	301	177	3.767217
22	33	18	29	298	229	2.827005
23	34	19	30	57	255	2.817073
24	35	20	31	84	91	2.901645
25	36	21	32	132	356	2.067486
26	37	22	33	322	258	2.166966
27	38	23	34	61	293	3.323138
55	66	50	61	107	57	2.508886
66	77	62	73	126	178	2.925571
