start1	end1	start2	end2	frag1	frag2	frag_rmsd
1	12	2	13	310	158	2.602228
2	13	3	14	74	198	3.018816
3	14	4	15	198	334	3.247804
4	15	5	16	248	183	2.568740
5	16	6	17	334	29	3.491019
6	17	7	18	183	373	3.479688
7	18	8	19	29	19	3.141383
8	19	9	20	373	213	3.681677
9	20	10	21	38	390	4.558270
10	21	11	22	117	301	4.682565
11	22	12	23	390	298	4.269008
12	23	13	24	301	57	4.101877
13	24	14	25	298	84	4.475296
29	40	29	40	322	57	2.446228
30	41	30	41	84	126	1.909341
41	52	41	52	106	157	3.547877
71	82	68	79	158	13	5.667261
72	83	69	80	198	330	6.978729
73	84	70	81	10	367	6.668522
74	85	71	82	191	365	5.137730
75	86	72	83	138	133	5.008559
76	87	73	84	32	57	5.767061
77	88	74	85	177	61	6.354075
78	89	75	86	22	158	5.093387
79	90	76	87	255	198	3.283857
80	91	77	88	97	391	3.401056
81	92	78	89	302	386	3.708542
82	93	79	90	208	138	4.843336
83	94	80	91	392	32	6.069096
84	95	81	92	84	177	6.376104
85	96	82	93	126	22	5.980427
86	97	83	94	258	388	4.806057
87	98	84	95	167	97	4.331104
88	99	85	96	68	362	2.941928
89	100	86	97	114	248	2.645404
