start1	end1	start2	end2	frag1	frag2	frag_rmsd
3	14	3	14	322	84	1.955336
4	15	4	15	198	42	2.139345
5	16	5	16	158	357	2.494890
7	18	7	18	109	373	3.355991
19	30	19	30	28	320	2.315284
39	50	39	50	250	285	2.181254
43	54	43	54	357	360	2.658914
44	55	44	55	395	248	1.997362
55	66	55	66	162	28	1.560721
65	76	65	76	107	356	1.430031
66	77	66	77	348	61	2.472281
67	78	67	78	374	162	2.026859
74	85	74	85	302	91	2.022399
79	90	79	90	10	391	2.250856
80	91	80	91	386	191	2.742571
84	95	84	95	388	22	2.479205
88	99	88	99	248	84	2.774836
91	102	91	102	126	84	1.909341
92	103	92	103	322	318	2.608682
93	104	93	104	126	389	2.201165
105	116	108	119	248	357	1.838513
106	117	109	120	392	395	1.956324
110	121	113	124	360	322	1.453720
111	122	114	125	360	84	1.521872
113	124	116	127	258	61	1.652270
