start1	end1	start2	end2	frag1	frag2	frag_rmsd
13	24	11	22	248	205	2.958248
14	25	12	23	323	379	2.385592
18	29	16	27	51	21	3.175818
35	46	33	44	84	57	2.559962
36	47	34	45	126	132	2.227804
47	58	45	56	28	114	1.637541
55	66	53	64	111	4	0.994513
