start1	end1	start2	end2	frag1	frag2	frag_rmsd
6	17	6	17	169	226	2.850649
7	18	7	18	24	263	2.939411
10	21	10	21	392	178	1.899502
25	36	27	38	80	391	2.405700
37	48	40	51	114	190	2.532336
38	49	41	52	56	309	2.165861
39	50	42	53	1	145	2.392532
40	51	43	54	95	220	2.812695
41	52	44	55	45	216	1.903162
43	54	46	57	166	144	1.768288
49	60	52	63	310	174	3.040252
53	64	56	67	178	143	1.650270
65	76	68	79	150	20	2.215790
68	79	71	82	393	314	2.541582
70	81	73	84	143	318	2.218027
72	83	75	86	392	178	1.899502
83	94	87	98	28	167	2.361477
88	99	92	103	363	365	2.484110
