start1	end1	start2	end2	frag1	frag2	frag_rmsd
15	26	14	25	127	0	0.813264
136	147	81	92	106	215	2.703324
139	150	84	95	241	278	2.319900
140	151	85	96	384	81	2.431312
142	153	87	98	240	220	1.948939
165	176	111	122	392	178	1.899502
166	177	112	123	126	84	1.909341
167	178	113	124	348	270	2.651409
216	227	139	150	126	360	2.237959
218	229	141	152	167	158	1.812316
219	230	142	153	239	215	1.429311
220	231	143	154	38	56	2.363646
225	236	148	159	226	325	2.023575
226	237	149	160	107	151	2.864918
227	238	150	161	318	178	2.393558
228	239	151	162	389	84	2.785233
239	250	167	178	397	0	2.428588
240	251	168	179	216	0	1.961923
241	252	169	180	111	0	1.805292
246	257	174	185	338	25	1.152231
247	258	175	186	100	161	0.978809
248	259	176	187	33	287	2.385081
249	260	177	188	6	232	1.900358
251	262	179	190	174	363	2.440306
252	263	180	191	54	302	1.822938
288	299	211	222	216	45	1.903162
289	300	212	223	111	169	1.734636
290	301	213	224	27	273	1.481073
338	349	253	264	0	127	0.813264
