start1	end1	start2	end2	frag1	frag2	frag_rmsd
1	12	2	13	328	292	2.946322
9	20	10	21	0	35	1.003458
19	30	20	31	84	107	2.480937
