start1	end1	start2	end2	frag1	frag2	frag_rmsd
32	43	32	43	126	203	3.096810
48	59	48	59	365	133	2.941455
74	85	74	85	313	258	2.044899
81	92	81	92	272	157	2.542345
87	98	87	98	22	141	1.438165
