start1	end1	start2	end2	frag1	frag2	frag_rmsd
4	15	8	19	248	309	2.728816
5	16	9	20	379	310	2.615701
6	17	10	21	310	334	2.654164
7	18	11	22	204	19	3.057682
8	19	12	23	358	274	2.773524
19	30	23	34	126	360	2.237959
24	35	28	39	150	20	2.215790
55	66	56	67	200	375	3.058529
66	77	67	78	112	361	3.296315
70	81	71	82	356	57	1.996521
71	82	72	83	84	126	1.909341
72	83	73	84	61	258	1.652270
73	84	74	85	323	389	2.182032
75	86	76	87	13	266	1.425161
