start1	end1	start2	end2	frag1	frag2	frag_rmsd
60	71	45	56	348	178	3.280267
61	72	46	57	167	185	3.370514
63	74	48	59	80	68	2.917939
71	82	56	67	29	54	2.997359
83	94	67	78	274	299	2.462843
84	95	68	79	116	210	2.716631
87	98	71	82	128	375	2.998520
93	104	77	88	20	150	2.215790
99	110	83	94	117	102	2.753113
102	113	86	97	164	98	2.496244
106	117	90	101	84	132	2.205557
