start1	end1	start2	end2	frag1	frag2	frag_rmsd
14	25	14	25	183	205	1.941978
19	30	19	30	386	246	2.014472
34	45	34	45	0	16	0.775259
35	46	35	46	0	127	0.813264
36	47	36	47	188	144	1.413047
39	50	39	50	288	88	2.629394
40	51	40	51	6	232	1.900358
42	53	42	53	174	3	2.344203
43	54	43	54	57	218	2.786883
44	55	44	55	167	316	2.744047
45	56	45	56	293	239	2.280486
