start1	end1	start2	end2	frag1	frag2	frag_rmsd
17	28	16	27	80	203	1.863941
23	34	22	33	367	375	2.523916
24	35	23	34	156	363	2.308899
25	36	24	35	174	272	3.132161
26	37	25	36	253	318	3.027114
30	41	29	40	204	373	2.503620
42	53	41	52	292	138	2.059222
