start1	end1	start2	end2	frag1	frag2	frag_rmsd
4	15	1	12	23	4	1.335798
7	18	4	15	235	277	1.734496
12	23	9	20	194	346	1.855001
18	29	15	26	271	338	1.431102
30	41	27	38	111	4	0.994513
