start1	end1	start2	end2	frag1	frag2	frag_rmsd
9	20	2	13	337	160	3.041217
10	21	3	14	345	231	1.953593
11	22	4	15	141	95	1.602886
14	25	7	18	0	35	1.003458
18	29	11	22	25	338	1.152231
19	30	12	23	235	100	1.231875
22	33	15	26	164	34	2.524144
23	34	16	27	363	98	3.144237
24	35	17	28	383	155	3.053215
25	36	18	29	379	185	2.721637
26	37	19	30	386	152	3.700724
27	38	20	31	56	274	2.377615
29	40	22	33	345	129	2.656148
37	48	30	41	16	0	0.775259
39	50	32	43	196	0	1.046929
40	51	33	44	368	0	2.061254
