start1	end1	start2	end2	frag1	frag2	frag_rmsd
9	20	2	13	128	59	2.692989
10	21	3	14	375	365	1.934439
11	22	4	15	250	156	2.358639
13	24	6	17	19	274	2.537577
14	25	7	18	213	275	3.005024
16	27	9	20	301	146	2.719791
17	28	10	21	298	113	2.933141
18	29	11	22	349	226	2.835183
19	30	12	23	323	29	2.895201
20	31	13	24	73	382	2.980472
21	32	14	25	13	266	1.425161
26	37	19	30	274	382	2.444288
27	38	20	31	138	38	2.473026
28	39	21	32	192	213	2.401294
29	40	22	33	229	390	2.341461
30	41	23	34	71	301	2.996809
31	42	24	35	173	262	2.838728
37	48	30	41	375	393	2.214683
38	49	31	42	156	164	1.408711
39	50	32	43	174	165	2.328888
40	51	33	44	274	373	2.275822
41	52	34	45	19	247	2.288725
42	53	35	46	213	78	2.359219
44	55	37	48	71	301	2.996809
45	56	38	49	226	298	2.107868
46	57	39	50	398	29	2.328114
47	58	40	51	116	73	2.465220
48	59	41	52	266	13	1.425161
