start1	end1	start2	end2	frag1	frag2	frag_rmsd
5	16	1	12	151	286	4.350892
6	17	2	13	398	193	3.643141
27	38	18	29	358	150	2.344975
28	39	19	30	117	292	2.762161
29	40	20	31	390	195	3.189056
30	41	21	32	301	65	4.057421
31	42	22	33	182	388	2.997735
32	43	23	34	299	282	3.143333
33	44	24	35	391	287	4.919245
34	45	25	36	10	50	4.230318
45	56	36	47	59	248	7.206108
46	57	37	48	375	392	6.768401
47	58	38	49	363	297	4.646804
48	59	39	50	91	116	4.722268
49	60	40	51	132	96	6.494464
50	61	41	52	84	20	8.255618
61	72	52	63	375	329	6.683162
73	84	63	74	297	126	3.333791
74	85	64	75	246	258	3.116606
75	86	65	76	96	389	5.025908
76	87	66	77	20	28	5.515286
77	88	67	78	59	96	4.796269
78	89	68	79	300	20	4.994033
99	110	93	104	392	298	3.485804
100	111	94	105	126	91	3.096876
101	112	95	106	258	107	3.275639
102	113	96	107	10	322	3.566495
103	114	97	108	68	322	3.787442
104	115	98	109	152	389	4.591571
105	116	99	110	150	28	4.434270
106	117	100	111	83	38	3.181482
107	118	101	112	390	194	4.050814
108	119	102	113	375	327	4.213509
109	120	103	114	298	82	5.188150
110	121	104	115	91	340	5.506008
111	122	105	116	107	219	4.652112
112	123	106	117	360	21	5.562213
113	124	107	118	61	71	4.619848
114	125	108	119	61	226	4.455100
115	126	109	120	198	107	3.386299
128	139	123	134	91	371	4.618594
129	140	124	135	356	111	5.502228
130	141	125	136	360	0	5.622789
141	152	136	147	225	39	3.625774
142	153	137	148	51	331	4.197775
143	154	138	149	45	54	4.271934
144	155	139	150	4	178	4.746859
145	156	140	151	0	356	5.325770
146	157	141	152	0	348	4.496994
147	158	142	153	0	28	4.736995
148	159	143	154	0	343	3.952198
