start1	end1	start2	end2	frag1	frag2	frag_rmsd
4	15	4	15	87	149	1.474472
19	30	19	30	370	143	2.441360
21	32	21	32	392	248	2.328470
28	39	28	39	304	330	2.895056
29	40	29	40	128	367	2.784997
42	53	42	53	91	157	2.006819
44	55	44	55	360	61	1.959112
49	60	49	60	7	58	2.590663
58	69	58	69	184	121	1.193672
59	70	59	70	121	27	1.355932
77	88	77	88	54	40	3.172050
80	91	80	91	318	178	2.393558
