start1	end1	start2	end2	frag1	frag2	frag_rmsd
1	12	2	13	4	0	1.783926
30	41	31	42	368	87	1.849840
31	42	32	43	18	110	1.771681
32	43	33	44	377	319	2.056732
33	44	34	45	33	295	3.231118
34	45	35	46	6	201	2.321672
35	46	36	47	164	385	3.111742
36	47	37	48	152	275	3.881141
37	48	38	49	292	9	2.837338
38	49	39	50	32	129	2.668096
39	50	40	51	177	396	3.774258
40	51	41	52	36	147	1.887364
41	52	42	53	119	341	3.831217
42	53	43	54	305	196	3.716995
43	54	44	55	326	273	2.864006
44	55	45	56	396	184	3.156730
45	56	46	57	371	121	2.099567
46	57	47	58	111	27	1.266595
63	74	64	75	127	16	1.158335
64	75	65	76	60	87	2.051782
67	78	68	79	168	124	1.824641
68	79	69	80	75	209	2.912251
69	80	70	81	247	364	2.424579
70	81	71	82	292	202	2.911072
73	84	74	85	223	394	1.646543
74	85	75	86	111	70	1.984381
75	86	76	87	16	184	1.241286
76	87	77	88	170	121	1.774213
77	88	78	89	196	27	1.059651
78	89	79	90	273	0	1.419073
79	90	80	91	184	0	1.197355
80	91	81	92	121	0	0.992640
81	92	82	93	27	0	0.813956
104	115	105	116	95	65	2.348324
106	117	107	118	149	169	1.963594
108	119	109	120	339	168	1.861038
114	125	115	126	111	27	1.266595
126	137	127	138	127	0	0.813264
127	138	128	139	35	0	1.003458
128	139	129	140	35	0	1.003458
129	140	130	141	94	0	2.174593
130	141	131	142	94	0	2.174593
131	142	132	143	5	0	1.445826
