start1	end1	start2	end2	frag1	frag2	frag_rmsd
2	13	2	13	157	302	1.373132
21	32	21	32	201	39	2.760696
29	40	29	40	134	335	1.552550
33	44	33	44	59	390	3.703188
38	49	38	49	78	229	2.235105
52	63	52	63	7	329	2.127910
61	72	61	72	357	132	1.964894
70	81	70	81	342	182	3.011760
75	86	75	86	54	255	2.101437
94	105	93	104	254	113	1.777499
96	107	95	106	298	91	2.033592
112	123	110	121	395	357	2.192089
113	124	111	122	392	395	1.956324
