start1	end1	start2	end2	frag1	frag2	frag_rmsd
1	12	5	16	312	140	1.998926
2	13	6	17	378	205	2.595378
3	14	7	18	146	255	2.717476
4	15	8	19	298	91	2.033592
5	16	9	20	178	107	3.215096
6	17	10	21	395	126	1.849402
7	18	11	22	357	322	2.219787
15	26	19	30	240	184	1.274780
18	29	22	33	16	0	0.775259
19	30	23	34	121	0	0.992640
20	31	24	35	27	0	0.813956
21	32	25	36	0	127	0.813264
22	33	26	37	0	260	1.731263
33	44	39	50	320	329	2.324045
34	45	40	51	328	138	2.615349
37	48	43	54	394	347	2.069388
39	50	45	56	0	121	0.992640
51	62	58	69	297	80	2.266320
52	63	59	70	162	351	2.473278
53	64	60	71	7	329	2.127910
64	75	72	83	105	188	1.430055
67	78	75	86	377	321	2.684501
84	95	95	106	260	220	1.820484
85	96	96	107	170	216	2.149608
86	97	97	108	196	27	1.059651
87	98	98	109	273	0	1.419073
88	99	99	110	184	0	1.197355
89	100	100	111	121	0	0.992640
90	101	101	112	27	0	0.813956
101	112	112	123	215	162	2.221407
102	113	113	124	329	122	1.972439
118	129	131	142	72	91	3.896688
119	130	132	143	148	107	4.026361
120	131	133	144	71	318	3.335225
121	132	134	145	226	395	3.263913
122	133	135	146	398	80	3.860205
123	134	136	147	351	211	3.164557
124	135	137	148	343	372	2.617812
125	136	138	149	225	326	2.488373
