start1	end1	start2	end2	frag1	frag2	frag_rmsd
26	37	1	12	57	132	1.551260
27	38	2	13	126	395	1.849402
34	45	9	20	360	322	1.453720
35	46	10	21	61	322	1.532523
36	47	11	22	239	313	2.359216
38	49	13	24	210	73	2.056321
43	54	18	29	221	298	2.475609
44	55	19	30	226	91	2.048829
46	57	21	32	356	84	1.970757
49	60	24	35	61	258	1.652270
82	93	57	68	18	180	1.503133
90	101	65	76	0	127	0.813264
95	106	70	81	35	273	1.854209
99	110	74	85	5	217	1.208122
122	133	97	108	322	80	3.181033
123	134	98	109	322	318	2.608682
124	135	99	110	239	198	2.233619
125	136	100	111	114	187	3.141676
126	137	101	112	38	205	3.462434
127	138	102	113	150	85	3.649045
128	139	103	114	261	280	2.507185
129	140	104	115	304	201	4.301989
130	141	105	116	34	112	4.193691
131	142	106	117	64	361	3.449165
132	143	107	118	229	301	2.428148
133	144	108	119	178	298	2.852471
134	145	109	120	57	356	1.996521
136	147	111	122	132	360	2.169218
137	148	112	123	322	360	1.453720
153	164	128	139	13	266	1.425161
161	172	136	147	370	71	2.349638
162	173	137	148	370	183	2.048987
165	176	140	151	84	322	1.955336
167	178	142	153	84	392	2.236722
179	190	154	165	61	322	1.532523
181	192	156	167	357	322	2.219787
186	197	161	172	102	358	2.219381
191	202	166	177	107	356	1.430031
193	204	168	179	322	360	1.453720
196	207	171	182	28	386	1.926117
