start1	end1	start2	end2	frag1	frag2	frag_rmsd
3	14	9	20	127	0	0.813264
4	15	10	21	16	0	0.775259
5	16	11	22	49	0	1.806828
26	37	30	41	127	307	3.266722
27	38	31	42	16	151	4.325606
28	39	32	43	170	352	3.288944
29	40	33	44	196	56	3.525536
30	41	34	45	368	292	3.978498
31	42	35	46	284	369	3.189876
32	43	36	47	170	227	3.088942
33	44	37	48	238	223	2.068445
34	45	38	49	70	4	1.352136
35	46	39	50	240	0	1.998148
36	47	40	51	121	0	0.992640
37	48	41	52	27	0	0.813956
43	54	47	58	35	0	1.003458
45	56	49	60	350	368	1.598496
47	58	51	62	170	287	1.992976
76	87	80	91	0	16	0.775259
100	111	106	117	16	0	0.775259
120	131	124	135	16	0	0.775259
142	153	137	148	16	0	0.775259
143	154	138	149	16	0	0.775259
145	156	140	151	196	35	1.146322
149	160	144	155	44	37	1.535786
151	162	146	157	16	350	2.000042
152	163	147	158	121	60	1.940590
153	164	148	159	35	279	2.702462
154	165	149	160	368	359	2.624474
155	166	150	161	284	193	3.462892
156	167	151	162	170	231	3.221327
