start1	end1	start2	end2	frag1	frag2	frag_rmsd
3	14	1	12	389	323	2.182032
9	20	7	18	4	169	1.747250
60	71	58	69	0	35	1.003458
67	78	65	76	166	188	1.839547
71	82	69	80	359	396	2.970426
99	110	97	108	0	16	0.775259
139	150	137	148	368	127	1.781241
140	151	138	149	144	118	1.639526
142	153	140	151	380	287	1.753020
147	158	145	156	125	224	1.825593
155	166	153	164	111	37	2.144560
164	175	162	173	121	0	0.992640
208	219	206	217	294	33	2.272830
239	250	237	248	25	338	1.152231
249	260	247	258	0	16	0.775259
296	307	294	305	5	94	1.412501
300	311	298	309	260	16	1.076875
301	312	299	310	170	184	1.844017
302	313	300	311	87	188	1.255021
308	319	306	317	398	29	2.328114
309	320	307	318	162	53	3.173684
318	329	316	327	16	121	1.372802
321	332	319	330	220	240	1.948939
322	333	320	331	196	121	1.241736
344	355	342	353	313	374	2.718253
385	396	383	394	43	1	2.128343
387	398	385	396	147	45	1.713468
391	402	389	400	100	161	0.978809
396	407	394	405	356	107	1.430031
397	408	395	406	258	61	1.652270
408	419	406	417	58	192	1.504351
409	420	407	418	275	78	2.564950
411	422	409	420	311	288	1.718799
412	423	410	421	288	103	2.884283
415	426	413	424	97	54	2.699671
416	427	414	425	302	91	2.022399
417	428	415	426	84	356	1.970757
428	439	426	437	167	379	2.365065
429	440	427	438	293	204	2.075474
450	461	448	459	43	326	2.228664
469	480	467	478	373	382	2.799502
471	482	469	480	150	332	2.960658
475	486	473	484	363	171	2.760622
496	507	494	505	339	124	1.907543
497	508	495	506	226	91	2.048829
501	512	499	510	374	114	1.630636
