start1	end1	start2	end2	frag1	frag2	frag_rmsd
2	13	1	12	334	64	2.485784
12	23	11	22	99	7	2.787127
29	40	28	39	0	127	0.813264
51	62	50	61	395	318	2.216742
52	63	51	62	203	258	2.291121
60	71	59	70	128	336	3.594161
78	89	77	88	275	102	2.474820
88	99	87	98	198	7	2.925963
90	101	89	100	378	229	1.841616
107	118	106	117	0	16	0.775259
113	124	112	123	235	161	1.099262
