start1	end1	start2	end2	frag1	frag2	frag_rmsd
11	22	10	21	58	328	2.302863
12	23	11	22	192	175	2.615046
14	25	13	24	355	361	2.615853
15	26	14	25	366	34	2.884932
16	27	15	26	247	364	2.424579
18	29	17	28	358	213	2.035530
19	30	18	29	78	378	1.620040
21	32	20	31	337	364	2.623148
