start1	end1	start2	end2	frag1	frag2	frag_rmsd
20	31	16	27	50	52	2.835920
43	54	38	49	0	35	1.003458
44	55	39	50	188	166	1.839547
46	57	41	52	235	277	1.734496
48	59	43	54	232	6	1.900358
49	60	44	55	164	363	1.880850
50	61	45	56	174	3	2.344203
52	63	47	58	356	132	2.067486
71	82	67	78	240	184	1.274780
74	85	70	81	0	27	0.813956
87	98	84	95	158	126	2.723694
89	100	86	97	176	389	2.556364
95	106	92	103	48	311	3.296822
97	108	94	105	14	156	3.090739
98	109	95	106	97	3	2.451993
101	112	98	109	107	360	2.749925
