start1	end1	start2	end2	frag1	frag2	frag_rmsd
1	12	4	15	209	189	3.606537
2	13	5	16	219	236	4.165570
3	14	6	17	219	53	3.932438
4	15	7	18	326	225	2.488373
7	18	10	21	4	23	1.335798
13	24	16	27	35	0	1.003458
14	25	17	28	144	188	1.413047
21	32	24	35	238	119	2.352658
25	36	28	39	111	27	1.266595
36	47	39	50	45	89	3.053816
37	48	40	51	4	278	2.304497
38	49	41	52	127	278	2.168514
39	50	42	53	16	184	1.241286
40	51	43	54	87	121	2.008644
