start1	end1	start2	end2	frag1	frag2	frag_rmsd
1	12	1	12	191	328	3.107334
2	13	2	13	274	358	2.773524
3	14	3	14	138	275	2.617606
4	15	4	15	276	82	2.855743
5	16	5	16	195	129	2.851138
6	17	6	17	347	65	2.308913
7	18	7	18	70	223	2.825235
8	19	8	19	16	23	1.580317
