start1	end1	start2	end2	frag1	frag2	frag_rmsd
2	13	3	14	118	60	1.979052
3	14	4	15	17	60	2.255803
5	16	6	17	151	398	2.424902
6	17	7	18	383	398	2.420024
8	19	9	20	357	211	2.966953
29	40	31	42	24	12	1.462726
30	41	32	43	12	124	2.363528
33	44	35	46	290	122	3.792422
34	45	36	47	186	150	3.656696
36	47	38	49	112	200	3.304526
37	48	39	50	342	250	2.585381
40	51	42	53	356	248	2.969552
42	53	44	55	61	356	2.842373
44	55	46	57	126	258	2.311822
45	56	47	58	215	386	2.923910
54	65	56	67	0	16	0.775259
65	76	72	83	282	77	2.065325
68	79	75	86	93	355	2.537338
69	80	76	87	363	302	2.467216
72	83	79	90	84	360	1.521872
73	84	80	91	42	360	2.763434
74	85	81	92	258	61	1.652270
75	86	82	93	80	126	3.053509
76	87	83	94	176	198	2.736363
77	88	84	95	326	391	3.846415
78	89	85	96	53	386	3.283806
79	90	86	97	15	56	3.796995
80	91	87	98	27	86	3.307273
91	102	126	137	9	59	5.184210
92	103	127	138	129	375	4.441855
93	104	128	139	396	333	3.808731
94	105	129	140	123	63	4.016417
95	106	130	141	4	135	3.331850
96	107	131	142	0	397	2.428588
97	108	132	143	0	26	2.429749
98	109	133	144	0	27	0.813956
114	125	149	160	25	338	1.152231
119	130	154	165	133	174	1.804231
144	155	178	189	97	263	2.464240
145	156	179	190	302	39	2.674435
146	157	180	191	357	391	1.962426
149	160	183	194	356	107	1.430031
151	162	185	196	198	42	2.139345
162	173	201	212	106	107	3.083947
164	175	203	214	351	162	2.473278
165	176	204	215	309	343	2.655565
