start1	end1	start2	end2	frag1	frag2	frag_rmsd
1	12	2	13	318	208	2.629900
2	13	3	14	389	318	2.785520
3	14	4	15	162	74	3.097794
5	16	6	17	140	10	1.985493
6	17	7	18	155	191	2.826986
8	19	9	20	206	193	1.868331
23	34	23	34	203	143	2.143008
36	47	35	46	91	42	3.213690
37	48	36	47	132	357	1.964894
38	49	37	48	84	126	1.909341
39	50	38	49	322	132	1.945705
40	51	39	50	322	126	2.289807
41	52	40	51	126	258	2.311822
42	53	41	52	313	323	2.463705
43	54	42	53	329	73	2.227621
48	59	47	58	133	272	3.327040
49	60	48	59	57	107	2.508886
50	61	49	60	84	360	1.521872
51	62	50	61	360	126	2.237959
52	63	51	62	360	322	1.453720
53	64	52	63	322	126	2.289807
59	70	58	69	375	128	2.998520
62	73	61	72	57	178	1.951934
63	74	62	73	322	132	1.945705
64	75	63	74	126	42	2.008935
68	79	67	78	395	42	2.168523
85	96	85	96	210	96	2.685790
89	100	89	100	314	120	2.716567
91	102	91	102	255	325	2.474256
92	103	92	103	255	248	2.386358
94	105	94	105	56	374	3.059752
95	106	95	106	19	328	2.937690
101	112	101	112	356	84	1.970757
109	120	109	120	59	330	2.244902
116	127	116	127	132	322	1.945705
123	134	123	134	365	375	1.934439
127	138	127	138	357	392	2.035569
129	140	129	140	395	126	1.849402
133	144	133	144	210	73	2.056321
134	145	134	145	38	152	2.741259
135	146	135	146	112	150	2.980962
137	148	137	148	98	365	2.628441
140	151	140	151	364	212	1.843570
156	167	156	167	148	55	1.769837
160	171	160	171	173	372	3.503647
161	172	161	172	351	326	2.980526
162	173	162	173	58	55	3.324353
164	175	164	175	325	47	2.065922
165	176	165	176	298	355	2.464333
166	177	166	177	157	363	2.737417
167	178	167	178	173	316	3.132949
168	179	168	179	374	114	1.630636
169	180	169	180	343	2	1.502106
