start1	end1	start2	end2	frag1	frag2	frag_rmsd
6	17	1	12	322	107	2.799501
11	22	6	17	48	369	3.523208
13	24	8	19	230	136	2.068366
15	26	10	21	141	95	1.602886
56	67	61	72	286	56	2.115586
75	86	80	91	198	40	1.579973
77	88	82	93	334	205	2.027607
78	89	83	94	182	155	2.948332
84	95	89	100	331	29	2.442602
86	97	91	102	357	42	2.024226
90	101	95	106	158	84	2.726643
98	109	103	114	113	55	3.286199
108	119	113	124	331	379	2.384063
117	128	122	133	167	395	2.258216
132	143	137	148	102	13	2.280470
