start1	end1	start2	end2	frag1	frag2	frag_rmsd
3	14	2	13	182	290	2.785309
4	15	3	14	382	352	2.471930
7	18	6	17	229	219	3.321111
10	21	9	20	212	354	2.601153
34	45	37	48	52	114	3.645546
35	46	38	49	24	40	3.562791
36	47	39	50	362	334	2.698068
40	51	43	54	84	126	1.909341
43	54	46	57	40	92	1.759016
45	56	48	59	85	234	2.251830
46	57	49	60	268	274	2.562781
59	70	62	73	25	338	1.152231
63	74	66	77	164	363	1.880850
66	77	69	80	379	322	2.785664
77	88	83	94	223	160	2.700672
78	89	84	95	4	346	2.697652
79	90	85	96	0	95	2.781651
80	91	86	97	0	45	2.973760
81	92	87	98	0	4	1.783926
85	96	91	102	196	35	1.146322
86	97	92	103	144	166	1.768288
90	101	96	107	256	164	2.413952
92	103	98	109	183	143	1.720893
95	106	101	112	167	293	1.284317
96	107	102	113	329	191	3.114943
98	109	104	115	292	160	2.571253
102	113	108	119	397	23	1.877845
103	114	109	120	121	0	0.992640
104	115	110	121	27	0	0.813956
135	146	139	150	35	0	1.003458
146	157	152	163	151	91	2.263245
148	159	154	165	297	389	2.558400
149	160	155	166	40	28	1.916230
164	175	169	180	16	0	0.775259
177	188	181	192	389	239	2.206659
178	189	182	193	73	114	2.858654
181	192	185	196	390	21	2.965423
186	197	190	201	43	1	2.128343
202	213	210	221	68	92	2.546092
203	214	211	222	152	358	2.955362
205	216	213	224	195	276	1.460134
206	217	214	225	141	65	2.029741
209	220	217	228	118	52	2.037701
211	222	219	230	233	380	2.132465
213	224	221	232	164	301	2.771518
225	236	253	264	51	371	1.963017
249	260	298	309	81	95	1.894859
251	262	300	311	25	282	2.603183
252	263	301	312	161	77	2.629786
254	265	303	314	93	33	2.502357
255	266	304	315	113	254	1.777499
256	267	305	316	70	254	3.358594
257	268	306	317	224	135	3.377846
258	269	307	318	326	135	1.858400
260	271	309	320	111	371	2.158258
263	274	312	323	121	0	0.992640
274	285	323	334	35	127	1.273794
