start1	end1	start2	end2	frag1	frag2	frag_rmsd
15	26	8	19	173	348	2.362281
22	33	15	26	156	352	3.262476
23	34	16	27	112	38	2.815804
24	35	17	28	334	38	3.006318
27	38	20	31	91	3	2.746684
28	39	21	32	356	57	1.996521
29	40	22	33	322	42	2.200412
30	41	23	34	126	211	3.234412
31	42	24	35	203	297	2.332825
33	44	26	37	203	2	2.918998
50	61	38	49	121	0	0.992640
51	62	39	50	27	0	0.813956
53	64	41	52	127	0	0.813264
54	65	42	53	260	0	1.731263
55	66	43	54	49	188	2.188385
56	67	44	55	52	25	2.219129
57	68	45	56	41	161	2.027949
58	69	46	57	50	277	3.047795
59	70	47	58	93	232	2.165914
60	71	48	59	361	164	2.628107
61	72	49	60	301	174	2.796572
62	73	50	61	298	54	2.540643
63	74	51	62	318	143	2.218027
64	75	52	63	395	74	2.772109
65	76	53	64	258	198	1.817841
68	79	56	67	74	185	3.393445
69	80	57	68	162	239	2.363423
70	81	58	69	7	56	3.062355
72	83	60	71	276	390	3.114003
73	84	61	72	390	229	2.341461
87	98	76	87	396	227	2.329098
92	103	81	92	0	196	1.046929
113	124	102	113	40	328	2.597358
114	125	103	114	343	58	2.571558
115	126	104	115	55	21	2.054944
116	127	105	116	85	229	2.777168
117	128	106	117	354	108	3.197373
155	166	133	144	297	389	2.558400
156	167	134	145	344	56	3.495073
158	169	136	147	225	194	1.011234
177	188	155	166	235	161	1.099262
178	189	156	167	277	33	2.543323
179	190	157	168	232	6	1.900358
181	192	159	170	97	174	2.041055
185	196	163	174	84	74	2.819412
187	198	165	176	162	7	2.741569
188	199	166	177	329	130	2.138251
189	200	167	178	275	181	3.137269
194	205	172	183	123	353	1.745147
195	206	173	184	118	144	1.639526
200	211	178	189	113	252	1.744519
215	226	193	204	341	4	1.639279
227	238	205	216	166	368	1.571683
228	239	206	217	271	260	1.852839
229	240	207	218	294	49	2.818516
263	274	238	249	0	27	0.813956
264	275	239	250	0	127	0.813264
281	292	250	261	107	248	3.288632
282	293	251	262	348	158	3.049288
283	294	252	263	162	357	3.276185
284	295	253	264	343	239	3.272110
285	296	254	265	225	114	3.165185
308	319	282	293	368	118	1.491748
313	324	287	298	342	156	2.734524
315	326	289	300	143	57	2.304628
316	327	290	301	395	107	2.432305
317	328	291	302	203	258	2.291121
329	340	302	313	16	0	0.775259
340	351	314	325	374	296	3.729814
343	354	317	328	15	95	1.966391
349	360	323	334	335	273	3.312142
351	362	325	336	145	216	2.823184
353	364	327	338	216	121	1.107965
356	367	330	341	235	100	1.231875
