start1	end1	start2	end2	frag1	frag2	frag_rmsd
11	22	10	21	301	361	2.339875
12	23	11	22	182	120	3.034077
13	24	12	23	212	364	1.843570
15	26	14	25	225	207	1.967256
55	66	54	65	134	283	2.393590
59	70	58	69	54	97	2.699671
60	71	59	70	379	3	2.644772
65	76	64	75	208	255	1.969801
67	78	66	77	386	173	3.866690
68	79	67	78	40	187	2.485770
69	80	68	79	58	40	2.106453
70	81	69	80	289	68	3.933074
71	82	70	81	286	152	2.137580
72	83	71	82	136	56	2.555970
73	84	72	83	231	346	1.531187
74	85	73	84	396	95	2.153849
75	86	74	85	123	45	1.488609
77	88	76	87	0	23	1.327063
78	89	77	88	0	27	0.813956
79	90	78	89	0	60	1.639067
80	91	79	90	0	260	1.731263
81	92	80	91	0	170	1.959205
82	93	81	92	35	37	1.835455
83	94	82	93	368	273	1.870733
84	95	83	94	284	65	2.774059
85	96	84	95	287	44	2.779828
86	97	85	96	311	201	2.767802
87	98	86	97	256	284	3.120234
88	99	87	98	98	319	3.571941
89	100	88	99	109	354	1.258230
90	101	89	100	193	160	2.129072
91	102	90	101	345	231	1.953593
102	113	101	112	93	33	2.502357
109	120	108	119	189	262	1.671553
