start1	end1	start2	end2	frag1	frag2	frag_rmsd
36	47	8	19	344	40	3.356017
37	48	9	20	9	2	3.451170
38	49	10	21	326	190	2.057006
39	50	11	22	135	22	2.732262
40	51	12	23	115	147	3.059819
41	52	13	24	124	224	3.749666
42	53	14	25	226	368	3.841355
69	80	43	54	57	3	2.271934
71	82	45	56	126	84	1.909341
79	90	53	64	150	20	2.215790
84	95	58	69	40	325	3.087780
85	96	59	70	140	391	2.255408
91	102	65	76	322	357	2.219787
93	104	67	78	389	176	2.556364
95	106	69	80	210	122	2.784487
96	107	70	81	150	20	2.215790
119	130	88	99	132	178	2.174432
136	147	106	117	392	178	1.899502
150	161	118	129	198	163	3.251957
151	162	119	130	391	54	2.548109
153	164	121	132	392	84	2.236722
154	165	122	133	57	356	1.996521
158	169	126	137	167	28	2.361477
159	170	127	138	73	329	2.227621
160	171	128	139	150	83	1.761815
161	172	129	140	82	327	3.147020
162	173	130	141	300	128	3.067607
163	174	131	142	393	156	2.724048
164	175	132	143	171	363	2.760622
165	176	133	144	226	178	2.547600
166	177	134	145	356	57	1.996521
168	179	136	147	357	322	2.219787
169	180	137	148	322	360	1.453720
170	181	138	149	389	61	1.926015
184	195	153	164	179	388	2.378828
185	196	154	165	267	282	2.231416
196	207	165	176	168	124	1.824641
216	227	181	192	126	61	2.069075
