start1	end1	start2	end2	frag1	frag2	frag_rmsd
55	66	49	60	351	74	3.409378
89	100	83	94	225	125	2.024259
90	101	84	95	51	15	2.489994
