start1	end1	start2	end2	frag1	frag2	frag_rmsd
16	27	1	12	398	57	3.082017
17	28	2	13	356	84	1.970757
35	46	26	37	178	57	1.951934
40	51	31	42	378	229	1.841616
44	55	35	46	19	102	3.139195
46	57	37	48	229	390	2.341461
49	60	40	51	370	253	2.112806
50	61	41	52	379	395	2.439526
92	103	84	95	158	379	2.555747
93	104	85	96	310	42	3.113211
