start1	end1	start2	end2	frag1	frag2	frag_rmsd
2	13	1	12	126	360	2.237959
6	17	5	16	372	125	2.617021
35	46	34	45	188	149	1.382009
40	51	39	50	164	156	1.408711
55	66	55	66	16	127	1.158335
66	77	66	77	2	343	1.502106
72	83	72	83	173	257	3.386936
97	108	98	109	170	287	1.992976
146	157	149	160	335	134	1.552550
152	163	155	166	70	179	2.491249
155	166	158	169	124	208	2.503023
