start1	end1	start2	end2	frag1	frag2	frag_rmsd
3	14	3	14	127	35	1.273794
5	16	5	16	271	18	1.069917
13	24	13	24	35	0	1.003458
14	25	14	25	368	127	1.781241
15	26	15	26	245	149	1.698435
53	64	52	63	12	273	2.591410
63	74	62	73	64	257	3.248903
68	79	67	78	292	275	2.022552
72	83	71	82	36	123	1.918208
87	98	93	104	302	392	2.700785
88	99	94	105	57	178	1.951934
89	100	95	106	356	322	2.017159
99	110	105	116	322	356	2.017159
