start1	end1	start2	end2	frag1	frag2	frag_rmsd
10	21	1	12	242	248	3.446167
11	22	2	13	91	143	2.025929
12	23	3	14	107	167	3.681961
13	24	4	15	198	106	2.191348
14	25	5	16	10	176	3.256526
15	26	6	17	92	239	3.283683
16	27	7	18	242	210	4.508556
17	28	8	19	253	266	5.711072
18	29	9	20	204	330	5.971125
19	30	10	21	204	367	6.411219
20	31	11	22	38	120	4.882547
21	32	12	23	117	314	5.406998
22	33	13	24	78	325	3.821086
23	34	14	25	229	163	3.007538
24	35	15	26	298	248	3.435145
25	36	16	27	173	178	2.972710
26	37	17	28	107	310	3.602196
27	38	18	29	176	391	3.220396
28	39	19	30	158	183	3.715200
29	40	20	31	198	395	2.491422
30	41	21	32	10	357	2.250248
60	71	49	60	57	3	2.271934
61	72	50	61	356	57	1.996521
