start1	end1	start2	end2	frag1	frag2	frag_rmsd
1	12	5	16	95	51	1.563872
5	16	9	20	127	0	0.813264
6	17	10	21	60	0	1.639067
21	32	23	34	0	23	1.327063
22	33	24	35	0	121	0.992640
23	34	25	36	0	27	0.813956
29	40	31	42	100	277	1.693324
39	50	41	52	319	62	1.833671
40	51	42	53	295	212	2.645781
112	123	90	101	0	27	0.813956
118	129	96	107	235	100	1.231875
131	142	110	121	4	184	2.463480
132	143	111	122	0	121	0.992640
133	144	112	123	0	27	0.813956
161	172	127	138	4	45	2.804639
162	173	128	139	0	4	1.783926
163	174	129	140	0	188	1.887540
164	175	130	141	0	338	3.404800
