start1	end1	start2	end2	frag1	frag2	frag_rmsd
13	24	13	24	46	250	2.809732
26	37	26	37	16	260	1.076875
98	109	99	110	241	147	1.629783
99	110	100	111	23	111	1.303435
100	111	101	112	27	94	2.242815
101	112	102	113	16	245	2.290677
102	113	103	114	49	5	1.840768
103	114	104	115	149	5	2.284694
104	115	105	116	260	217	2.352274
105	116	106	117	49	341	2.564185
106	117	107	118	37	196	1.126710
107	118	108	119	137	273	2.434891
108	119	109	120	397	220	2.113998
110	121	111	122	111	27	1.266595
119	130	120	131	15	95	1.966391
