start1	end1	start2	end2	frag1	frag2	frag_rmsd
1	12	3	14	188	105	1.430055
4	15	6	17	288	294	3.063095
5	16	7	18	103	101	2.024736
22	33	23	34	27	0	0.813956
26	37	27	38	25	77	2.227594
27	38	28	39	79	380	1.921925
28	39	29	40	76	294	3.164645
