start1	end1	start2	end2	frag1	frag2	frag_rmsd
1	12	1	12	391	3	3.607090
3	14	3	14	310	334	2.654164
4	15	4	15	178	218	2.762005
6	17	6	17	162	40	2.375851
7	18	7	18	7	10	2.903446
8	19	8	19	358	117	2.136260
11	22	11	22	97	14	2.674511
12	23	12	23	302	298	2.577986
14	25	14	25	356	107	1.430031
16	27	16	27	126	360	2.237959
18	29	18	29	126	158	2.723694
20	31	20	31	28	38	2.955076
22	33	22	33	358	112	2.837148
24	35	24	35	365	301	2.827489
26	37	26	37	157	57	2.214777
28	39	28	39	322	126	2.289807
31	42	31	42	322	258	2.166966
32	43	32	43	389	323	2.182032
35	46	35	46	20	150	2.215790
48	59	46	57	74	190	3.821594
49	60	47	58	198	148	3.093517
52	63	50	61	208	183	2.236035
63	74	61	72	322	126	2.289807
75	86	72	83	131	213	2.617456
76	87	73	84	131	78	2.986156
79	90	76	87	91	157	2.006819
80	91	77	88	395	84	2.768522
82	93	79	90	126	360	2.237959
83	94	80	91	322	360	1.453720
84	95	81	92	360	126	2.237959
101	112	110	121	389	61	1.926015
102	113	111	122	28	374	1.355458
103	114	112	123	328	10	2.546128
104	115	113	124	192	58	1.504351
105	116	114	125	229	78	2.235105
118	129	126	137	208	124	2.503023
120	131	128	139	157	356	2.870994
121	132	129	140	323	239	2.260356
130	141	138	149	389	158	2.036257
139	150	147	158	357	40	2.500053
140	151	148	159	389	391	2.569253
141	152	149	160	114	248	2.645404
157	168	160	171	322	392	2.364933
158	169	161	172	389	323	2.182032
159	170	162	173	28	373	2.536956
162	173	165	176	390	367	3.609774
163	174	166	177	301	365	2.827489
165	176	168	179	107	173	2.657406
166	177	169	180	395	107	2.432305
177	188	182	193	107	360	2.749925
180	191	185	196	386	162	1.905714
