start1	end1	start2	end2	frag1	frag2	frag_rmsd
9	20	23	34	111	0	1.805292
12	23	26	37	0	16	0.775259
14	25	28	39	16	0	0.775259
20	31	34	45	0	16	0.775259
21	32	35	46	0	127	0.813264
22	33	36	47	0	16	0.775259
23	34	37	48	127	184	1.484573
51	62	71	82	300	59	3.550877
52	63	72	83	393	365	2.281657
53	64	73	84	298	363	2.950286
71	82	84	95	61	126	2.069075
73	84	86	97	28	374	1.355458
75	86	88	99	78	192	2.516625
76	87	89	100	9	181	2.710060
77	88	90	101	337	85	3.456765
78	89	91	102	336	101	3.334810
79	90	92	103	20	103	4.037501
80	91	93	104	306	237	3.842071
81	92	94	105	200	66	3.277974
82	93	95	106	200	388	3.948120
83	94	96	107	174	97	2.041055
84	95	97	108	133	124	3.577248
85	96	98	109	316	208	2.569717
86	97	99	110	132	91	2.241050
87	98	100	111	360	356	2.206112
88	99	101	112	126	360	2.237959
89	100	102	113	360	322	1.453720
90	101	103	114	126	360	2.237959
102	113	114	125	360	167	3.381362
103	114	115	126	61	92	4.303398
104	115	116	127	126	92	4.591469
105	116	117	128	187	14	4.473838
116	127	145	156	370	71	2.349638
117	128	146	157	272	341	4.263911
118	129	147	158	173	295	4.540762
