start1	end1	start2	end2	frag1	frag2	frag_rmsd
10	21	22	33	334	54	2.234965
32	43	41	52	151	57	2.517792
33	44	42	53	395	173	3.451559
44	55	65	76	126	395	1.849402
46	57	67	78	329	7	2.127910
47	58	68	79	13	266	1.425161
63	74	90	101	223	45	1.647681
64	75	91	102	4	341	1.639279
65	76	92	103	0	196	1.046929
66	77	93	104	0	273	1.419073
67	78	94	105	0	184	1.197355
68	79	95	106	0	121	0.992640
87	98	113	124	187	395	2.388178
88	99	114	125	246	297	2.516265
90	101	116	127	292	117	2.762161
94	105	120	131	136	112	3.164592
96	107	122	133	378	229	1.841616
99	110	125	136	143	203	2.143008
104	115	130	141	143	203	2.143008
122	133	159	170	84	309	4.206986
123	134	160	171	74	11	3.734905
124	135	161	172	351	279	2.901311
125	136	162	173	343	153	2.950239
126	137	163	174	1	137	2.734502
127	138	164	175	51	397	2.972136
128	139	165	176	45	371	1.366556
148	159	187	198	132	357	1.964894
149	160	188	199	389	42	2.149086
151	162	190	201	215	28	2.173200
152	163	191	202	114	38	2.976648
153	164	192	203	38	112	2.815804
154	165	193	204	56	186	3.956240
155	166	194	205	378	14	2.892557
156	167	195	206	108	182	2.990043
158	169	197	208	153	202	2.655498
159	170	198	209	125	225	2.024259
160	171	199	210	240	51	2.545661
161	172	200	211	371	45	1.366556
162	173	201	212	23	4	1.335798
163	174	202	213	121	0	0.992640
167	178	206	217	100	161	0.978809
172	183	211	222	185	310	2.160511
173	184	212	223	56	236	2.123746
175	186	214	225	194	155	2.437203
176	187	215	226	135	141	2.553444
178	189	217	228	23	137	2.317890
179	190	218	229	121	15	1.660020
181	192	220	231	0	27	0.813956
185	196	224	235	338	25	1.152231
189	200	228	239	363	164	1.880850
192	203	231	242	126	392	1.978049
193	204	232	243	322	132	1.945705
194	205	233	244	61	126	2.069075
195	206	234	245	258	61	1.652270
198	209	237	248	80	391	2.405700
214	225	261	272	0	5	1.445826
215	226	262	273	0	217	1.425276
216	227	263	274	0	123	2.826189
217	228	264	275	0	4	1.783926
219	230	266	277	0	27	0.813956
224	235	271	282	0	16	0.775259
226	237	273	284	0	127	0.813264
227	238	274	285	16	149	1.963816
