start1	end1	start2	end2	frag1	frag2	frag_rmsd
2	13	1	12	173	89	4.157180
3	14	2	13	374	244	3.476360
4	15	3	14	106	110	4.072587
5	16	4	15	68	319	3.402032
6	17	5	16	190	109	3.625557
7	18	6	17	56	160	3.284108
8	19	7	18	282	345	3.595452
9	20	8	19	191	141	2.932035
10	21	9	20	354	45	2.777553
11	22	10	21	160	4	3.211185
12	23	11	22	340	0	3.352292
13	24	12	23	66	0	2.710652
14	25	13	24	45	0	2.973760
15	26	14	25	4	35	1.941528
16	27	15	26	0	368	2.061254
17	28	16	27	0	284	2.770592
18	29	17	28	0	287	3.360998
19	30	18	29	35	311	3.975539
20	31	19	30	368	256	3.354754
21	32	20	31	284	222	2.864652
22	33	21	32	287	174	4.616009
23	34	22	33	311	91	6.064430
24	35	23	34	256	157	4.433175
25	36	24	35	222	322	5.487353
26	37	25	36	301	389	5.500733
27	38	26	37	91	114	3.842847
28	39	27	38	356	38	5.516934
29	40	28	39	270	213	6.933416
30	41	29	40	293	229	4.371223
31	42	30	41	92	301	4.230899
32	43	31	42	38	298	4.561122
33	44	32	43	378	349	3.751946
34	45	33	44	242	379	3.055758
35	46	34	45	29	391	3.461592
36	47	35	46	299	323	3.247768
37	48	36	47	373	247	2.053919
38	49	37	48	192	19	2.922500
39	50	38	49	8	213	3.311455
40	51	39	50	85	229	2.777168
41	52	40	51	212	301	3.919277
42	53	41	52	201	91	5.145385
43	54	42	53	131	356	6.429443
44	55	43	54	378	270	6.488050
45	56	44	55	301	389	5.500733
46	57	45	56	298	73	5.635085
47	58	46	57	57	96	6.170846
