start1	end1	start2	end2	frag1	frag2	frag_rmsd
4	15	1	12	45	111	2.183445
5	16	2	13	4	260	2.311101
6	17	3	14	0	264	2.571782
8	19	5	16	16	188	2.264439
9	20	6	17	0	25	3.096916
10	21	7	18	87	79	3.885550
11	22	8	19	271	321	3.355254
12	23	9	20	377	144	3.996836
13	24	10	21	307	252	3.107365
14	25	11	22	366	254	3.287345
37	48	31	42	225	125	2.024259
38	49	32	43	51	220	3.126464
39	50	33	44	353	216	2.171190
40	51	34	45	4	111	0.994513
41	52	35	46	27	0	0.813956
42	53	36	47	16	0	0.775259
43	54	37	48	121	0	0.992640
44	55	38	49	27	0	0.813956
45	56	39	50	16	0	0.775259
50	61	44	55	235	377	2.257288
51	62	45	56	33	307	3.155549
52	63	46	57	6	355	2.242598
53	64	47	58	164	363	1.880850
54	65	48	59	3	352	3.523045
55	66	49	60	236	274	1.789125
57	68	51	62	125	344	2.549864
58	69	52	63	15	51	2.489994
59	70	53	64	371	388	2.205221
60	71	54	65	118	52	2.037701
61	72	55	66	69	172	2.837507
62	73	56	67	233	87	2.073296
63	74	57	68	75	109	2.036545
64	75	58	69	280	82	2.885929
65	76	59	70	160	237	2.813121
66	77	60	71	369	129	2.160628
67	78	61	72	227	396	2.329098
69	80	63	74	4	217	1.467713
73	84	67	78	0	368	2.061254
