start1	end1	start2	end2	frag1	frag2	frag_rmsd
47	58	1	12	296	4	3.632688
48	59	2	13	372	0	3.342078
49	60	3	14	326	0	3.103115
50	61	4	15	15	0	2.000338
51	62	5	16	371	0	2.685353
52	63	6	17	111	0	1.805292
56	67	10	21	0	127	0.813264
87	98	40	51	235	161	1.099262
89	100	42	53	355	134	2.342467
90	101	43	54	363	6	3.710403
91	102	44	55	29	30	3.731096
92	103	45	56	373	130	3.330506
93	104	46	57	2	275	3.282265
94	105	47	58	225	9	2.604990
95	106	48	59	51	129	2.692721
96	107	49	60	45	396	2.358703
97	108	50	61	4	123	1.970873
98	109	51	62	0	4	1.783926
105	116	58	69	149	60	1.545532
133	144	101	112	0	127	0.813264
134	145	102	113	188	149	1.382009
135	146	103	114	18	24	1.529172
136	147	104	115	377	69	1.451916
137	148	105	116	75	154	2.703767
138	149	106	117	103	337	2.644158
139	150	107	118	340	219	2.504074
140	151	108	119	231	152	3.598896
141	152	109	120	141	261	2.789249
142	153	110	121	147	195	3.546489
156	167	125	136	149	60	1.545532
158	169	127	138	279	319	1.889850
161	172	130	141	266	332	3.459972
175	186	163	174	225	326	2.488373
177	188	165	176	147	45	1.713468
184	195	172	183	0	16	0.775259
186	197	174	185	338	25	1.152231
187	198	175	186	100	161	0.978809
188	199	176	187	33	294	2.272830
199	210	188	199	121	0	0.992640
200	211	189	200	220	0	1.838539
201	212	190	201	121	0	0.992640
202	213	191	202	27	0	0.813956
204	215	193	204	60	149	1.545532
206	217	195	206	279	319	1.889850
211	222	200	211	367	200	3.473017
223	234	211	222	225	227	3.883970
224	235	212	223	51	123	3.329529
225	236	213	224	45	23	3.001934
226	237	214	225	4	0	1.783926
243	254	232	243	206	396	2.777646
244	255	233	244	137	123	2.355190
245	256	234	245	397	4	2.111108
246	257	235	246	216	0	1.961923
247	258	236	247	111	0	1.805292
251	262	240	251	60	127	1.135321
272	283	270	281	225	129	2.985670
273	284	271	282	22	51	1.833239
282	293	280	291	0	188	1.887540
283	294	281	292	184	25	3.582898
284	295	282	293	121	161	3.884921
308	319	293	304	216	0	1.961923
309	320	294	305	111	0	1.805292
311	322	296	307	35	0	1.003458
335	346	329	340	22	147	3.420517
336	347	330	341	123	111	1.875625
337	348	331	342	4	121	2.384609
338	349	332	343	0	27	0.813956
