start1	end1	start2	end2	frag1	frag2	frag_rmsd
1	12	1	12	316	158	2.680885
5	16	5	16	395	318	2.216742
6	17	6	17	248	391	2.056378
9	20	9	20	356	57	1.996521
12	23	12	23	162	215	2.221407
17	28	17	28	365	120	2.590663
18	29	18	29	302	298	2.577986
31	42	31	42	157	302	1.373132
34	45	34	45	360	270	2.329689
39	50	39	50	112	59	3.285294
40	51	40	51	365	200	2.605423
46	57	46	57	371	51	1.963017
48	59	48	59	105	169	1.732125
50	61	50	61	319	279	1.889850
55	66	55	66	390	378	2.617645
67	78	67	78	321	303	3.520569
68	79	68	79	139	303	3.603223
70	81	70	81	324	128	3.072947
73	84	73	84	236	56	2.123746
75	86	75	86	325	219	3.285822
81	92	81	92	22	396	2.425487
99	110	99	110	183	178	1.884271
117	128	117	128	287	170	1.992976
120	131	120	131	98	284	3.148468
121	132	121	132	315	104	2.615900
130	141	130	141	143	178	1.650270
133	144	133	144	86	328	1.985715
140	151	140	151	245	144	1.489214
155	166	155	166	127	0	0.813264
159	170	159	170	110	24	1.015908
162	173	162	173	160	201	2.530382
164	175	164	175	141	95	1.602886
165	176	165	176	388	281	2.197854
166	177	166	177	284	48	3.387850
169	180	169	180	273	224	1.238802
197	208	197	208	127	60	1.135321
212	223	213	224	77	79	2.104037
231	242	232	243	127	341	2.512217
233	244	234	245	172	380	2.777624
234	245	235	246	228	172	2.931419
238	249	239	250	95	81	1.894859
239	250	240	251	11	145	1.994228
240	251	241	252	220	224	2.131403
242	253	243	254	278	26	2.650586
247	258	248	259	37	87	1.559357
249	260	250	261	69	222	2.417719
253	264	254	265	91	395	2.501168
264	275	265	276	136	206	1.496459
273	284	274	285	284	18	2.132369
277	288	278	289	98	222	2.557250
278	289	279	290	301	331	2.779249
279	290	280	291	298	91	2.033592
280	291	281	292	57	157	2.214777
287	298	288	299	152	382	2.840847
290	301	291	302	304	276	3.637918
