start1	end1	start2	end2	frag1	frag2	frag_rmsd
1	12	1	12	94	35	1.741150
40	51	40	51	0	16	0.775259
84	95	84	95	313	258	2.044899
96	107	96	107	329	102	2.502959
104	115	104	115	111	4	0.994513
