start1	end1	start2	end2	frag1	frag2	frag_rmsd
17	28	11	22	132	357	1.964894
19	30	13	24	323	10	2.248517
33	44	27	38	0	16	0.775259
45	56	39	50	389	398	3.007093
