start1	end1	start2	end2	frag1	frag2	frag_rmsd
2	13	3	14	253	203	3.127433
6	17	7	18	130	329	2.138251
10	21	11	22	129	335	3.069059
12	23	13	24	199	30	2.878776
14	25	15	26	174	205	3.016906
31	42	31	42	360	310	3.242298
32	43	32	43	392	178	1.899502
33	44	33	44	297	218	2.452723
58	69	51	62	21	55	2.054944
