start1	end1	start2	end2	frag1	frag2	frag_rmsd
1	12	3	14	276	0	4.075959
2	13	4	15	227	0	3.627807
3	14	5	16	223	0	3.006532
4	15	6	17	4	0	1.783926
6	17	8	19	166	25	1.364085
7	18	9	20	161	235	1.099262
10	21	12	23	133	298	3.008662
12	23	14	25	318	395	2.216742
17	28	19	30	391	57	2.913520
18	29	20	31	357	42	2.024226
20	31	22	33	392	258	2.406167
41	52	36	47	0	121	0.992640
44	55	39	50	35	0	1.003458
45	56	40	51	35	127	1.273794
83	94	51	62	178	357	2.306823
84	95	52	63	392	395	1.956324
85	96	53	64	258	178	2.942479
94	105	62	73	84	389	2.785233
100	111	68	79	375	120	2.877208
103	114	71	82	316	318	2.200800
104	115	72	83	198	248	2.736915
105	116	73	84	176	74	2.724529
106	117	74	85	384	162	2.864024
107	118	75	86	86	328	1.985715
108	119	76	87	8	192	3.078175
109	120	77	88	370	21	3.107485
110	121	78	89	146	214	3.145083
111	122	79	90	146	325	2.497181
112	123	80	91	253	151	2.347071
113	124	81	92	302	157	1.373132
114	125	82	93	74	316	2.446235
115	126	83	94	374	360	3.375331
137	148	105	116	57	183	2.857724
138	149	106	117	395	91	2.501168
139	150	107	118	258	132	2.635888
141	152	109	120	258	61	1.652270
142	153	110	121	297	167	2.343013
143	154	111	122	386	40	2.633785
144	155	112	123	213	247	2.620636
145	156	113	124	155	152	3.294148
146	157	114	125	152	280	2.724424
147	158	115	126	136	261	2.839974
148	159	116	127	346	237	2.499334
149	160	117	128	66	65	2.012778
150	161	118	129	45	371	1.366556
152	163	120	131	0	5	1.445826
153	164	121	132	0	217	1.425276
155	166	123	134	0	16	0.775259
157	168	125	136	127	0	0.813264
158	169	126	137	127	0	0.813264
