start1	end1	start2	end2	frag1	frag2	frag_rmsd
4	15	1	12	45	281	1.651716
25	36	22	33	110	24	1.015908
26	37	23	34	279	168	2.724886
39	50	35	46	279	282	3.585141
44	55	40	51	123	238	1.683324
50	61	46	57	30	131	3.161369
66	77	62	73	102	38	3.239735
74	85	70	81	74	387	4.135328
89	100	85	96	57	356	1.996521
90	101	86	97	356	316	2.665484
91	102	87	98	107	151	2.864918
92	103	88	99	392	395	1.956324
109	120	105	116	377	100	1.241297
112	123	108	119	156	164	1.408711
120	131	116	127	74	351	3.409378
121	132	117	128	313	207	3.584592
123	134	119	130	122	214	3.189775
125	136	121	132	82	103	2.827219
126	137	122	133	120	375	2.877208
129	140	125	136	370	248	2.704634
130	141	126	137	379	178	1.774921
181	192	181	192	234	112	3.162463
183	194	183	194	314	120	2.716567
209	220	209	220	270	360	2.329689
211	222	211	222	73	293	2.790553
216	227	216	227	66	237	2.957467
218	229	218	229	111	371	2.158258
245	256	245	256	16	0	0.775259
247	258	247	258	196	35	1.146322
250	261	250	261	104	277	2.095889
253	264	253	264	272	222	3.312674
257	268	257	268	384	328	2.693983
