start1	end1	start2	end2	frag1	frag2	frag_rmsd
2	13	14	25	318	255	3.093379
3	14	15	26	395	107	2.432305
4	15	16	27	357	208	2.490627
6	17	18	29	392	143	2.200380
7	18	19	30	248	151	2.019566
8	19	20	31	357	395	2.192089
11	22	23	34	178	392	1.899502
12	23	24	35	395	126	1.849402
13	24	25	36	80	258	2.273429
14	25	26	37	211	320	2.949023
18	29	30	41	367	375	2.523916
19	30	31	42	375	164	3.082779
20	31	32	43	174	363	2.440306
21	32	33	44	174	84	4.511966
22	33	34	45	57	322	2.446228
27	38	39	50	258	313	2.044899
28	39	40	51	386	162	1.905714
29	40	41	52	329	96	1.925419
30	41	42	53	83	20	2.024528
31	42	43	54	327	59	2.076427
33	44	45	56	365	363	2.484110
34	45	46	57	222	331	2.588792
37	48	49	60	132	357	1.964894
53	64	65	76	284	245	3.061166
54	65	66	77	287	77	2.902372
55	66	67	78	119	77	3.692684
73	84	84	95	114	84	3.823071
74	85	85	96	309	61	4.183725
75	86	86	97	72	374	3.407764
87	98	99	110	0	196	1.046929
88	99	100	111	0	273	1.419073
89	100	101	112	0	184	1.197355
90	101	102	113	0	121	0.992640
91	102	103	114	0	27	0.813956
95	106	107	118	16	0	0.775259
114	125	126	137	368	24	2.219060
115	126	127	138	118	168	3.197577
116	127	128	139	76	154	3.008804
117	128	129	140	359	154	3.422132
118	129	130	141	76	372	3.437693
