start1	end1	start2	end2	frag1	frag2	frag_rmsd
14	25	14	25	391	313	3.208810
15	26	15	26	191	215	2.821277
16	27	16	27	246	122	3.134991
17	28	17	28	138	280	2.961508
18	29	18	29	345	195	2.125554
19	30	19	30	141	195	3.171070
20	31	20	31	45	347	2.292936
22	33	22	33	121	184	1.193672
23	34	23	34	27	121	1.355932
27	38	27	38	100	69	1.602674
36	47	36	47	298	174	2.958851
38	49	38	49	107	84	2.480937
39	50	39	50	158	126	2.723694
40	51	40	51	198	357	2.385976
41	52	41	52	357	167	2.346777
42	53	42	53	205	204	3.035928
43	54	43	54	297	68	3.078719
44	55	44	55	344	185	4.183548
45	56	45	56	102	334	5.031764
46	57	46	57	20	241	5.326922
47	58	47	58	59	202	5.698363
48	59	48	59	367	50	4.476462
49	60	49	60	365	131	3.918139
50	61	50	61	222	361	2.877528
51	62	51	62	208	365	5.052411
52	63	52	63	91	363	3.248630
53	64	53	64	132	383	3.563948
54	65	54	65	61	158	2.386508
55	66	55	66	374	310	3.040510
56	67	56	67	92	310	3.594751
57	68	57	68	312	185	4.162575
58	69	58	69	378	38	3.253522
59	70	59	70	301	10	4.479755
60	71	60	71	29	85	3.341954
61	72	61	72	373	274	2.275822
62	73	62	73	343	160	4.299815
63	74	63	74	225	31	2.535882
64	75	64	75	51	141	1.428009
66	77	66	77	4	169	1.747250
68	79	68	79	184	170	1.844017
69	80	69	80	196	44	1.689019
73	84	73	84	366	6	1.707860
75	86	75	86	222	362	2.312123
77	88	77	88	91	356	2.966574
78	89	78	89	356	84	1.970757
79	90	79	90	61	389	1.926015
80	91	80	91	167	239	2.383832
81	92	81	92	73	210	2.056321
82	93	82	93	13	83	1.958030
83	94	83	94	330	390	3.892110
84	95	84	95	367	390	3.609774
85	96	85	96	375	314	3.351929
86	97	86	97	314	67	3.363453
87	98	87	98	298	349	3.131498
88	99	88	99	248	392	2.328470
89	100	89	100	392	84	2.236722
91	102	91	102	158	248	2.329879
92	103	92	103	395	391	2.221324
95	106	95	106	183	40	2.804359
96	107	96	107	163	146	2.035090
102	113	102	113	71	218	2.918654
103	114	103	114	370	187	2.687978
107	118	107	118	358	82	3.114150
110	121	110	121	291	305	2.904981
111	122	111	122	137	199	3.686018
112	123	112	123	199	282	2.668389
113	124	113	124	41	139	2.392095
115	126	115	126	232	6	1.900358
130	141	129	140	157	3	2.732309
141	152	140	151	138	2	2.756781
142	153	141	152	192	194	2.159491
143	154	142	153	21	141	2.843916
