start1	end1	start2	end2	frag1	frag2	frag_rmsd
1	12	1	12	351	291	3.596617
2	13	2	13	11	206	2.446310
3	14	3	14	43	137	2.930668
4	15	4	15	95	397	2.597544
5	16	5	16	45	15	3.196502
6	17	6	17	4	27	1.631724
7	18	7	18	0	27	0.813956
21	32	18	29	45	394	1.792183
22	33	19	30	111	4	0.994513
23	34	20	31	188	144	1.413047
25	36	22	33	235	277	1.734496
26	37	23	34	33	288	1.743390
31	42	28	39	141	95	1.602886
