start1	end1	start2	end2	frag1	frag2	frag_rmsd
5	16	14	25	143	178	1.650270
16	27	25	36	322	360	1.453720
17	28	26	37	61	313	2.398675
19	30	28	39	215	204	2.924296
22	33	31	42	112	131	2.361165
23	34	32	43	98	393	2.507349
24	35	33	44	3	301	3.526546
28	39	37	48	162	114	1.980808
30	41	39	50	213	312	1.883397
48	59	57	68	126	395	1.849402
49	60	58	69	357	80	2.082122
50	61	59	70	395	187	2.388178
66	77	76	87	126	395	1.849402
128	139	143	154	28	329	2.589986
129	140	144	155	138	292	2.059222
135	146	150	161	184	121	1.193672
154	165	168	179	357	57	2.268519
155	166	169	180	126	84	1.909341
162	173	176	187	138	261	2.494118
166	177	180	191	325	278	3.541670
168	179	182	193	65	240	1.321092
170	181	184	195	220	346	2.502663
171	182	185	196	121	66	2.549960
173	184	187	198	0	217	1.425276
175	186	189	200	35	184	1.806062
203	214	214	225	142	162	3.388681
204	215	215	226	312	384	3.040476
205	216	216	227	138	130	2.833742
223	234	234	245	91	165	3.559816
224	235	235	246	57	204	3.209694
225	236	236	247	42	185	3.561206
226	237	237	248	258	106	2.446350
227	238	238	249	293	215	2.617928
228	239	239	250	274	384	3.151104
229	240	240	251	138	172	3.334734
230	241	241	252	194	131	3.540074
231	242	242	253	141	131	3.725839
232	243	243	254	45	281	1.651716
233	244	244	255	94	48	4.639986
234	245	245	256	245	98	4.444852
235	246	246	257	5	14	4.881281
236	247	247	258	5	136	3.704877
237	248	248	259	217	241	2.691413
238	249	249	260	217	81	3.012148
