start1	end1	start2	end2	frag1	frag2	frag_rmsd
4	15	4	15	150	152	2.343118
51	62	55	66	231	31	1.286233
77	88	86	97	25	149	2.140871
