start1	end1	start2	end2	frag1	frag2	frag_rmsd
1	12	11	22	45	111	2.183445
17	28	28	39	35	0	1.003458
18	29	29	40	35	0	1.003458
21	32	32	43	94	245	1.654793
25	36	36	47	217	70	2.022136
26	37	37	48	16	105	2.514660
38	49	48	59	45	281	1.651716
39	50	49	60	4	70	1.352136
40	51	50	61	368	245	1.282466
41	52	51	62	284	5	2.804915
42	53	52	63	49	5	1.840768
43	54	53	64	37	94	2.747478
44	55	54	65	273	217	2.005378
45	56	55	66	184	4	2.463480
46	57	56	67	121	27	1.355932
47	58	57	68	220	16	1.564087
48	59	58	69	121	0	0.992640
49	60	59	70	27	0	0.813956
50	61	60	71	0	16	0.775259
51	62	61	72	0	121	0.992640
52	63	62	73	0	27	0.813956
53	64	63	74	0	16	0.775259
77	88	85	96	15	371	2.499814
78	89	86	97	23	111	1.303435
79	90	87	98	27	196	1.059651
80	91	88	99	0	16	0.775259
92	103	99	110	27	0	0.813956
93	104	100	111	0	35	1.003458
106	117	111	122	27	0	0.813956
107	118	112	123	0	127	0.813264
131	142	132	143	245	11	3.383405
132	143	133	144	16	231	2.848037
133	144	134	145	5	22	3.549212
134	145	135	146	217	147	2.080728
135	146	136	147	217	224	2.429506
136	147	137	148	16	121	1.372802
137	148	138	149	127	121	1.288055
138	149	139	150	16	196	1.611679
139	150	140	151	184	0	1.197355
140	151	141	152	196	16	1.611679
141	152	142	153	273	184	1.674643
143	154	144	155	121	184	1.193672
144	155	145	156	27	184	1.585485
145	156	146	157	0	127	0.813264
146	157	147	158	0	184	1.197355
147	158	148	159	0	184	1.197355
148	159	149	160	0	121	0.992640
149	160	150	161	0	27	0.813956
150	161	151	162	0	184	1.197355
152	163	153	164	27	35	1.219104
153	164	154	165	0	35	1.003458
155	166	156	167	0	149	2.014982
156	167	157	168	127	260	2.026282
157	168	158	169	118	49	2.993202
158	169	159	170	180	52	2.443004
169	180	171	182	0	27	0.813956
171	182	173	184	0	121	0.992640
173	184	175	186	127	35	1.273794
174	185	176	187	16	0	0.775259
175	186	177	188	170	16	2.037066
176	187	178	189	196	0	1.046929
177	188	179	190	273	196	1.887756
