start1	end1	start2	end2	frag1	frag2	frag_rmsd
5	16	15	26	40	246	2.347780
15	26	25	36	187	151	2.600378
18	29	28	39	176	313	2.698070
38	49	52	63	106	211	2.524223
39	50	53	64	203	187	2.338256
57	68	68	79	80	395	2.623447
61	72	72	83	146	140	2.200590
65	76	76	87	246	187	2.528512
66	77	77	88	96	122	1.013426
72	83	83	94	316	318	2.200800
79	90	90	101	126	132	2.227804
80	91	91	102	258	61	1.652270
87	98	98	109	120	250	1.731988
91	102	102	113	183	334	2.485480
97	108	108	119	364	236	2.630626
99	110	110	121	190	225	2.154601
