start1	end1	start2	end2	frag1	frag2	frag_rmsd
3	14	26	37	61	126	2.069075
29	40	41	52	258	357	1.886183
55	66	77	88	170	240	2.111047
56	67	78	89	44	216	2.290003
57	68	79	90	273	111	2.080688
58	69	80	91	240	0	1.998148
59	70	81	92	121	35	1.375045
60	71	82	93	27	35	1.219104
81	92	102	113	245	94	1.654793
84	95	105	116	217	149	2.291404
95	106	127	138	45	0	2.973760
96	107	128	139	4	0	1.783926
103	114	135	146	127	0	0.813264
105	116	137	148	12	18	1.796352
109	120	141	152	326	135	1.858400
110	121	142	153	135	396	2.434347
114	125	146	157	338	25	1.152231
128	139	159	170	51	141	1.428009
130	141	161	172	111	4	0.994513
136	147	167	178	338	235	2.509048
