start1	end1	start2	end2	frag1	frag2	frag_rmsd
8	19	13	24	158	313	2.779261
17	28	22	33	185	74	3.393445
19	30	24	35	142	198	3.891914
31	42	36	47	391	248	2.056378
32	43	37	48	204	183	2.582739
33	44	38	49	163	297	3.105653
36	47	41	52	358	117	2.136260
37	48	42	53	358	234	2.686912
39	50	44	55	32	219	2.785247
40	51	45	56	219	326	2.987731
44	55	49	60	151	107	2.864918
52	63	57	68	352	30	3.154068
69	80	74	85	331	29	2.442602
71	82	76	87	357	10	2.250248
72	83	77	88	68	293	1.906648
75	86	80	91	192	292	3.151852
92	103	97	108	363	365	2.484110
93	104	98	109	174	262	3.106389
94	105	99	110	352	351	2.828939
95	106	100	111	73	210	2.056321
96	107	101	112	150	83	1.761815
99	110	104	115	365	393	2.281657
100	111	105	116	3	363	2.560867
101	112	106	117	310	3	2.712558
102	113	107	118	74	356	2.593547
103	114	108	119	318	74	2.154001
108	119	113	124	117	261	2.951389
112	123	117	128	331	298	2.671131
114	125	119	130	10	323	2.248517
118	129	123	134	117	358	2.136260
120	131	125	136	292	275	2.022552
125	136	130	141	226	173	3.101465
129	140	134	145	92	38	2.065054
133	144	138	149	54	57	2.433783
137	148	142	153	360	357	2.658914
148	159	153	164	313	297	1.957711
160	171	165	176	138	19	2.873711
164	175	169	180	221	129	3.549251
165	176	170	181	254	67	2.419028
167	178	172	183	91	226	2.048829
182	193	187	198	256	300	2.932198
185	196	190	201	91	57	2.021486
186	197	191	202	107	310	3.602196
187	198	192	203	392	158	2.916314
189	200	194	205	162	239	2.363423
190	201	195	206	38	73	2.949045
191	202	196	207	117	150	2.233273
194	205	199	210	34	361	2.613225
195	206	200	211	331	171	3.249519
196	207	201	212	54	29	2.997359
197	208	202	213	263	157	2.976700
199	210	204	215	191	391	2.938832
200	211	205	216	209	246	2.800286
225	236	230	241	200	365	2.605423
236	247	241	252	390	98	3.366248
240	251	245	256	157	174	2.869491
243	254	248	259	92	204	2.213959
