start1	end1	start2	end2	frag1	frag2	frag_rmsd
7	18	50	61	391	165	2.745950
25	36	68	79	25	166	1.364085
26	37	69	80	161	235	1.099262
28	39	71	82	232	119	3.021375
29	40	72	83	34	305	4.106766
30	41	73	84	221	202	2.852301
31	42	74	85	370	336	4.935714
32	43	75	86	163	101	4.588899
33	44	76	87	14	385	3.581263
34	45	77	88	247	98	3.453160
35	46	78	89	19	156	2.940947
36	47	79	90	186	112	2.325844
37	48	80	91	14	112	2.476924
38	49	81	92	48	78	3.446361
39	50	82	93	274	281	2.910238
40	51	83	94	292	238	3.189934
41	52	84	95	276	345	2.060965
42	53	85	96	227	240	2.592171
43	54	86	97	223	216	2.223151
44	55	87	98	4	111	0.994513
45	56	88	99	0	121	0.992640
46	57	89	100	0	27	0.813956
50	61	93	104	161	100	0.978809
52	63	95	106	93	355	2.537338
54	65	97	108	221	331	3.446156
55	66	98	109	91	391	2.966108
57	68	100	111	91	178	1.731687
58	69	101	112	132	57	1.551260
59	70	102	113	322	395	2.883785
60	71	103	114	389	61	1.926015
61	72	104	115	28	162	1.560721
62	73	105	116	96	329	1.925419
63	74	106	117	20	83	2.024528
66	77	109	120	314	365	3.190201
67	78	110	121	298	363	2.950286
69	80	112	123	389	351	3.400578
70	81	113	124	374	28	1.355458
71	82	114	125	328	343	1.513701
72	83	115	126	58	344	2.709953
73	84	116	127	55	251	3.251788
74	85	117	128	71	294	3.888554
