start1	end1	start2	end2	frag1	frag2	frag_rmsd
13	24	1	12	378	55	3.217900
14	25	2	13	64	71	3.317538
15	26	3	14	97	387	3.678758
88	99	38	49	0	16	0.775259
191	202	61	72	49	170	2.018496
192	203	62	73	196	37	1.126710
194	205	64	75	16	240	1.850213
199	210	69	80	127	368	1.781241
210	221	81	92	146	140	2.200590
222	233	92	103	0	127	0.813264
242	253	109	120	125	265	2.816320
247	258	114	125	31	231	1.286233
255	266	122	133	127	0	0.813264
256	267	123	134	16	0	0.775259
257	268	124	135	127	188	1.791159
258	269	125	136	87	25	2.705431
259	270	126	137	180	161	2.559754
303	314	146	157	111	27	1.266595
316	327	159	170	0	35	1.003458
336	347	173	184	363	383	2.767696
345	356	182	193	395	348	2.679048
346	357	183	194	323	246	2.173724
359	370	194	205	0	16	0.775259
360	371	195	206	0	16	0.775259
361	372	196	207	0	121	0.992640
368	379	203	214	363	3	2.560867
370	381	205	216	162	215	2.221407
371	382	206	217	215	210	2.059582
372	383	207	218	150	38	2.863885
373	384	208	219	150	332	2.960658
374	385	209	220	112	332	3.273618
375	386	210	221	98	200	3.097849
377	388	212	223	156	98	2.250425
378	389	213	224	222	174	2.234287
379	390	214	225	174	331	1.879546
380	391	215	226	182	29	1.423903
381	392	216	227	364	274	1.999522
383	394	218	229	213	177	2.398173
384	395	219	230	229	55	2.679222
385	396	220	231	71	254	3.243452
386	397	221	232	189	62	3.649873
387	398	222	233	75	243	1.677825
390	401	225	236	367	200	3.473017
391	402	226	237	365	200	2.605423
403	414	241	252	389	74	3.056606
404	415	242	253	28	351	2.541163
411	422	249	260	196	127	1.155792
412	423	250	261	368	149	1.387412
414	425	252	263	124	180	3.127403
439	450	263	274	0	27	0.813956
444	455	268	279	0	127	0.813264
446	457	270	281	0	121	0.992640
448	459	272	283	271	24	1.694230
460	471	284	295	16	127	1.158335
461	472	285	296	0	16	0.775259
462	473	286	297	127	87	1.661081
463	474	287	298	16	338	3.069164
464	475	288	299	170	79	1.973795
465	476	289	300	196	119	2.791321
466	477	290	301	144	376	3.320783
467	478	291	302	338	396	3.346296
468	479	292	303	277	179	3.957525
469	480	293	304	232	24	3.737418
470	481	294	305	355	69	3.676034
471	482	295	306	363	168	3.492502
472	483	296	307	379	151	2.133956
473	484	297	308	158	173	3.646478
474	485	298	309	28	351	2.541163
476	487	300	311	194	1	1.635126
477	488	301	312	141	51	1.428009
