start1	end1	start2	end2	frag1	frag2	frag_rmsd
1	12	10	21	143	191	3.775037
34	45	24	35	28	87	4.122643
35	46	25	36	343	166	4.326752
36	47	26	37	225	161	4.016602
47	58	37	48	167	329	3.590933
48	59	38	49	73	102	3.744843
63	74	49	60	124	68	3.782720
64	75	50	61	154	150	5.168868
65	76	51	62	62	292	4.540622
66	77	52	63	266	195	4.458821
67	78	53	64	330	227	3.947803
68	79	54	65	367	223	4.671696
69	80	55	66	365	4	4.842805
70	81	56	67	133	0	4.726022
71	82	57	68	57	0	5.299599
72	83	58	69	379	35	5.241871
73	84	59	70	42	368	5.881715
74	85	60	71	80	16	5.029957
