start1	end1	start2	end2	frag1	frag2	frag_rmsd
35	46	35	46	92	342	3.245361
88	99	88	99	294	33	2.272830
