start1	end1	start2	end2	frag1	frag2	frag_rmsd
1	12	21	32	360	322	1.453720
2	13	22	33	360	84	1.521872
8	19	28	39	200	174	3.184297
12	23	32	43	360	126	2.237959
16	27	36	47	316	322	2.531116
18	29	38	49	56	28	2.669292
19	30	39	50	86	328	1.985715
21	32	41	52	141	51	1.428009
24	35	44	55	0	16	0.775259
26	37	46	57	0	196	1.046929
27	38	47	58	0	273	1.419073
28	39	48	59	0	16	0.775259
29	40	49	60	0	121	0.992640
30	41	50	61	0	27	0.813956
37	48	57	68	33	339	3.274195
52	63	70	81	322	360	1.453720
53	64	71	82	322	126	2.289807
54	65	72	83	84	258	2.915962
55	66	73	84	80	293	2.978068
56	67	74	85	162	68	3.323146
57	68	75	86	329	152	3.680501
58	69	76	87	83	150	1.761815
59	70	77	88	327	59	2.076427
60	71	78	89	59	390	3.703188
61	72	79	90	393	390	3.390575
62	73	80	91	164	221	3.191143
63	74	81	92	298	226	2.107868
64	75	82	93	57	379	2.336006
65	76	83	94	395	57	2.786043
66	77	84	95	132	322	1.945705
70	81	88	99	125	53	2.587211
78	89	96	107	39	157	2.759277
79	90	97	108	80	74	2.193283
80	91	98	109	318	126	2.511599
101	112	121	132	258	61	1.652270
102	113	122	133	167	158	1.812316
108	119	128	139	17	124	2.100408
110	121	130	141	124	208	2.503023
111	122	131	142	151	398	2.424902
115	126	135	146	51	141	1.428009
121	132	141	152	208	151	2.827388
122	133	142	153	107	151	2.864918
134	145	153	164	356	334	4.443303
135	146	154	165	84	54	3.616225
136	147	155	166	61	143	3.452749
137	148	156	167	167	348	2.868141
138	149	157	168	10	40	1.570300
142	153	161	172	202	372	2.168379
149	160	168	179	4	23	1.335798
159	170	178	189	121	170	1.774213
165	176	184	195	284	260	1.981488
166	177	185	196	287	170	1.992976
170	181	189	200	331	301	2.779249
173	184	192	203	215	239	1.429311
200	211	218	229	16	0	0.775259
