start1	end1	start2	end2	frag1	frag2	frag_rmsd
1	12	15	26	366	4	3.992428
2	13	16	27	364	184	4.047157
3	14	17	28	202	121	3.748904
4	15	18	29	194	27	3.494996
5	16	19	30	141	0	3.490832
6	17	20	31	45	0	2.973760
7	18	21	32	4	0	1.783926
27	38	54	65	162	374	2.026859
28	39	55	66	343	211	2.532802
29	40	56	67	1	207	1.582075
30	41	57	68	51	148	2.873766
31	42	58	69	371	26	1.310295
32	43	59	70	166	290	3.028311
35	46	62	73	288	33	1.743390
36	47	63	74	6	361	2.567318
38	49	65	76	174	91	3.156327
40	51	67	78	395	126	1.849402
44	55	71	82	176	53	2.615884
46	57	73	84	214	282	3.240357
47	58	74	85	266	243	2.752082
61	72	88	99	16	0	0.775259
62	73	89	100	16	0	0.775259
63	74	90	101	16	0	0.775259
64	75	91	102	87	188	1.255021
97	108	124	135	126	395	1.849402
98	109	125	136	318	132	1.806699
117	128	147	158	34	164	2.524144
118	129	148	159	133	302	2.836895
155	166	196	207	16	260	1.076875
156	167	197	208	16	170	2.037066
157	168	198	209	184	196	1.667884
158	169	199	210	0	273	1.419073
162	173	203	214	0	27	0.813956
164	175	205	216	35	0	1.003458
177	188	223	234	323	293	1.968250
186	197	232	243	0	16	0.775259
188	199	234	245	0	37	1.968723
234	245	298	309	189	264	3.135078
254	265	318	329	322	360	1.453720
259	270	323	334	141	51	1.428009
267	278	331	342	0	35	1.003458
277	288	341	352	138	2	2.756781
282	293	346	357	273	16	1.325929
283	294	347	358	184	121	1.193672
284	295	348	359	121	0	0.992640
285	296	349	360	27	0	0.813956
291	302	355	366	188	368	1.404624
292	303	356	367	338	260	2.423776
293	304	357	368	377	170	2.232639
294	305	358	369	294	50	2.920117
295	306	359	370	6	256	2.076516
296	307	360	371	156	222	2.042465
297	308	361	372	19	342	2.579576
298	309	362	373	378	298	3.548066
299	310	363	374	183	253	1.817367
300	311	364	375	298	302	2.577986
301	312	365	376	57	132	1.551260
304	315	368	379	322	167	2.985905
318	329	380	391	0	27	0.813956
