start1	end1	start2	end2	frag1	frag2	frag_rmsd
19	30	49	60	15	121	1.660020
21	32	51	62	27	0	0.813956
40	51	70	81	57	253	2.589846
64	75	117	128	358	247	2.479219
65	76	118	129	292	78	2.869152
81	92	147	158	212	221	2.599218
84	95	150	161	54	14	3.072925
85	96	151	162	178	183	1.884271
131	142	191	202	16	0	0.775259
132	143	192	203	16	0	0.775259
134	145	194	205	338	25	1.152231
138	149	198	209	363	164	1.880850
139	150	199	210	174	133	1.804231
140	151	200	211	391	383	2.783941
141	152	201	212	357	391	1.962426
156	167	217	228	57	173	2.731170
167	178	229	240	91	355	3.605178
170	181	232	243	38	328	2.338801
171	182	233	244	312	192	2.159358
191	202	279	290	121	0	0.992640
192	203	280	291	27	0	0.813956
195	206	283	294	0	35	1.003458
196	207	284	295	0	166	2.713889
197	208	285	296	0	338	3.404800
