start1	end1	start2	end2	frag1	frag2	frag_rmsd
46	57	40	51	0	35	1.003458
72	83	62	73	0	16	0.775259
88	99	74	85	318	57	2.213565
89	100	75	86	318	356	2.664318
90	101	76	87	126	360	2.237959
108	119	95	106	0	35	1.003458
109	120	96	107	0	35	1.003458
111	122	98	109	245	94	1.654793
117	128	104	115	217	0	1.425276
121	132	108	119	127	0	0.813264
122	133	109	120	16	0	0.775259
124	135	111	122	196	0	1.046929
126	137	113	124	16	0	0.775259
140	151	128	139	374	28	1.355458
165	176	153	164	16	0	0.775259
180	191	168	179	84	360	1.521872
183	194	171	182	167	42	2.323165
184	195	172	183	40	258	2.499938
187	198	175	186	7	344	2.450473
236	247	225	236	362	222	2.312123
238	249	227	238	151	91	2.263245
241	252	230	241	293	246	2.307992
242	253	231	242	114	309	2.217575
243	254	232	243	38	125	3.757382
