start1	end1	start2	end2	frag1	frag2	frag_rmsd
10	21	11	22	68	114	2.433763
13	24	14	25	330	304	2.895056
18	29	19	30	84	360	1.521872
20	31	21	32	389	61	1.926015
21	32	22	33	162	374	2.026859
25	36	26	37	77	115	3.088636
30	41	31	42	179	281	2.644974
41	52	42	53	61	322	1.532523
52	63	53	64	80	183	2.396931
58	69	59	70	97	57	2.871700
62	73	63	74	10	329	2.738393
65	76	66	77	342	361	2.191841
90	101	97	108	28	246	2.083931
111	122	118	129	322	357	2.219787
112	123	119	130	126	395	1.849402
125	136	131	142	167	158	1.812316
127	138	133	144	38	163	2.391719
132	143	138	149	128	390	2.944982
136	147	142	153	225	190	2.154601
156	167	162	173	105	4	1.644032
192	203	202	213	390	375	2.986092
193	204	203	214	324	301	3.092973
195	206	205	216	57	356	1.996521
212	223	216	227	91	57	2.021486
214	225	218	229	84	360	1.521872
233	244	237	248	133	97	1.973700
236	247	240	251	357	126	2.400813
237	248	241	252	297	313	1.957711
238	249	242	253	329	10	2.738393
239	250	243	254	247	213	2.620636
240	251	244	255	117	234	2.285439
259	270	268	279	329	246	2.836035
260	271	269	280	102	358	2.219381
265	276	274	285	132	318	1.806699
270	281	279	290	390	78	2.515234
276	287	285	296	167	313	2.555667
277	288	286	297	40	28	1.916230
290	301	299	310	112	38	2.815804
293	304	302	313	178	208	1.931564
294	305	303	314	151	91	2.263245
296	307	305	316	374	167	2.251345
297	308	306	317	28	329	2.589986
298	309	307	318	130	358	2.067353
303	314	312	323	254	305	3.179005
330	341	344	355	110	24	1.015908
