start1	end1	start2	end2	frag1	frag2	frag_rmsd
1	12	2	13	0	121	0.992640
2	13	3	14	0	27	0.813956
24	35	25	36	114	374	1.630636
25	36	26	37	309	343	2.655565
34	45	35	46	0	16	0.775259
36	47	37	48	127	196	1.155792
37	48	38	49	149	368	1.387412
41	52	42	53	337	160	3.041217
48	59	49	60	0	16	0.775259
72	83	73	84	127	0	0.813264
73	84	74	85	60	149	1.545532
74	85	75	86	60	118	1.979052
75	86	76	87	12	180	1.813052
86	97	87	98	126	132	2.227804
87	98	88	99	322	126	2.289807
89	100	90	101	322	126	2.289807
92	103	93	104	28	374	1.355458
94	105	95	106	213	312	1.883397
95	106	96	107	229	78	2.235105
97	108	98	109	29	182	1.423903
100	111	101	112	225	1	1.414968
103	114	104	115	4	111	0.994513
104	115	105	116	0	35	1.003458
108	119	109	120	161	235	1.099262
110	121	111	122	232	288	2.068787
113	124	114	125	84	57	2.559962
114	125	115	126	158	356	2.873854
115	126	116	127	357	322	2.219787
138	149	139	150	256	103	2.482641
140	151	141	152	120	66	3.183341
141	152	142	153	147	262	3.516904
152	163	153	164	301	361	2.339875
157	168	158	169	132	356	2.067486
160	171	161	172	322	126	2.289807
162	173	163	174	322	126	2.289807
164	175	165	176	258	313	2.044899
165	176	166	177	167	187	2.121763
167	178	168	179	163	146	2.035090
168	179	169	180	205	229	2.523216
183	194	184	195	20	330	1.984773
266	277	265	276	126	392	1.978049
270	281	269	280	389	61	1.926015
272	283	271	282	80	343	2.835991
274	285	273	284	326	95	2.813465
293	304	292	303	130	328	3.034956
304	315	303	314	322	132	1.945705
307	318	306	317	126	84	1.909341
309	320	308	319	126	360	2.237959
311	322	310	321	322	360	1.453720
314	325	313	324	329	293	3.214458
315	326	314	325	13	68	4.349702
316	327	315	326	330	155	5.221951
317	328	316	327	367	241	6.294733
318	329	317	328	365	142	4.985832
319	330	318	329	133	312	4.724384
320	331	319	330	107	334	4.241106
321	332	320	331	84	342	5.953257
322	333	321	332	360	272	4.163839
323	334	322	333	360	253	4.548559
324	335	323	334	360	248	3.051493
325	336	324	335	126	392	1.978049
326	337	325	336	360	357	2.658914
327	338	326	337	360	395	3.113222
338	349	338	349	203	211	1.857122
339	350	339	350	187	58	2.694618
341	352	341	352	64	146	1.629420
342	353	342	353	229	370	2.552060
345	356	345	356	57	132	1.551260
347	358	347	358	389	61	1.926015
348	359	348	359	28	374	1.355458
354	365	354	365	8	363	3.456817
356	367	356	367	318	132	1.806699
360	371	360	371	158	167	1.812316
