start1	end1	start2	end2	frag1	frag2	frag_rmsd
31	42	22	33	107	57	2.508886
32	43	23	34	126	316	2.926603
41	52	32	43	161	235	1.099262
43	54	34	45	355	232	2.143807
70	81	54	65	79	77	2.104037
75	86	59	70	267	368	3.083415
77	88	61	72	170	287	1.992976
79	90	63	74	273	340	2.637148
82	93	66	77	27	111	1.266595
83	94	67	78	27	0	0.813956
84	95	68	79	16	0	0.775259
97	108	83	94	343	2	1.502106
109	120	95	106	33	321	2.658565
117	128	103	114	92	246	2.434579
119	130	105	116	358	117	2.136260
120	131	106	117	138	160	2.227130
138	149	122	133	234	209	2.762431
139	150	123	134	212	296	3.063980
142	153	126	137	146	229	2.331807
156	167	138	149	2	167	2.803902
177	188	156	167	363	156	2.308899
178	189	157	168	3	174	2.344203
180	191	159	170	351	185	2.540310
181	192	160	171	10	198	2.406182
182	193	161	172	92	391	2.557135
183	194	162	173	46	205	3.095499
184	195	163	174	344	296	2.480295
189	200	168	179	108	29	3.041905
190	201	169	180	212	364	1.843570
194	205	173	184	216	45	1.903162
195	206	174	185	23	4	1.335798
196	207	175	186	35	0	1.003458
197	208	176	187	127	0	0.813264
198	209	177	188	16	0	0.775259
199	210	178	189	16	0	0.775259
200	211	179	190	196	0	1.046929
201	212	180	191	368	127	1.781241
206	217	185	196	39	93	3.317813
209	220	188	199	297	151	2.882150
210	221	189	200	246	187	2.528512
213	224	192	203	268	14	2.894534
215	226	194	205	236	352	2.821890
217	228	196	207	9	292	2.837338
221	232	200	211	4	111	0.994513
223	234	202	213	127	16	1.158335
224	235	203	214	149	184	2.418927
275	286	235	246	195	346	2.716446
276	287	236	247	227	66	2.066214
278	289	238	249	4	111	0.994513
