start1	end1	start2	end2	frag1	frag2	frag_rmsd
2	13	1	12	10	334	2.691884
4	15	3	14	183	242	2.250358
30	41	29	40	227	141	1.668724
32	43	31	42	4	111	0.994513
40	51	39	50	100	235	1.231875
50	61	49	60	163	14	2.369251
55	66	54	65	361	390	2.592892
59	70	58	69	183	253	1.817367
