start1	end1	start2	end2	frag1	frag2	frag_rmsd
21	32	16	27	0	16	0.775259
44	55	39	50	0	16	0.775259
48	59	43	54	0	16	0.775259
49	60	44	55	0	121	0.992640
50	61	45	56	0	27	0.813956
74	85	69	80	0	184	1.197355
75	86	70	81	0	121	0.992640
76	87	71	82	0	27	0.813956
77	88	72	83	0	16	0.775259
78	89	73	84	0	121	0.992640
