start1	end1	start2	end2	frag1	frag2	frag_rmsd
1	12	2	13	146	163	2.035090
2	13	3	14	171	29	2.510623
3	14	4	15	172	247	3.116254
4	15	5	16	382	274	2.444288
