start1	end1	start2	end2	frag1	frag2	frag_rmsd
1	12	1	12	248	318	2.702224
2	13	2	13	246	374	2.736636
10	21	10	21	276	369	1.368954
54	65	54	65	28	320	2.315284
56	67	56	67	194	276	2.357682
63	74	63	74	77	79	2.104037
74	85	74	85	149	60	1.545532
