start1	end1	start2	end2	frag1	frag2	frag_rmsd
4	15	6	17	42	391	2.281049
9	20	11	22	163	248	2.862574
10	21	12	23	54	379	2.066468
46	57	59	70	35	368	2.011347
48	59	61	72	249	17	1.089644
49	60	62	73	49	279	1.758674
56	67	69	80	253	370	2.112806
63	74	76	87	132	322	1.945705
64	75	77	88	126	84	1.909341
65	76	78	89	132	360	2.169218
78	89	90	101	42	392	2.128589
