start1	end1	start2	end2	frag1	frag2	frag_rmsd
1	12	2	13	215	313	2.543151
2	13	3	14	96	329	1.925419
3	14	4	15	20	13	1.989394
4	15	5	16	59	330	2.244902
5	16	6	17	375	367	2.523916
6	17	7	18	120	365	2.590663
7	18	8	19	298	133	3.008662
9	20	10	21	126	61	2.069075
10	21	11	22	313	389	2.390236
11	22	12	23	28	10	2.196024
12	23	13	24	92	163	2.362957
13	24	14	25	163	68	2.208242
14	25	15	26	268	152	2.157053
15	26	16	27	236	138	2.807189
16	27	17	28	193	32	3.163978
17	28	18	29	225	141	3.289173
18	29	19	30	51	394	3.468862
19	30	20	31	45	123	1.488609
21	32	22	33	0	16	0.775259
22	33	23	34	0	184	1.197355
23	34	24	35	0	121	0.992640
29	40	30	41	0	127	0.813264
30	41	31	42	188	149	1.382009
31	42	32	43	25	180	2.193725
32	43	33	44	161	380	1.887076
33	44	34	45	321	88	3.183591
34	45	35	46	232	201	3.007421
35	46	36	47	34	256	2.477094
36	47	37	48	164	174	2.588575
37	48	38	49	97	331	2.080183
38	49	39	50	302	91	2.022399
39	50	40	51	208	132	2.303221
40	51	41	52	248	322	2.535011
41	52	42	53	74	61	2.933300
42	53	43	54	198	318	2.812421
43	54	44	55	58	198	2.750207
44	55	45	56	140	246	2.828253
45	56	46	57	378	10	3.443459
60	71	62	73	0	16	0.775259
61	72	63	74	16	0	0.775259
64	75	66	77	338	25	1.152231
69	80	71	82	91	133	3.164066
70	81	72	83	318	57	2.213565
72	83	74	85	198	61	2.292877
73	84	75	86	258	389	2.040431
74	85	76	87	386	389	2.769251
75	86	77	88	274	56	2.377615
76	87	78	89	292	86	2.725013
78	89	80	91	141	22	1.438165
81	92	83	94	0	273	1.419073
82	93	84	95	0	184	1.197355
83	94	85	96	188	87	1.255021
84	95	86	97	25	338	1.152231
85	96	87	98	161	100	0.978809
100	111	105	116	4	264	2.657083
