start1	end1	start2	end2	frag1	frag2	frag_rmsd
2	13	7	18	0	4	1.783926
8	19	13	24	161	235	1.099262
9	20	14	25	294	33	2.272830
10	21	15	26	6	232	1.900358
13	24	18	29	191	383	3.209063
14	25	19	30	364	56	2.930249
15	26	20	31	193	86	1.791219
16	27	21	32	345	194	1.854317
19	30	24	35	23	4	1.335798
20	31	25	36	121	0	0.992640
35	46	40	51	16	0	0.775259
47	58	52	63	112	156	3.015267
48	59	53	64	261	274	3.033207
53	64	58	69	45	147	1.713468
