start1	end1	start2	end2	frag1	frag2	frag_rmsd
40	51	40	51	4	147	1.800516
41	52	41	52	0	224	2.121569
42	53	42	53	0	121	0.992640
43	54	43	54	0	121	0.992640
45	56	45	56	0	16	0.775259
71	82	69	80	127	0	0.813264
72	83	70	81	118	368	1.491748
