start1	end1	start2	end2	frag1	frag2	frag_rmsd
4	15	1	12	391	3	3.607090
6	17	3	14	379	158	2.555747
7	18	4	15	391	198	2.242897
17	28	14	25	365	120	2.590663
42	53	37	48	322	61	1.532523
46	57	41	52	10	183	2.579576
47	58	42	53	395	370	2.639038
51	62	46	57	331	183	2.314556
54	65	49	60	56	320	2.638903
55	66	50	61	86	2	1.884148
57	68	52	63	55	51	2.971501
58	69	53	64	71	353	3.071848
59	70	54	65	325	169	2.660518
60	71	55	66	317	180	2.364719
62	73	57	68	177	88	3.155139
63	74	58	69	242	113	2.583544
64	75	59	70	255	254	3.436611
65	76	60	71	3	272	2.548933
66	77	61	72	107	187	3.273161
67	78	62	73	248	334	2.628843
68	79	63	74	178	183	1.884271
76	87	71	82	29	171	2.510623
82	93	77	88	365	363	2.484110
83	94	78	89	174	302	2.621173
84	95	79	90	57	143	2.304628
85	96	80	91	395	167	2.258216
87	98	82	93	322	389	2.292898
92	103	87	98	13	266	1.425161
101	112	96	107	258	322	2.166966
