start1	end1	start2	end2	frag1	frag2	frag_rmsd
13	24	10	21	111	4	0.994513
29	40	31	42	167	374	2.251345
45	56	42	53	0	45	2.973760
46	57	43	54	0	4	1.783926
47	58	44	55	188	166	1.839547
48	59	45	56	338	161	2.232406
