start1	end1	start2	end2	frag1	frag2	frag_rmsd
1	12	8	19	360	322	1.453720
4	15	11	22	395	42	2.168523
6	17	13	24	114	320	2.864605
7	18	14	25	38	274	3.031410
8	19	15	26	358	32	3.148366
10	21	17	28	268	227	2.475782
11	22	18	29	160	147	2.873290
12	23	19	30	125	4	2.464543
13	24	20	31	15	121	1.660020
14	25	21	32	278	27	1.610725
15	26	22	33	23	0	1.327063
28	39	36	47	42	322	2.200412
29	40	37	48	158	348	3.049288
30	41	38	49	258	28	2.447437
31	42	39	50	246	328	2.779977
32	43	40	51	96	130	2.410621
33	44	41	52	20	304	3.055204
34	45	42	53	330	288	3.665734
35	46	43	54	375	6	3.048100
36	47	44	55	365	164	2.534748
38	49	46	57	107	208	3.411113
39	50	47	58	84	356	1.970757
76	87	65	76	111	245	2.447735
