start1	end1	start2	end2	frag1	frag2	frag_rmsd
15	26	6	17	127	0	0.813264
17	28	8	19	170	0	1.959205
18	29	9	20	196	0	1.046929
19	30	10	21	273	0	1.419073
20	31	11	22	16	0	0.775259
21	32	12	23	121	0	0.992640
22	33	13	24	27	0	0.813956
39	50	31	42	0	4	1.783926
69	80	51	62	181	149	4.804194
70	81	52	63	229	17	3.487764
71	82	53	64	108	319	2.977143
72	83	54	65	212	295	2.645781
73	84	55	66	219	153	2.935815
95	106	71	82	297	293	2.793583
96	107	72	83	122	96	1.013426
100	111	76	87	393	314	2.541582
101	112	77	88	133	91	3.164066
102	113	78	89	57	356	1.996521
103	114	79	90	42	84	2.426355
104	115	80	91	357	126	2.400813
105	116	81	92	395	389	2.168049
106	117	82	93	357	28	2.950831
107	118	83	94	323	7	3.160812
108	119	84	95	246	130	3.022485
109	120	85	96	328	275	3.245337
110	121	86	97	194	9	2.561491
111	122	87	98	141	129	2.508890
112	123	88	99	45	396	2.358703
113	124	89	100	4	147	1.800516
114	125	90	101	0	4	1.783926
115	126	91	102	0	121	0.992640
116	127	92	103	0	27	0.813956
117	128	93	104	127	149	1.616553
118	129	94	105	16	12	2.056641
119	130	95	106	49	124	2.320390
120	131	96	107	52	387	1.739645
121	132	97	108	110	172	2.629897
122	133	98	109	319	352	2.883218
123	134	99	110	354	22	2.457332
124	135	100	111	201	82	3.011578
125	136	101	112	131	256	3.004421
126	137	102	113	85	98	3.291235
128	139	104	115	136	193	1.585201
129	140	105	116	49	341	2.564185
130	141	106	117	309	81	2.679981
134	145	110	121	136	193	1.585201
153	164	127	138	147	45	1.713468
186	197	164	175	16	0	0.775259
200	211	182	193	111	0	1.805292
201	212	183	194	27	0	0.813956
213	224	199	210	115	110	2.944812
214	225	200	211	381	319	2.208030
217	228	203	214	231	31	1.286233
220	231	206	217	70	4	1.352136
221	232	207	218	260	0	1.731263
222	233	208	219	170	0	1.959205
223	234	209	220	44	0	2.459964
224	235	210	221	273	0	1.419073
225	236	211	222	240	0	1.998148
