start1	end1	start2	end2	frag1	frag2	frag_rmsd
26	37	49	60	216	89	2.255267
36	47	59	70	0	35	1.003458
37	48	60	71	127	35	1.273794
38	49	61	72	149	245	1.698435
39	50	62	73	24	76	2.541319
40	51	63	74	69	249	1.666766
41	52	64	75	154	339	2.724389
82	93	101	112	353	388	1.838631
84	95	103	114	49	170	2.018496
95	106	116	127	50	247	3.627331
106	117	129	140	3	74	2.885805
107	118	130	141	81	74	4.076697
108	119	131	142	210	215	2.059582
109	120	132	143	150	329	3.306496
115	126	138	149	121	0	0.992640
116	127	139	150	27	121	1.355932
128	139	151	162	35	188	1.339917
129	140	152	163	368	25	1.679408
143	154	163	174	84	91	2.901645
144	155	164	175	360	356	2.206112
149	160	169	180	343	2	1.502106
153	164	173	184	282	25	2.603183
155	166	175	186	119	31	3.447260
159	170	179	190	4	111	0.994513
160	171	180	191	0	196	1.046929
161	172	181	192	0	196	1.046929
162	173	182	193	0	273	1.419073
163	174	183	194	0	184	1.197355
164	175	184	195	0	121	0.992640
166	177	186	197	18	338	1.332509
171	182	191	202	222	21	2.522860
177	188	197	208	322	158	2.437978
178	189	198	209	258	198	1.817841
179	190	199	210	391	293	2.396353
180	191	200	211	80	334	3.097172
181	192	201	212	297	209	2.490138
183	194	203	214	122	266	2.336820
184	195	204	215	150	332	2.960658
185	196	205	216	306	261	3.285434
187	198	207	218	230	63	3.849639
188	199	208	219	237	197	3.755311
189	200	209	220	90	172	3.696418
205	216	227	238	164	34	2.524144
206	217	228	239	133	174	1.804231
217	228	306	317	219	376	2.632382
218	229	307	318	65	396	2.073749
219	230	308	319	371	223	1.695846
229	240	318	329	170	41	2.029151
230	241	319	330	50	243	1.750686
233	244	322	333	301	342	2.307304
234	245	323	334	298	97	2.862409
242	253	331	342	215	198	2.064482
270	281	349	360	25	338	1.152231
290	301	378	389	35	0	1.003458
291	302	379	390	35	0	1.003458
292	303	380	391	245	0	2.249697
293	304	381	392	5	0	1.445826
294	305	382	393	5	188	2.168187
295	306	383	394	5	338	3.579573
296	307	384	395	217	104	3.664243
297	308	385	396	217	294	3.666989
298	309	386	397	27	355	4.062219
299	310	387	398	0	63	2.944688
300	311	388	399	0	142	3.950344
301	312	389	400	0	310	4.494366
302	313	390	401	0	334	4.421927
303	314	391	402	0	183	4.954404
304	315	392	403	0	151	4.654734
305	316	393	404	0	40	4.814107
306	317	394	405	0	80	5.006283
