start1	end1	start2	end2	frag1	frag2	frag_rmsd
1	12	4	15	204	293	2.075474
2	13	5	16	152	73	2.865449
3	14	6	17	138	275	2.617606
6	17	9	20	22	396	2.425487
11	22	14	25	127	0	0.813264
30	41	36	47	184	0	1.197355
44	55	53	64	150	130	2.764320
46	57	55	66	32	9	2.432245
52	63	61	72	69	271	2.332715
54	65	63	74	387	359	2.465951
59	70	68	79	93	355	2.537338
61	72	70	81	178	57	1.951934
62	73	71	82	395	74	2.772109
65	76	74	85	68	191	2.038373
67	78	76	87	261	82	2.364559
71	82	80	91	4	111	0.994513
81	92	90	101	104	287	2.087811
82	93	91	102	366	311	2.430439
85	96	94	105	183	301	2.802658
87	98	96	107	151	57	2.517792
91	102	100	111	204	215	2.924296
100	111	109	120	188	87	1.255021
102	113	111	122	161	69	1.879688
103	114	112	123	277	75	3.167911
104	115	113	124	6	366	1.707860
106	117	115	126	97	174	2.041055
111	122	120	131	1	225	1.414968
112	123	121	132	15	95	1.966391
