start1	end1	start2	end2	frag1	frag2	frag_rmsd
1	12	6	17	148	398	3.438342
2	13	7	18	255	356	3.548732
3	14	8	19	57	360	2.986930
4	15	9	20	84	395	2.768522
5	16	10	21	203	357	2.520142
7	18	12	23	40	357	2.500053
10	21	15	26	392	178	1.899502
11	22	16	27	297	383	3.183673
70	81	74	85	156	39	2.210204
