start1	end1	start2	end2	frag1	frag2	frag_rmsd
50	61	21	32	0	27	0.813956
62	73	32	43	61	84	2.287400
64	75	34	45	343	386	2.848141
65	76	35	46	207	176	2.783500
98	109	58	69	16	0	0.775259
117	128	74	85	343	2	1.502106
131	142	85	96	35	0	1.003458
132	143	86	97	5	16	1.629181
133	144	87	98	5	0	1.445826
134	145	88	99	5	127	1.628528
135	146	89	100	118	149	1.094155
136	147	90	101	12	110	1.401705
137	148	91	102	279	319	1.889850
138	149	92	103	359	354	2.244567
140	151	94	105	231	31	1.286233
144	155	98	109	25	118	1.917152
161	172	117	128	45	115	2.995008
170	181	126	137	0	127	0.813264
185	196	137	148	162	68	3.323146
186	197	138	149	246	373	2.083918
188	199	140	151	276	194	2.357682
189	200	141	152	227	141	1.668724
191	202	143	154	224	70	1.307761
201	212	153	164	35	0	1.003458
258	269	238	249	121	0	0.992640
259	270	239	250	27	0	0.813956
260	271	240	251	245	35	2.065446
261	272	241	252	118	188	2.055817
262	273	242	253	251	338	2.138871
263	274	243	254	377	277	1.951425
264	275	244	255	93	33	2.502357
267	278	247	258	136	30	2.124963
268	279	248	259	194	346	1.855001
269	280	249	260	141	95	1.602886
272	283	252	263	0	127	0.813264
273	284	253	264	0	260	1.731263
274	285	254	265	0	49	1.806828
275	286	255	266	0	52	2.924827
276	287	256	267	0	110	2.707219
277	288	257	268	35	319	2.814563
278	289	258	269	368	354	3.403519
279	290	259	270	284	160	3.700982
280	291	260	271	170	345	3.518857
281	292	261	272	311	95	4.279442
282	293	262	273	256	45	4.153696
283	294	263	274	333	4	4.018166
284	295	264	275	294	0	3.602131
285	296	265	276	291	0	3.227167
286	297	266	277	137	0	2.643866
287	298	267	278	397	0	2.428588
288	299	268	279	371	0	2.685353
289	300	269	280	111	0	1.805292
292	303	272	283	0	127	0.813264
293	304	273	284	0	16	0.775259
295	306	275	286	0	196	1.046929
296	307	276	287	35	0	1.003458
