start1	end1	start2	end2	frag1	frag2	frag_rmsd
12	23	12	23	127	149	1.616553
13	24	13	24	260	110	1.495754
14	25	14	25	170	168	2.676552
41	52	35	46	0	16	0.775259
44	55	38	49	170	184	1.844017
53	64	47	58	368	188	1.404624
56	67	50	61	134	288	2.919609
63	74	57	68	27	0	0.813956
84	95	85	96	85	214	2.252746
85	96	86	97	354	243	2.322829
86	97	87	98	82	337	3.215568
89	100	90	101	45	394	1.792183
