start1	end1	start2	end2	frag1	frag2	frag_rmsd
1	12	1	12	322	392	2.364933
2	13	2	13	84	356	1.970757
5	16	5	16	132	322	1.945705
7	18	7	18	258	360	2.306964
8	19	8	19	167	126	2.697257
9	20	9	20	40	313	3.135696
10	21	10	21	114	7	3.401446
11	22	11	22	309	292	3.494770
12	23	12	23	241	369	3.931373
13	24	13	24	25	22	3.867843
14	25	14	25	235	394	3.818993
15	26	15	26	277	267	3.285140
16	27	16	27	335	284	3.581995
17	28	17	28	156	294	3.788206
18	29	18	29	174	6	3.693955
19	30	19	30	174	164	2.588575
21	32	21	32	57	91	2.021486
22	33	22	33	84	132	2.205557
29	40	29	40	345	195	2.125554
30	41	30	41	141	227	1.668724
32	43	32	43	118	24	1.501714
33	44	33	44	180	69	2.035206
36	47	36	47	331	253	1.801250
37	48	37	48	302	57	2.286634
38	49	38	49	392	84	2.236722
39	50	39	50	74	270	2.419552
45	56	45	56	298	91	2.033592
46	57	46	57	157	107	3.183930
47	58	47	58	84	356	1.970757
48	59	48	59	126	61	2.069075
49	60	49	60	313	162	2.591497
51	62	51	62	13	83	1.958030
52	63	52	63	330	327	2.088556
53	64	53	64	367	128	2.784997
55	66	55	66	285	164	2.359531
58	69	58	69	73	373	2.906990
59	70	59	70	138	328	2.615349
63	74	63	74	4	70	1.352136
64	75	64	75	188	16	2.264439
76	87	82	93	185	392	3.220313
78	89	84	95	328	309	2.369121
79	90	85	96	225	58	1.979801
80	91	86	97	141	51	1.428009
84	95	90	101	362	302	1.914259
87	98	93	104	203	348	1.790407
88	99	94	105	187	297	2.474313
89	100	95	106	92	7	2.871135
103	114	107	118	187	386	2.292076
115	126	118	129	205	334	2.027607
117	128	120	131	316	29	2.795572
118	129	121	132	246	373	2.083918
119	130	122	133	308	328	2.564758
120	131	123	134	130	192	2.198175
124	135	127	138	376	340	2.433654
128	139	131	142	0	16	0.775259
129	140	132	143	0	16	0.775259
130	141	133	144	188	87	1.255021
131	142	134	145	338	25	1.152231
135	146	138	149	363	164	1.880850
136	147	139	150	302	157	1.373132
138	149	141	152	318	126	2.511599
139	150	142	153	106	322	2.256879
140	151	143	154	176	239	2.693058
157	168	162	173	345	31	1.281039
177	188	182	193	392	42	2.128589
178	189	183	194	248	357	1.838513
179	190	184	195	391	395	2.221324
