start1	end1	start2	end2	frag1	frag2	frag_rmsd
4	15	4	15	298	173	3.246915
6	17	6	17	162	7	2.741569
38	49	38	49	323	191	2.876374
44	55	44	55	111	4	0.994513
73	84	73	84	191	92	2.547382
77	88	77	88	240	141	2.386243
79	90	79	90	23	111	1.303435
97	108	98	109	357	360	2.658914
114	125	115	126	142	173	3.439718
115	126	116	127	140	310	3.331833
116	127	117	128	370	395	2.639038
117	128	118	129	298	208	3.046851
118	129	119	130	298	395	3.168971
134	145	135	146	27	0	0.813956
143	154	144	155	0	16	0.775259
163	174	163	174	194	369	1.775960
165	176	165	176	45	223	1.647681
167	178	167	178	16	0	0.775259
169	180	169	180	196	0	1.046929
172	183	172	183	121	0	0.992640
173	184	173	184	0	35	1.003458
174	185	174	185	0	127	0.813264
175	186	175	186	0	16	0.775259
187	198	224	235	153	337	3.153084
189	200	226	237	95	141	1.602886
202	213	239	250	25	338	1.152231
203	214	240	251	235	100	1.231875
209	220	246	257	389	323	2.182032
210	221	247	258	374	158	1.692551
211	222	248	259	40	92	1.759016
216	227	253	264	373	246	2.083918
221	232	258	269	48	112	2.656263
222	233	259	270	112	342	2.771983
225	236	262	273	91	178	1.731687
237	248	274	285	200	3	3.431607
238	249	275	286	272	107	3.064142
239	250	276	287	310	357	3.043951
273	284	310	321	35	188	1.339917
274	285	311	322	368	25	1.679408
275	286	312	323	284	161	1.999539
276	287	313	324	104	33	2.171568
277	288	314	325	88	355	3.375766
