start1	end1	start2	end2	frag1	frag2	frag_rmsd
44	55	44	55	133	171	3.134183
54	65	54	65	294	307	2.981011
55	66	55	66	134	189	2.650643
56	67	56	67	156	236	3.097445
63	74	63	74	126	84	1.909341
64	75	64	75	322	126	2.289807
