start1	end1	start2	end2	frag1	frag2	frag_rmsd
1	12	2	13	121	0	0.992640
2	13	3	14	27	0	0.813956
8	19	9	20	0	35	1.003458
19	30	24	35	342	83	4.568337
20	31	25	36	301	327	5.360362
21	32	26	37	91	59	7.259233
32	43	37	48	314	7	5.135729
33	44	38	49	202	130	3.744522
34	45	39	50	140	336	4.743909
35	46	40	51	55	304	5.706062
36	47	41	52	71	128	5.485804
37	48	42	53	91	171	4.163699
38	49	43	54	107	11	4.752599
39	50	44	55	132	362	3.940075
40	51	45	56	322	208	3.084546
41	52	46	57	84	151	3.504268
42	53	47	58	258	57	3.035632
43	54	48	59	28	126	3.681841
44	55	49	60	7	132	4.842657
45	56	50	61	130	126	5.946787
46	57	51	62	275	322	6.523928
47	58	52	63	304	389	7.840115
48	59	53	64	128	28	6.641518
49	60	54	65	254	10	4.667449
50	61	55	66	11	152	3.702844
51	62	56	67	362	261	4.399435
52	63	57	68	208	82	5.781628
53	64	58	69	151	267	5.061344
54	65	59	70	57	104	5.341934
55	66	60	71	126	307	4.763248
56	67	61	72	322	298	4.749201
57	68	62	73	126	157	3.328029
58	69	63	74	322	84	1.955336
59	70	64	75	389	360	2.720316
60	71	65	76	28	158	2.314039
62	73	67	78	152	163	3.470888
63	74	68	79	261	312	3.921323
64	75	69	80	82	78	3.016939
65	76	70	81	300	364	4.656321
66	77	71	82	104	337	4.553282
67	78	72	83	307	102	5.596689
68	79	73	84	298	181	5.048095
69	80	74	85	157	48	4.319777
70	81	75	86	84	268	6.308614
71	82	76	87	389	382	5.336429
72	83	77	88	158	50	5.482627
73	84	78	89	40	59	6.452924
74	85	79	90	38	375	5.372473
75	86	80	91	378	363	4.264992
76	87	81	92	78	173	5.555771
77	88	82	93	364	374	4.214068
78	89	83	94	337	86	3.328312
79	90	84	95	336	289	5.236646
80	91	85	96	304	289	5.721478
97	108	103	114	252	16	4.241829
98	109	104	115	134	0	3.979763
99	110	105	116	317	0	3.571066
100	111	106	117	30	368	3.210523
101	112	107	118	165	18	3.865605
102	113	108	119	191	377	2.998835
103	114	109	120	268	307	3.541989
104	115	110	121	160	212	2.892630
105	116	111	122	31	364	3.748117
106	117	112	123	95	19	3.641355
107	118	113	124	45	344	3.851352
118	129	124	135	307	245	3.919005
