start1	end1	start2	end2	frag1	frag2	frag_rmsd
4	15	6	17	198	40	1.579973
9	20	11	22	158	310	2.602228
13	24	15	26	334	263	2.551371
18	29	20	31	42	126	2.008935
24	35	26	37	247	38	2.150232
37	48	39	50	257	31	1.958695
46	57	48	59	190	268	3.496352
48	59	50	61	145	1	2.392532
57	68	59	70	293	68	1.906648
82	93	84	95	14	155	2.198745
83	94	85	96	342	97	2.606591
