start1	end1	start2	end2	frag1	frag2	frag_rmsd
1	12	6	17	45	371	1.366556
2	13	7	18	105	188	1.430055
8	19	13	24	98	48	2.698453
9	20	14	25	48	19	3.164139
10	21	15	26	14	186	2.187195
15	26	20	31	158	374	1.692551
18	29	23	34	176	89	2.693955
20	31	25	36	86	193	1.791219
22	33	27	38	175	77	2.040271
23	34	28	39	175	79	3.008817
24	35	29	40	119	9	2.580733
25	36	30	41	376	129	1.562683
28	39	33	44	23	4	1.335798
29	40	34	45	27	16	1.218469
30	41	35	46	87	0	2.006990
31	42	36	47	144	368	1.335465
47	58	51	62	4	111	0.994513
51	62	55	66	121	0	0.992640
53	64	57	68	273	0	1.419073
58	69	62	73	288	311	1.718799
64	75	68	79	57	185	3.015997
66	77	70	81	389	68	2.655854
75	86	79	90	161	235	1.099262
81	92	85	96	258	389	2.040431
82	93	86	97	386	28	1.926117
87	98	91	102	365	133	2.941455
89	100	93	104	185	74	3.393445
95	106	99	110	275	19	3.396673
96	107	100	111	292	9	2.837338
98	109	102	113	227	347	2.229226
99	110	103	114	223	179	2.504422
101	112	105	116	110	24	1.015908
112	123	117	128	119	196	2.791321
123	134	128	139	368	188	1.404624
124	135	129	140	271	260	1.852839
125	136	130	141	49	170	2.018496
126	137	131	142	354	88	2.480981
128	139	133	144	131	98	2.711170
146	157	151	162	338	271	1.431102
149	160	154	165	335	256	2.848730
153	164	158	169	103	280	1.955594
154	165	159	170	32	160	2.659966
157	168	162	173	135	397	2.702491
162	173	167	178	245	368	1.282466
165	176	170	181	119	44	2.044452
191	202	196	207	6	232	1.900358
196	207	201	212	356	57	1.996521
199	210	204	215	53	106	3.316212
200	211	205	216	1	176	2.742328
205	216	210	221	109	354	1.258230
207	218	212	223	345	31	1.281039
208	219	213	224	66	95	1.609657
209	220	214	225	281	45	1.651716
212	223	217	228	245	5	2.293739
225	236	230	241	35	0	1.003458
241	252	251	262	179	82	3.568110
243	254	253	264	22	65	2.697198
244	255	254	265	44	371	2.486300
247	258	257	268	216	121	1.107965
248	259	258	269	87	149	1.474472
250	261	260	271	41	161	2.027949
251	262	261	272	75	287	2.548505
253	264	263	274	164	256	2.413952
258	269	268	279	162	28	1.560721
274	285	284	295	222	378	2.809606
278	289	288	299	57	84	2.559962
280	291	290	301	74	389	3.056606
284	295	294	305	95	81	1.894859
289	300	299	310	119	44	2.044452
303	314	313	324	319	49	2.099008
323	334	333	344	345	31	1.281039
332	343	342	353	127	0	0.813264
333	344	343	354	149	0	2.014982
