start1	end1	start2	end2	frag1	frag2	frag_rmsd
4	15	1	12	357	107	3.338397
5	16	2	13	248	348	3.135096
18	29	13	24	208	363	3.585966
22	33	17	28	138	328	2.615349
29	40	24	35	294	33	2.272830
30	41	25	36	134	335	1.552550
31	42	26	37	156	63	3.190909
33	44	28	39	131	312	2.764994
48	59	45	56	379	248	1.639302
49	60	46	57	392	391	2.580232
50	61	47	58	80	323	2.704432
65	76	60	71	2	328	1.547551
72	83	67	78	33	294	2.272830
74	85	69	80	142	63	3.345190
91	102	87	98	183	391	2.447973
92	103	88	99	370	54	2.155444
106	117	100	111	264	41	2.357410
107	118	101	112	295	88	2.075790
108	119	102	113	194	262	3.477100
109	120	103	114	276	190	3.891003
110	121	104	115	22	56	3.171250
111	122	105	116	147	145	2.118707
112	123	106	117	240	125	2.712438
113	124	107	118	121	216	1.107965
114	125	108	119	27	5	1.592992
115	126	109	120	0	5	1.445826
146	157	139	150	318	167	2.812345
147	158	140	151	107	357	3.338397
148	159	141	152	80	203	1.863941
149	160	142	153	211	386	2.401985
150	161	143	154	246	122	3.134991
163	174	155	166	71	301	2.996809
165	176	157	168	57	356	1.996521
168	179	160	171	106	40	2.568277
