start1	end1	start2	end2	frag1	frag2	frag_rmsd
11	22	9	20	264	41	2.357410
12	23	10	21	295	88	2.075790
13	24	11	22	194	262	3.477100
51	62	48	59	318	167	2.812345
52	63	49	60	107	357	3.338397
53	64	50	61	80	203	1.863941
54	65	51	62	211	386	2.401985
68	79	64	75	71	301	2.996809
70	81	66	77	57	356	1.996521
73	84	69	80	106	40	2.568277
