start1	end1	start2	end2	frag1	frag2	frag_rmsd
1	12	4	15	371	0	2.685353
2	13	5	16	111	0	1.805292
3	14	6	17	16	0	0.775259
13	24	16	27	235	161	1.099262
32	43	35	46	368	0	2.061254
33	44	36	47	12	0	2.575342
34	45	37	48	170	16	2.037066
35	46	38	49	75	35	3.205594
36	47	39	50	337	166	3.021235
37	48	40	51	336	235	3.617550
38	49	41	52	327	277	3.203214
39	50	42	53	128	335	3.395526
41	52	44	55	30	3	3.326002
