start1	end1	start2	end2	frag1	frag2	frag_rmsd
7	18	1	12	16	0	0.775259
61	72	43	54	149	60	1.545532
62	73	44	55	17	60	2.255803
63	74	45	56	279	124	2.389898
64	75	46	57	62	110	3.309203
65	76	47	58	75	116	3.564635
95	106	73	84	27	0	0.813956
