start1	end1	start2	end2	frag1	frag2	frag_rmsd
5	16	4	15	389	126	2.201165
6	17	5	16	28	61	3.057408
7	18	6	17	38	258	3.849753
8	19	7	18	213	10	3.203020
9	20	8	19	229	358	3.523919
10	21	9	20	301	213	3.928504
11	22	10	21	262	48	2.274893
12	23	11	22	173	342	4.975341
13	24	12	23	210	3	4.518595
14	25	13	24	13	185	5.236418
15	26	14	25	330	210	5.127076
16	27	15	26	367	266	5.241898
17	28	16	27	365	330	5.090952
35	46	34	45	371	194	3.876448
36	47	35	46	111	95	3.541462
37	48	36	47	0	371	2.685353
38	49	37	48	0	111	1.805292
43	54	42	53	188	0	1.887540
44	55	43	54	338	0	3.404800
45	56	44	55	235	188	4.349294
46	57	45	56	33	338	3.734847
47	58	46	57	232	235	3.764349
48	59	47	58	254	33	3.962720
49	60	48	59	341	232	4.767128
50	61	49	60	136	335	4.001409
51	62	50	61	207	341	3.872161
52	63	51	62	289	136	4.149594
53	64	52	63	115	207	3.462780
54	65	53	64	76	289	3.679296
55	66	54	65	359	199	3.178620
57	68	56	67	75	359	3.257510
58	69	57	68	275	172	4.479870
59	70	58	69	9	75	3.527374
60	71	59	70	376	275	3.977460
61	72	60	71	254	9	3.361253
62	73	61	72	171	129	3.535253
63	74	62	73	110	396	3.827153
64	75	63	74	319	179	3.787838
65	76	64	75	354	97	4.509589
66	77	65	76	160	319	4.419033
67	78	66	77	345	109	4.117869
68	79	67	78	141	160	3.579970
69	80	68	79	45	345	3.818380
70	81	69	80	4	141	4.293645
71	82	70	81	0	45	2.973760
72	83	71	82	0	4	1.783926
78	89	77	88	188	0	1.887540
79	90	78	89	25	0	3.096916
80	91	79	90	235	188	4.349294
81	92	80	91	33	25	3.717212
82	93	81	92	355	161	4.372297
83	94	82	93	164	104	3.504585
84	95	83	94	174	355	3.323111
85	96	84	95	391	164	4.288272
86	97	85	96	357	174	4.019713
87	98	86	97	395	391	2.221324
88	99	87	98	132	357	1.964894
89	100	88	99	126	395	1.849402
92	103	91	102	258	360	2.306964
93	104	92	103	246	126	3.969727
94	105	93	104	329	258	3.987301
95	106	94	105	213	246	3.605427
114	125	111	122	33	338	3.734847
126	137	122	133	258	360	2.306964
127	138	123	134	386	126	3.543460
128	139	124	135	7	61	4.412926
129	140	125	136	328	389	3.683949
130	141	126	137	369	40	4.156805
131	142	127	138	22	130	3.095922
132	143	128	139	268	275	4.057277
133	144	129	140	256	275	4.479404
134	145	130	141	165	129	4.490783
135	146	131	142	174	305	5.034259
136	147	132	143	91	199	5.403834
137	148	133	144	57	199	5.633820
138	149	134	145	84	33	6.690660
139	150	135	146	126	232	6.568271
140	151	136	147	322	252	6.543968
