start1	end1	start2	end2	frag1	frag2	frag_rmsd
12	23	13	24	256	335	2.848730
42	53	43	54	208	124	2.503023
51	62	52	63	114	73	2.858654
89	100	94	105	4	224	1.600329
168	179	242	253	273	0	1.419073
188	199	262	273	255	208	1.969801
193	204	267	278	126	389	2.201165
195	206	269	280	246	386	2.014472
198	209	272	283	14	254	2.971511
218	229	292	303	84	126	1.909341
233	244	307	318	139	50	1.891742
236	247	310	321	305	65	2.583247
237	248	311	322	135	291	2.147803
293	304	367	378	260	16	1.076875
