start1	end1	start2	end2	frag1	frag2	frag_rmsd
40	51	39	50	200	367	3.473017
64	75	63	74	80	357	2.082122
69	80	68	79	78	14	3.228430
125	136	124	135	71	370	2.349638
130	141	129	140	28	114	1.637541
264	275	263	274	360	322	1.453720
268	279	267	278	167	293	1.284317
271	282	270	281	138	261	2.494118
290	301	289	300	355	307	2.511192
381	392	380	391	120	250	1.731988
