start1	end1	start2	end2	frag1	frag2	frag_rmsd
15	26	16	27	310	391	2.889263
21	32	22	33	329	38	2.609070
23	34	24	35	390	78	2.515234
47	58	46	57	221	120	3.367881
51	62	50	61	378	78	1.620040
104	115	94	105	341	4	1.639279
144	155	134	145	108	214	2.527123
159	170	149	160	18	25	1.880110
160	171	150	161	69	100	1.602674
215	226	204	215	383	316	2.436672
