start1	end1	start2	end2	frag1	frag2	frag_rmsd
16	27	27	38	31	231	1.286233
19	30	30	41	70	4	1.352136
