start1	end1	start2	end2	frag1	frag2	frag_rmsd
6	17	3	14	389	258	2.040431
79	90	115	126	16	0	0.775259
166	177	211	222	173	318	2.752165
167	178	212	223	211	395	2.688355
168	179	213	224	106	357	2.204060
201	212	257	268	4	0	1.783926
206	217	262	273	121	0	0.992640
