start1	end1	start2	end2	frag1	frag2	frag_rmsd
3	14	4	15	328	329	2.430959
8	19	9	20	218	262	3.151306
12	23	13	24	296	176	3.314622
13	24	14	25	372	11	3.816075
27	38	28	39	57	316	2.064021
32	43	33	44	141	148	3.091677
39	50	40	51	65	268	3.010671
41	52	42	53	1	43	2.128343
52	63	53	64	210	215	2.059582
55	66	56	67	369	276	1.368954
97	108	94	105	119	238	2.352658
100	111	97	108	371	216	1.502072
130	141	128	139	0	27	0.813956
161	172	165	176	258	61	1.652270
234	245	220	231	16	0	0.775259
274	285	262	273	89	73	3.308911
277	288	265	276	321	390	3.552566
298	309	290	301	61	270	2.370076
301	312	293	304	190	114	2.532336
308	319	300	311	376	273	2.872273
313	324	305	316	16	0	0.775259
315	326	307	318	196	0	1.046929
316	327	308	319	27	127	1.019607
320	331	312	323	0	273	1.419073
322	333	314	325	0	121	0.992640
341	352	331	342	396	65	2.073749
344	355	334	345	12	110	1.401705
346	357	336	347	325	154	3.383898
347	358	337	348	218	209	2.745118
