start1	end1	start2	end2	frag1	frag2	frag_rmsd
11	22	11	22	293	323	1.968250
42	53	42	53	146	67	2.723995
