start1	end1	start2	end2	frag1	frag2	frag_rmsd
8	19	4	15	154	139	3.325734
28	39	24	35	62	154	1.618152
30	41	26	37	372	9	2.266052
35	46	31	42	337	212	2.412341
64	75	60	71	77	79	2.104037
107	118	103	114	173	107	2.657406
114	125	110	121	150	152	2.343118
124	135	120	131	24	12	1.462726
136	147	132	143	215	239	1.429311
140	151	136	147	141	227	1.668724
143	154	139	150	79	77	2.104037
154	165	150	161	11	388	2.864817
162	173	158	169	59	367	2.032515
170	181	166	177	164	133	2.247627
176	187	172	183	293	198	2.517606
186	197	182	193	149	118	1.094155
191	202	187	198	363	164	1.880850
194	205	190	201	84	356	1.970757
232	243	228	239	31	237	1.767577
282	293	278	289	256	6	2.076516
299	310	295	306	154	221	3.453129
301	312	297	308	107	395	2.432305
305	316	301	312	126	395	1.849402
351	362	347	358	312	317	3.390242
405	416	399	410	95	141	1.602886
482	493	473	484	246	297	2.516265
509	520	500	511	272	91	2.404085
552	563	543	554	6	256	2.076516
553	564	544	555	362	174	2.428462
620	631	611	622	35	0	1.003458
623	634	614	625	18	251	1.457612
624	635	615	626	249	259	1.609861
629	640	620	631	98	59	3.540642
632	643	623	634	142	165	3.215587
634	645	625	636	178	183	1.884271
647	658	638	649	360	84	1.521872
670	681	661	672	392	132	1.839294
706	717	697	708	348	313	2.381382
738	749	729	740	392	126	1.978049
746	757	737	748	200	333	3.420119
752	763	743	754	220	190	2.257655
766	777	757	768	16	0	0.775259
780	791	771	782	68	92	2.546092
