start1	end1	start2	end2	frag1	frag2	frag_rmsd
75	86	76	87	51	148	2.873766
77	88	78	89	267	274	3.806426
114	125	115	126	306	112	3.284950
115	126	116	127	200	112	3.304526
118	129	119	130	116	352	1.676554
168	179	169	180	98	6	2.827583
176	187	177	188	106	61	2.496793
205	216	206	217	215	198	2.064482
233	244	234	245	235	277	1.734496
258	269	259	270	274	138	2.648986
288	299	289	300	143	157	2.115800
291	302	292	303	140	203	3.090049
292	303	293	304	191	148	2.267190
