start1	end1	start2	end2	frag1	frag2	frag_rmsd
91	102	88	99	293	167	1.284317
92	103	89	100	191	92	2.547382
98	109	95	106	4	111	0.994513
