start1	end1	start2	end2	frag1	frag2	frag_rmsd
12	23	14	25	374	114	1.630636
57	68	63	74	40	253	3.260938
59	70	65	76	114	351	2.335949
60	71	66	77	56	193	2.495541
83	94	89	100	84	322	1.955336
86	97	92	103	106	395	2.587321
87	98	93	104	322	176	3.137389
105	116	110	121	84	360	1.521872
216	227	219	230	258	158	2.560971
218	229	221	232	357	10	2.250248
220	231	223	234	274	364	1.999522
222	233	225	236	194	225	1.011234
223	234	226	237	141	22	1.438165
229	240	232	243	93	355	2.537338
250	261	253	264	314	108	3.357189
251	262	254	265	67	202	3.297891
260	271	263	274	45	371	1.366556
261	272	264	275	4	111	0.994513
