start1	end1	start2	end2	frag1	frag2	frag_rmsd
3	14	3	14	360	322	1.453720
50	61	48	59	389	313	2.390236
96	107	97	108	344	55	3.214371
97	108	98	109	77	214	2.735662
102	113	103	114	97	341	3.529144
