start1	end1	start2	end2	frag1	frag2	frag_rmsd
8	19	10	21	2	328	1.547551
69	80	71	82	231	346	1.531187
96	107	98	109	123	223	1.416700
104	115	106	117	166	25	1.364085
105	116	107	118	161	235	1.099262
109	120	111	122	331	157	2.546407
110	121	112	123	379	316	2.363083
140	151	141	152	61	389	1.926015
151	162	152	163	383	379	2.491252
152	163	153	164	248	357	1.838513
153	164	154	165	42	391	2.281049
155	166	156	167	395	392	1.956324
170	181	170	181	95	141	1.602886
177	188	177	188	349	236	2.677930
182	193	182	193	48	325	3.404059
195	206	195	206	30	385	3.463468
204	215	204	215	328	2	1.547551
210	221	210	221	62	154	1.618152
213	224	213	224	345	312	3.364975
219	230	219	230	9	372	2.266052
236	247	236	247	125	1	1.934180
251	262	251	262	69	284	2.015183
253	264	253	264	359	280	3.060039
257	268	257	268	394	223	1.646543
285	296	286	297	131	192	2.850174
291	302	292	303	378	229	1.841616
297	308	298	309	40	68	2.517635
303	314	304	315	111	4	0.994513
324	335	325	336	367	59	2.032515
325	336	326	337	256	393	2.993821
