start1	end1	start2	end2	frag1	frag2	frag_rmsd
16	27	16	27	193	86	1.791219
43	54	43	54	338	25	1.152231
48	59	48	59	112	156	3.015267
