start1	end1	start2	end2	frag1	frag2	frag_rmsd
46	57	38	49	18	338	1.332509
47	58	39	50	69	377	1.451916
58	69	50	61	375	367	2.523916
