start1	end1	start2	end2	frag1	frag2	frag_rmsd
22	33	21	32	0	127	0.813264
23	34	22	33	368	149	1.387412
24	35	23	34	12	110	1.401705
25	36	24	35	49	279	1.758674
26	37	25	36	52	387	1.739645
29	40	28	39	93	78	3.222008
30	41	29	40	342	301	2.307304
32	43	31	42	91	157	2.006819
33	44	32	43	107	395	2.432305
36	47	35	46	28	204	2.411456
37	48	36	47	73	96	2.402429
82	93	83	94	84	392	2.236722
93	104	94	105	121	170	1.774213
102	113	103	114	88	288	2.629394
107	118	108	119	345	276	2.060965
108	119	109	120	141	227	1.668724
115	126	116	127	0	184	1.197355
131	142	131	142	143	318	2.218027
132	143	132	143	318	395	2.216742
133	144	133	144	176	318	3.058305
134	145	134	145	389	176	2.556364
137	148	137	148	244	278	2.207314
187	198	183	194	348	162	2.624541
192	203	188	199	372	291	3.119689
223	234	220	231	319	104	2.417601
229	240	226	237	17	110	1.336081
