start1	end1	start2	end2	frag1	frag2	frag_rmsd
68	79	56	67	277	33	2.543323
92	103	81	92	256	6	2.076516
100	111	89	100	371	241	2.038166
101	112	90	101	111	23	1.303435
102	113	91	102	0	27	0.813956
117	128	107	118	293	389	2.078620
118	129	108	119	274	73	2.896609
126	137	116	127	291	376	3.006765
174	185	155	166	35	0	1.003458
175	186	156	167	0	127	0.813264
176	187	157	168	16	260	1.076875
