start1	end1	start2	end2	frag1	frag2	frag_rmsd
20	31	19	30	203	348	1.790407
31	42	30	41	78	213	2.359219
34	45	33	44	331	39	2.341424
35	46	34	45	349	39	1.813420
45	56	44	55	91	57	2.021486
47	58	46	57	348	258	2.128741
48	59	47	58	293	28	2.419510
53	64	52	63	393	250	2.576258
60	71	59	70	163	92	2.362957
61	72	60	71	54	253	1.914846
