start1	end1	start2	end2	frag1	frag2	frag_rmsd
8	19	8	19	108	120	2.773258
9	20	9	20	212	108	3.045963
11	22	11	22	172	38	2.710375
25	36	25	36	183	140	2.520867
38	49	38	49	42	357	2.024226
71	82	71	82	132	322	1.945705
98	109	98	109	335	201	2.958647
207	218	201	212	95	148	2.940162
216	227	210	221	299	189	2.560053
220	231	214	225	193	145	1.740992
295	306	289	300	78	88	3.079716
357	368	350	361	308	102	3.468880
361	372	354	365	375	393	2.214683
430	441	423	434	178	379	1.774921
458	469	449	460	375	393	2.214683
467	478	458	469	38	163	2.391719
472	483	463	474	253	248	2.693913
495	506	486	497	329	73	2.227621
506	517	497	508	293	323	1.968250
515	526	506	517	178	57	1.951934
562	573	553	564	17	251	1.487591
563	574	554	565	339	124	1.907543
567	578	558	569	334	10	2.691884
