start1	end1	start2	end2	frag1	frag2	frag_rmsd
23	34	23	34	121	216	1.107965
39	50	39	50	10	293	1.943477
68	79	68	79	248	389	2.208556
83	94	83	94	9	7	3.639630
86	97	86	97	281	268	2.328089
88	99	88	99	177	284	2.470883
90	101	90	101	355	361	2.615853
94	105	94	105	126	132	2.227804
95	106	95	106	84	356	1.970757
96	107	96	107	360	322	1.453720
101	112	101	112	386	297	2.304549
107	118	107	118	302	133	2.836895
111	122	111	122	360	322	1.453720
112	123	112	123	360	126	2.237959
114	125	114	125	322	360	1.453720
117	128	117	128	28	73	2.597259
121	132	121	132	301	97	2.847391
