start1	end1	start2	end2	frag1	frag2	frag_rmsd
66	77	66	77	86	2	1.884148
69	80	69	80	147	45	1.713468
71	82	71	82	27	0	0.813956
77	88	77	88	103	6	2.355410
