start1	end1	start2	end2	frag1	frag2	frag_rmsd
37	48	45	56	281	45	1.651716
38	49	46	57	70	179	2.491249
