start1	end1	start2	end2	frag1	frag2	frag_rmsd
79	90	78	89	91	151	2.263245
84	95	83	94	395	126	1.849402
