start1	end1	start2	end2	frag1	frag2	frag_rmsd
46	57	42	53	126	84	1.909341
67	78	62	73	14	247	2.973497
70	81	65	76	112	138	3.231930
72	83	67	78	229	21	2.030465
