start1	end1	start2	end2	frag1	frag2	frag_rmsd
22	33	21	32	338	25	1.152231
24	35	23	34	33	294	2.272830
36	47	35	46	16	5	1.629181
41	52	40	51	110	180	1.207298
