start1	end1	start2	end2	frag1	frag2	frag_rmsd
35	46	50	61	60	127	1.135321
36	47	51	62	149	60	1.545532
38	49	53	64	69	380	1.745337
39	50	54	65	233	88	2.259696
41	52	56	67	280	385	2.491078
42	53	57	68	160	138	2.227130
117	128	134	145	0	16	0.775259
118	129	135	146	0	16	0.775259
