start1	end1	start2	end2	frag1	frag2	frag_rmsd
37	48	28	39	318	61	2.627923
41	52	32	43	312	213	1.883397
43	54	34	45	120	301	2.951421
45	56	36	47	302	316	2.819252
48	59	39	50	7	122	2.510319
50	61	41	52	117	390	3.246685
52	63	43	54	133	97	1.973700
60	71	51	62	133	298	3.008662
