start1	end1	start2	end2	frag1	frag2	frag_rmsd
8	19	7	18	391	205	2.622841
29	40	28	39	336	103	2.985805
44	55	43	54	283	101	2.199898
51	62	50	61	360	61	1.959112
54	65	53	64	167	293	1.284317
63	74	62	73	42	357	2.024226
67	78	66	77	323	293	1.968250
76	87	75	86	239	40	2.307218
91	102	90	101	57	91	2.021486
