start1	end1	start2	end2	frag1	frag2	frag_rmsd
13	24	14	25	232	6	1.900358
19	30	20	31	130	102	2.413590
40	51	45	56	386	246	2.014472
59	70	64	75	294	33	2.272830
64	75	69	80	229	78	2.235105
67	78	72	83	178	253	2.074688
131	142	138	149	379	42	2.539853
