start1	end1	start2	end2	frag1	frag2	frag_rmsd
17	28	26	37	0	16	0.775259
18	29	27	38	0	127	0.813264
