start1	end1	start2	end2	frag1	frag2	frag_rmsd
42	53	4	15	325	187	2.842318
43	54	5	16	151	325	2.813827
45	56	7	18	274	56	2.377615
113	124	67	78	162	351	2.473278
165	176	112	123	0	16	0.775259
195	206	140	151	258	389	2.040431
203	214	148	159	95	66	1.609657
264	275	210	221	321	79	2.684195
307	318	246	257	364	212	1.843570
310	321	249	260	148	55	1.769837
313	324	252	263	210	116	2.716631
349	360	287	298	0	35	1.003458
391	402	324	335	0	127	0.813264
