start1	end1	start2	end2	frag1	frag2	frag_rmsd
30	41	30	41	235	100	1.231875
37	48	37	48	313	389	2.390236
82	93	75	86	232	6	1.900358
107	118	100	111	389	323	2.182032
137	148	127	138	218	296	3.087577
138	149	128	139	372	343	2.617812
139	150	129	140	53	176	2.615884
140	151	130	141	90	72	2.571062
186	197	176	187	107	318	2.418216
188	199	178	189	126	42	2.008935
226	237	207	218	132	357	1.964894
227	238	208	219	126	322	2.289807
229	240	210	221	61	158	2.386508
