start1	end1	start2	end2	frag1	frag2	frag_rmsd
22	33	24	35	103	160	2.737667
59	70	61	72	77	380	2.239592
63	74	65	76	272	255	2.891372
68	79	70	81	51	141	1.428009
88	99	90	101	0	16	0.775259
124	135	126	137	23	27	1.068713
134	145	136	147	33	100	2.701198
138	149	140	151	346	231	1.531187
174	185	175	186	0	35	1.003458
175	186	176	187	188	35	1.339917
176	187	177	188	271	166	2.101754
