start1	end1	start2	end2	frag1	frag2	frag_rmsd
13	24	5	16	328	192	2.787171
26	37	18	29	318	74	2.154001
50	61	42	53	0	16	0.775259
54	65	46	57	235	100	1.231875
97	108	89	100	70	4	1.352136
113	124	105	116	374	162	2.026859
123	134	115	126	85	108	2.259970
142	153	134	145	298	218	2.714907
