start1	end1	start2	end2	frag1	frag2	frag_rmsd
14	25	11	22	32	102	2.934206
16	27	13	24	141	129	2.508890
23	34	20	31	27	0	0.813956
38	49	35	46	174	133	1.804231
43	54	40	51	92	293	2.575480
56	67	53	64	288	311	1.718799
81	92	78	89	178	349	2.466717
82	93	79	90	145	74	3.174374
114	125	105	116	11	136	1.955935
