start1	end1	start2	end2	frag1	frag2	frag_rmsd
1	12	1	12	395	40	2.957432
29	40	29	40	280	366	2.069810
45	56	45	56	248	392	2.328470
49	60	49	60	96	13	1.738752
