start1	end1	start2	end2	frag1	frag2	frag_rmsd
27	38	9	20	322	61	1.532523
45	56	27	38	343	328	1.513701
68	79	50	61	234	48	3.390534
69	80	51	62	361	342	2.191841
70	81	52	63	164	331	2.758323
140	151	123	134	28	329	2.589986
