start1	end1	start2	end2	frag1	frag2	frag_rmsd
59	70	59	70	18	271	1.069917
66	77	66	77	141	22	1.438165
87	98	87	98	3	262	3.090472
100	111	100	111	265	262	3.238337
101	112	101	112	268	299	2.793043
154	165	157	168	0	16	0.775259
192	203	196	207	105	188	1.430055
