start1	end1	start2	end2	frag1	frag2	frag_rmsd
11	22	10	21	77	359	2.382337
16	27	15	26	304	103	3.603980
48	59	47	58	202	296	2.917733
61	72	60	71	274	286	2.640733
