start1	end1	start2	end2	frag1	frag2	frag_rmsd
19	30	18	29	35	127	1.273794
47	58	41	52	346	43	2.303453
115	126	123	134	51	95	1.563872
