start1	end1	start2	end2	frag1	frag2	frag_rmsd
105	116	108	119	380	287	1.753020
111	122	114	125	389	323	2.182032
134	145	134	145	374	162	2.026859
137	148	137	148	95	51	1.563872
173	184	172	183	183	143	1.720893
176	187	175	186	246	320	2.330997
190	201	191	202	255	178	1.895190
251	262	249	260	4	111	0.994513
302	313	326	337	132	84	2.205557
