start1	end1	start2	end2	frag1	frag2	frag_rmsd
28	39	32	43	374	162	2.026859
61	72	65	76	294	33	2.272830
74	85	78	89	261	361	3.540151
128	139	131	142	68	152	3.204236
132	143	135	146	251	108	3.668220
133	144	136	147	214	277	3.103451
146	157	149	160	338	25	1.152231
150	161	153	164	98	256	2.625404
156	167	159	170	84	356	1.970757
193	204	185	196	157	302	1.373132
195	206	187	198	374	351	2.405416
