start1	end1	start2	end2	frag1	frag2	frag_rmsd
34	45	39	50	158	389	2.036257
35	46	40	51	204	158	2.660397
39	50	44	55	247	342	2.991336
41	52	46	57	146	163	2.035090
60	71	65	76	189	154	3.448624
61	72	66	77	142	63	3.345190
100	111	90	101	215	323	2.735913
101	112	91	102	312	58	2.499082
198	209	137	148	127	16	1.158335
217	228	156	167	95	15	1.966391
506	517	345	356	5	217	1.208122
508	519	347	358	217	4	1.467713
509	520	348	359	0	49	1.806828
511	522	350	361	27	273	1.481073
