start1	end1	start2	end2	frag1	frag2	frag_rmsd
28	39	25	36	11	199	2.956805
32	43	29	40	107	356	1.430031
52	63	49	60	356	132	2.067486
57	68	54	65	92	10	1.712565
58	69	55	66	163	92	2.362957
59	70	56	67	342	64	2.625565
60	71	57	68	342	48	2.998639
61	72	58	69	331	97	2.080183
