start1	end1	start2	end2	frag1	frag2	frag_rmsd
3	14	3	14	260	16	1.076875
4	15	4	15	49	121	1.746885
5	16	5	16	52	144	1.886184
6	17	6	17	256	271	2.524821
7	18	7	18	69	377	1.451916
8	19	8	19	46	33	3.460828
9	20	9	20	93	366	2.320488
10	21	10	21	48	39	2.814481
11	22	11	22	186	331	2.832080
13	24	13	24	97	183	3.146371
15	26	15	26	208	57	2.152129
37	48	37	48	361	342	2.191841
54	65	54	65	372	129	3.299791
89	100	89	100	45	147	1.713468
92	103	92	103	110	24	1.015908
103	114	103	114	64	163	2.102946
106	117	106	117	370	187	2.687978
108	119	108	119	210	152	2.936843
109	120	109	120	150	152	2.343118
113	124	113	124	254	252	2.346974
115	126	115	126	203	143	2.143008
