start1	end1	start2	end2	frag1	frag2	frag_rmsd
24	35	42	53	323	389	2.182032
113	124	142	153	107	356	1.430031
115	126	144	155	158	389	2.036257
122	133	151	162	119	44	2.044452
183	194	210	221	144	188	1.413047
185	196	212	223	381	104	2.498403
247	258	255	266	13	266	1.425161
277	288	287	298	357	57	2.268519
