start1	end1	start2	end2	frag1	frag2	frag_rmsd
79	90	53	64	239	215	1.429311
80	91	54	65	56	329	2.670926
81	92	55	66	292	117	2.762161
126	137	99	110	35	0	1.003458
