start1	end1	start2	end2	frag1	frag2	frag_rmsd
54	65	69	80	389	42	2.149086
55	66	70	81	40	391	2.291833
