start1	end1	start2	end2	frag1	frag2	frag_rmsd
16	27	15	26	121	0	0.992640
26	37	25	36	302	3	2.726615
