start1	end1	start2	end2	frag1	frag2	frag_rmsd
2	13	2	13	322	360	1.453720
8	19	8	19	274	28	3.360809
12	23	12	23	45	281	1.651716
27	38	27	38	57	391	2.913520
28	39	28	39	178	357	2.306823
50	61	52	63	196	121	1.241736
63	74	65	76	298	253	2.223505
67	78	69	80	357	126	2.400813
70	81	72	83	395	357	2.192089
