start1	end1	start2	end2	frag1	frag2	frag_rmsd
64	75	57	68	127	0	0.813264
66	77	59	70	180	18	1.503133
