start1	end1	start2	end2	frag1	frag2	frag_rmsd
7	18	7	18	160	333	2.412519
17	28	17	28	375	390	2.986092
21	32	21	32	28	162	1.560721
25	36	25	36	281	268	2.328089
45	56	47	58	162	215	2.221407
49	60	51	62	159	200	2.404390
62	73	64	75	365	301	2.827489
139	150	139	150	367	306	3.174957
185	196	184	195	200	367	3.473017
204	215	203	214	192	312	2.159358
