start1	end1	start2	end2	frag1	frag2	frag_rmsd
23	34	23	34	368	188	1.404624
74	85	74	85	375	393	2.214683
75	86	75	86	363	164	1.880850
87	98	87	98	240	184	1.274780
