start1	end1	start2	end2	frag1	frag2	frag_rmsd
3	14	4	15	126	84	1.909341
5	16	6	17	126	395	1.849402
15	26	16	27	57	143	2.304628
68	79	71	82	228	268	3.095981
82	93	85	96	164	365	2.534748
83	94	86	97	174	133	1.804231
84	95	87	98	54	331	2.439269
85	96	88	99	178	379	1.774921
87	98	90	101	309	89	1.629779
133	144	136	147	98	104	2.569445
134	145	137	148	179	307	3.176086
166	177	169	180	136	30	2.124963
239	250	242	253	366	232	2.061297
248	259	251	262	92	10	1.712565
264	275	267	278	121	170	1.774213
