start1	end1	start2	end2	frag1	frag2	frag_rmsd
35	46	45	56	220	326	2.594551
36	47	46	57	26	65	2.702727
59	70	69	80	127	16	1.158335
60	71	70	81	16	12	2.056641
61	72	71	82	121	184	1.193672
64	75	74	85	235	79	2.273249
66	77	76	87	232	93	2.165914
