start1	end1	start2	end2	frag1	frag2	frag_rmsd
4	15	4	15	389	167	1.584191
5	16	5	16	215	239	1.429311
6	17	6	17	38	56	2.363646
25	36	25	36	75	33	2.578365
26	37	26	37	6	254	2.933752
27	38	27	38	164	171	2.705057
31	42	31	42	57	178	1.951934
55	66	54	65	14	342	2.230074
56	67	55	66	250	182	2.918584
82	93	81	92	73	152	2.865449
99	110	98	109	338	25	1.152231
101	112	100	111	33	88	2.091698
122	133	121	132	0	16	0.775259
130	141	129	140	253	8	2.296052
153	164	152	163	73	210	2.056321
158	169	157	168	223	123	1.416700
175	186	174	185	363	164	1.880850
178	189	177	188	132	392	1.839294
180	191	179	190	126	322	2.289807
227	238	226	237	191	386	2.742571
