start1	end1	start2	end2	frag1	frag2	frag_rmsd
51	62	57	68	363	164	1.880850
56	67	62	73	158	215	2.376886
111	122	115	126	0	127	0.813264
205	216	252	263	132	143	2.277784
207	218	254	265	258	132	2.635888
