start1	end1	start2	end2	frag1	frag2	frag_rmsd
19	30	27	38	35	0	1.003458
26	37	34	45	302	363	2.467216
191	202	244	255	126	107	2.640432
200	211	253	264	287	277	1.480842
201	212	254	265	311	283	2.735094
205	216	258	269	226	71	2.608111
208	219	261	272	360	107	2.749925
227	238	278	289	322	61	1.532523
228	239	279	290	322	389	2.292898
230	241	281	292	28	162	1.560721
