start1	end1	start2	end2	frag1	frag2	frag_rmsd
15	26	17	28	98	177	2.962494
31	42	32	43	192	56	3.050698
