start1	end1	start2	end2	frag1	frag2	frag_rmsd
134	145	106	117	126	395	1.849402
135	146	107	118	322	132	1.945705
