start1	end1	start2	end2	frag1	frag2	frag_rmsd
109	120	127	138	84	42	2.426355
128	139	146	157	391	40	2.291833
129	140	147	158	178	183	1.884271
