start1	end1	start2	end2	frag1	frag2	frag_rmsd
38	49	54	65	110	12	1.401705
44	55	60	71	374	158	1.692551
57	68	73	84	313	389	2.390236
66	77	82	93	263	14	2.790726
68	79	84	95	3	302	2.726615
69	80	85	96	91	57	2.021486
70	81	86	97	57	356	1.996521
74	85	90	101	114	190	2.532336
75	86	91	102	206	308	1.972609
104	115	123	134	181	214	2.950031
122	133	144	155	322	360	1.453720
123	134	145	156	258	126	2.311822
150	161	172	183	258	106	2.446350
200	211	208	219	95	51	1.563872
208	219	216	227	277	41	1.800987
217	228	225	236	204	10	2.009667
238	249	246	257	318	313	2.326547
243	254	251	262	214	85	2.252746
248	259	256	267	218	3	2.879787
255	266	263	274	27	127	1.019607
257	268	265	276	121	0	0.992640
258	269	266	277	27	0	0.813956
292	303	305	316	348	162	2.624541
303	314	316	327	277	381	2.847991
309	320	322	333	0	16	0.775259
332	343	345	356	195	177	2.959332
