start1	end1	start2	end2	frag1	frag2	frag_rmsd
33	44	32	43	194	225	1.011234
36	47	35	46	179	144	2.704096
38	49	37	48	168	339	1.861038
69	80	75	86	307	93	2.669688
116	127	124	135	282	267	2.231416
134	145	142	153	363	302	2.467216
