start1	end1	start2	end2	frag1	frag2	frag_rmsd
4	15	4	15	125	207	2.298237
8	19	8	19	25	180	2.193725
107	118	94	105	276	195	1.460134
