start1	end1	start2	end2	frag1	frag2	frag_rmsd
91	102	50	61	376	9	2.546357
92	103	51	62	396	129	2.522659
93	104	52	63	347	223	1.938153
96	107	55	66	188	368	1.404624
100	111	59	70	232	6	1.900358
