start1	end1	start2	end2	frag1	frag2	frag_rmsd
9	20	10	21	62	279	2.351110
15	26	16	27	393	164	2.491372
16	27	17	28	383	363	2.767696
38	49	39	50	81	148	3.158078
44	55	45	56	396	227	2.329098
54	65	55	66	273	16	1.325929
