start1	end1	start2	end2	frag1	frag2	frag_rmsd
12	23	12	23	367	375	2.523916
13	24	13	24	365	393	2.281657
