start1	end1	start2	end2	frag1	frag2	frag_rmsd
39	50	84	95	377	380	1.677706
41	52	86	97	355	113	2.008070
54	65	101	112	141	51	1.428009
68	79	114	125	246	210	3.138115
71	82	117	128	112	280	2.702842
73	84	119	130	8	202	3.200691
75	86	121	132	315	191	1.918851
83	94	129	140	100	235	1.231875
89	100	135	146	61	322	1.532523
90	101	136	147	374	176	2.511074
94	105	140	151	89	15	2.198231
97	108	143	154	16	220	1.564087
143	154	188	199	91	151	2.263245
144	155	189	200	348	143	2.671670
151	162	196	207	227	129	2.576417
152	163	197	208	394	396	2.782183
157	168	202	213	0	127	0.813264
186	197	231	242	173	3	2.825676
196	207	241	252	41	251	2.367647
197	208	242	253	233	287	1.914960
200	211	245	256	362	174	2.428462
202	213	247	258	151	318	2.401869
203	214	248	259	316	318	2.200800
207	218	252	263	274	138	2.648986
226	237	271	282	222	174	2.234287
242	253	287	298	371	45	1.366556
256	267	301	312	167	391	2.154784
257	268	302	313	40	10	1.570300
259	270	304	315	187	297	2.474313
275	286	321	332	34	361	2.613225
276	287	322	333	301	365	2.827489
280	291	326	337	176	68	2.753663
281	292	327	338	81	190	2.793509
283	294	329	340	72	145	2.234583
287	298	333	344	43	231	2.260142
