start1	end1	start2	end2	frag1	frag2	frag_rmsd
24	35	18	29	132	322	1.945705
27	38	21	32	42	126	2.008935
30	41	24	35	374	114	1.630636
50	61	45	56	354	247	2.853621
53	64	48	59	66	240	1.969179
80	91	71	82	278	111	1.961396
82	93	73	84	338	201	2.628320
91	102	82	93	322	126	2.289807
93	104	84	95	162	167	2.657010
94	105	85	96	329	96	1.925419
98	109	89	100	314	363	2.815277
99	110	90	101	157	91	2.006819
123	134	114	125	68	389	2.655854
169	180	157	168	250	365	2.607868
194	205	180	191	395	91	2.501168
198	209	184	195	360	322	1.453720
