start1	end1	start2	end2	frag1	frag2	frag_rmsd
13	24	13	24	226	298	2.107868
15	26	15	26	107	173	2.657406
49	60	49	60	122	96	1.013426
68	79	68	79	253	183	1.817367
78	89	78	89	73	329	2.227621
122	133	122	133	365	393	2.281657
162	173	162	173	389	258	2.040431
167	178	167	178	349	178	2.466717
168	179	168	179	349	263	2.146382
171	182	171	182	183	379	2.366043
197	208	197	208	132	178	2.174432
