start1	end1	start2	end2	frag1	frag2	frag_rmsd
19	30	21	32	295	162	3.178064
20	31	22	33	122	99	3.251304
28	39	30	41	107	74	2.697674
51	62	53	64	28	351	2.541163
65	76	67	78	5	26	2.797243
75	86	77	88	302	91	2.022399
111	122	112	123	277	100	1.693324
121	132	122	133	395	211	2.688355
122	133	123	134	148	318	2.921868
146	157	150	161	0	35	1.003458
154	165	158	169	91	298	2.033592
161	172	165	176	129	181	3.273770
174	185	179	190	31	231	1.286233
