start1	end1	start2	end2	frag1	frag2	frag_rmsd
30	41	30	41	284	377	2.025020
40	51	40	51	286	289	3.560170
75	86	74	85	322	61	1.532523
116	127	116	127	362	302	1.914259
165	176	175	186	10	80	2.388647
167	178	177	188	185	89	3.317347
168	179	178	189	286	11	2.873938
175	186	185	196	147	217	2.080728
193	204	203	214	178	379	1.774921
284	295	316	327	174	285	2.184810
285	296	317	328	298	173	3.246915
287	298	319	330	247	7	3.120444
288	299	320	331	92	312	2.438767
