start1	end1	start2	end2	frag1	frag2	frag_rmsd
8	19	8	19	392	322	2.364933
68	79	67	78	360	84	1.521872
114	125	115	126	162	258	2.601698
115	126	116	127	7	28	2.916860
121	132	122	133	57	107	2.508886
123	134	124	135	322	357	2.219787
124	135	125	136	126	389	2.201165
166	177	165	176	162	187	2.227353
211	222	195	206	297	162	2.762471
256	267	219	230	211	348	2.148105
264	275	227	238	333	103	3.127807
279	290	240	251	78	88	3.079716
344	355	297	308	371	95	2.542504
347	358	300	311	27	0	0.813956
348	359	301	312	127	0	0.813264
350	361	303	314	245	25	1.579703
355	366	308	319	57	302	2.286634
396	407	337	348	136	282	3.223454
401	412	342	353	111	105	1.800114
402	413	343	354	245	368	1.282466
404	415	345	356	233	104	2.407098
