start1	end1	start2	end2	frag1	frag2	frag_rmsd
46	57	46	57	61	389	1.926015
48	59	48	59	329	38	2.609070
85	96	88	99	15	220	1.671599
123	134	126	137	276	194	2.357682
124	135	127	138	227	141	1.668724
142	153	145	156	338	25	1.152231
157	168	160	171	300	128	3.067607
169	180	172	183	239	389	2.206659
174	185	177	188	159	200	2.404390
203	214	207	218	111	196	1.803074
212	223	216	227	227	22	2.276264
214	225	218	229	169	224	2.223352
230	241	234	245	117	32	3.281039
235	246	239	250	336	304	2.812236
236	247	240	251	128	304	3.480455
257	268	262	273	308	99	1.671209
264	275	269	280	45	216	1.903162
282	293	287	298	316	272	2.636248
315	326	320	331	0	35	1.003458
