start1	end1	start2	end2	frag1	frag2	frag_rmsd
17	28	20	31	28	386	1.926117
22	33	25	36	363	365	2.484110
35	46	38	49	397	15	1.948758
36	47	39	50	216	353	2.171190
38	49	41	52	267	271	2.239087
56	67	59	70	141	181	3.447492
57	68	60	71	301	361	2.339875
64	75	67	78	162	386	1.905714
