start1	end1	start2	end2	frag1	frag2	frag_rmsd
24	35	42	53	283	288	2.531015
30	41	48	59	167	198	2.269619
34	45	52	63	183	143	1.720893
35	46	53	64	316	395	2.625391
42	53	60	71	33	243	2.785083
44	55	62	73	98	256	2.625404
57	68	75	86	162	211	2.462839
74	85	92	103	356	208	3.016373
100	111	123	134	369	345	2.167561
170	181	191	202	207	225	1.967256
173	184	194	205	4	111	0.994513
193	204	214	225	84	126	1.909341
201	212	222	233	292	31	3.379191
217	228	238	249	297	74	2.608031
279	290	291	302	18	24	1.529172
281	292	293	304	154	124	2.667896
282	293	294	305	91	226	2.048829
284	295	296	307	203	348	1.790407
324	335	336	347	149	118	1.094155
335	346	347	358	162	211	2.462839
342	353	354	365	304	336	2.812236
345	356	357	368	221	108	2.587747
350	361	362	373	372	326	2.686344
353	364	365	376	45	123	1.488609
375	386	388	399	60	149	1.545532
382	393	395	406	9	32	2.432245
383	394	396	407	129	369	2.160628
390	401	403	414	313	167	2.555667
391	402	404	415	40	10	1.570300
393	404	406	417	163	334	2.893576
407	418	420	431	169	4	1.747250
438	449	451	462	164	363	1.880850
440	451	453	464	91	318	2.313832
498	509	493	504	169	118	2.120396
499	510	494	505	180	251	1.423305
507	518	502	513	357	391	1.962426
516	527	511	522	307	174	3.008662
526	537	521	532	193	153	1.727407
532	543	527	538	277	235	1.734496
538	549	533	544	78	112	3.056163
542	553	537	548	316	74	2.446235
543	554	538	549	167	158	1.812316
545	556	540	551	2	80	2.643041
553	564	548	559	369	276	1.368954
563	574	558	569	35	0	1.003458
575	586	570	581	42	389	2.149086
580	591	575	586	129	276	2.280948
581	592	576	587	22	394	2.764360
605	616	600	611	212	47	2.287796
642	653	637	648	151	91	2.263245
645	656	640	651	258	61	1.652270
647	658	642	653	92	10	1.712565
648	659	643	654	247	163	1.946979
649	660	644	655	152	274	2.290286
651	662	646	657	32	292	2.035472
683	694	678	689	236	136	2.411020
687	698	682	693	238	119	2.352658
711	722	706	717	23	4	1.335798
727	738	722	733	338	25	1.152231
730	741	725	736	6	335	1.971828
731	742	726	737	156	335	3.693428
735	746	730	741	227	141	1.668724
737	748	732	743	52	169	2.403494
741	752	736	747	325	326	3.561419
