start1	end1	start2	end2	frag1	frag2	frag_rmsd
145	156	17	28	180	251	1.423305
158	169	30	41	376	33	3.609372
275	286	102	113	125	220	1.914140
524	535	373	384	207	1	1.582075
525	536	374	385	220	15	1.671599
581	592	394	405	16	0	0.775259
627	638	444	455	117	213	2.137352
628	639	445	456	112	78	3.056163
643	654	459	470	0	127	0.813264
660	671	475	486	360	84	1.521872
731	742	521	532	133	156	2.474404
732	743	522	533	236	156	3.097445
