start1	end1	start2	end2	frag1	frag2	frag_rmsd
16	27	13	24	342	19	2.579576
21	32	18	29	349	10	3.205097
23	34	20	31	391	163	2.193995
45	56	44	55	127	0	0.813264
48	59	47	58	0	127	0.813264
94	105	92	103	107	74	2.697674
95	106	93	104	270	61	2.370076
126	137	132	143	248	178	2.184928
