start1	end1	start2	end2	frag1	frag2	frag_rmsd
8	19	8	19	223	123	1.416700
9	20	9	20	111	4	0.994513
114	125	111	122	389	158	2.036257
242	253	276	287	251	180	1.423305
247	258	281	292	316	143	2.409167
249	260	283	294	204	163	2.282314
319	330	351	362	127	0	0.813264
322	333	354	365	196	127	1.155792
323	334	355	366	127	149	1.616553
