start1	end1	start2	end2	frag1	frag2	frag_rmsd
26	37	19	30	198	40	1.579973
27	38	20	31	293	204	2.075474
31	42	24	35	276	129	2.280948
32	43	25	36	22	396	2.425487
51	62	44	55	174	178	2.867621
69	80	63	74	369	192	2.809420
70	81	64	75	22	275	2.910979
135	146	125	136	253	298	2.223505
161	172	151	162	82	327	3.147020
164	175	154	165	179	206	2.935326
220	231	213	224	127	0	0.813264
222	233	215	226	16	0	0.775259
230	241	223	234	132	57	1.551260
256	267	249	260	4	111	0.994513
274	285	267	278	151	91	2.263245
341	352	335	346	319	315	1.797098
352	363	346	357	239	210	2.544192
356	367	350	361	261	112	3.078180
365	376	359	370	176	207	2.783500
367	378	361	372	244	60	2.826438
385	396	379	390	381	269	3.454477
386	397	380	391	134	129	2.629945
388	399	382	393	199	41	3.602207
393	404	387	398	383	398	2.420024
424	435	418	429	243	277	3.050054
426	437	420	431	6	103	2.355410
452	463	446	457	121	184	1.193672
453	464	447	458	0	184	1.197355
477	488	471	482	25	166	1.364085
482	493	476	487	230	382	3.192129
485	496	479	490	227	65	2.070036
501	512	495	506	35	127	1.273794
503	514	497	508	245	118	1.562188
506	517	500	511	359	290	2.473041
507	518	501	512	41	172	2.723785
509	520	503	514	101	117	3.519575
510	521	504	515	365	361	2.392314
511	522	505	516	363	314	2.815277
516	527	510	521	332	150	2.960658
559	570	550	561	244	388	2.900160
566	577	557	568	394	45	1.792183
582	593	573	584	144	118	1.639526
620	631	611	622	16	0	0.775259
626	637	617	628	180	271	1.646931
659	670	650	661	368	166	1.571683
