start1	end1	start2	end2	frag1	frag2	frag_rmsd
122	133	74	85	196	184	1.667884
125	136	77	88	287	277	1.480842
198	209	147	158	0	27	0.813956
228	239	180	191	56	329	2.670926
243	254	197	208	284	251	1.783480
253	264	207	218	176	114	1.989951
320	331	299	310	235	100	1.231875
324	335	303	314	3	174	2.344203
327	338	306	317	360	318	2.599279
