start1	end1	start2	end2	frag1	frag2	frag_rmsd
1	12	9	20	239	40	2.307218
2	13	10	21	38	204	2.799377
7	18	15	26	262	185	3.050917
14	25	22	33	101	280	2.023902
89	100	97	108	182	29	1.423903
105	116	113	124	118	144	1.639526
106	117	114	125	41	284	2.164096
107	118	115	126	287	104	2.087811
113	124	121	132	391	178	2.455732
136	147	145	156	390	78	2.515234
137	148	146	157	229	242	2.123930
138	149	147	158	221	298	2.475609
