start1	end1	start2	end2	frag1	frag2	frag_rmsd
7	18	7	18	292	82	2.425930
21	32	21	32	256	335	2.848730
60	71	60	71	345	125	2.275120
61	72	61	72	141	240	2.386243
62	73	62	73	216	371	1.502072
63	74	63	74	111	278	1.961396
64	75	64	75	121	184	1.193672
65	76	65	76	27	121	1.355932
86	97	86	97	0	121	0.992640
91	102	91	102	0	27	0.813956
112	123	112	123	89	309	1.629779
114	125	114	125	51	79	3.285637
121	132	121	132	190	351	2.514264
152	163	153	164	0	121	0.992640
153	164	154	165	0	27	0.813956
