start1	end1	start2	end2	frag1	frag2	frag_rmsd
2	13	13	24	150	274	3.098400
5	16	16	27	227	141	1.668724
48	59	62	73	368	166	1.571683
158	169	180	191	238	169	2.436671
162	173	184	195	9	5	3.625432
