start1	end1	start2	end2	frag1	frag2	frag_rmsd
19	30	20	31	395	187	2.388178
47	58	48	59	351	162	2.473278
67	78	68	79	391	357	1.962426
116	127	117	128	120	314	2.716567
118	129	119	130	158	351	3.074740
121	132	122	133	155	14	2.198745
144	155	145	156	91	255	2.289949
148	159	149	160	391	208	2.675059
149	160	150	161	132	395	2.384097
150	161	151	162	203	348	1.790407
151	162	152	163	297	167	2.343013
154	165	155	166	330	59	2.244902
156	167	157	168	300	393	2.432839
