start1	end1	start2	end2	frag1	frag2	frag_rmsd
10	21	10	21	48	212	3.079731
63	74	64	75	190	65	2.764554
103	114	99	110	5	94	1.412501
