start1	end1	start2	end2	frag1	frag2	frag_rmsd
86	97	87	98	179	281	2.644974
121	132	122	133	0	5	1.445826
122	133	123	134	0	5	1.445826
124	135	125	136	35	217	1.424302
125	136	126	137	245	127	2.014304
127	138	128	139	5	170	2.519731
128	139	129	140	5	196	1.762765
129	140	130	141	217	273	2.005378
131	142	132	143	0	121	0.992640
139	150	140	151	69	377	1.451916
142	153	143	154	116	349	2.896146
145	156	146	157	32	229	3.310535
146	157	147	158	129	8	3.597406
152	163	153	164	279	315	2.431656
160	171	161	172	346	1	1.971244
