start1	end1	start2	end2	frag1	frag2	frag_rmsd
71	82	39	50	111	4	0.994513
86	97	54	65	160	230	1.979840
97	108	65	76	196	37	1.126710
262	273	231	242	255	39	2.806205
315	326	283	294	235	100	1.231875
329	340	297	308	202	153	2.655498
338	349	306	317	16	260	1.076875
340	351	308	319	368	37	2.095011
343	354	311	322	52	228	1.946289
350	361	318	329	97	39	2.692864
362	373	330	341	25	338	1.152231
373	384	341	352	0	16	0.775259
378	389	346	357	0	121	0.992640
383	394	351	362	180	24	1.017167
388	399	356	367	56	320	2.638903
393	404	361	372	169	291	2.726337
399	410	367	378	379	97	2.953809
418	429	390	401	258	374	2.198304
448	459	417	428	84	126	1.909341
451	462	420	431	322	360	1.453720
453	464	422	433	357	258	1.886183
455	466	424	435	10	28	2.196024
463	474	432	443	132	357	1.964894
470	481	439	450	322	158	2.437978
480	491	449	460	274	364	1.999522
485	496	454	465	169	70	2.251334
489	500	458	469	325	226	2.023575
492	503	461	472	57	322	2.446228
507	518	476	487	389	61	1.926015
512	523	481	492	278	372	2.928331
550	561	510	521	309	343	2.655565
552	563	512	523	148	289	3.305116
554	565	514	525	124	341	3.388065
561	572	521	532	229	390	2.341461
562	573	522	533	301	361	2.339875
567	578	527	538	356	132	2.067486
568	579	528	539	360	322	1.453720
598	609	563	574	137	53	2.030414
623	634	589	600	132	322	1.945705
