start1	end1	start2	end2	frag1	frag2	frag_rmsd
1	12	1	12	322	132	1.945705
45	56	45	56	369	276	1.368954
49	60	49	60	319	315	1.797098
79	90	79	90	100	235	1.231875
84	95	84	95	342	213	2.983105
91	102	91	102	126	360	2.237959
105	116	105	116	91	132	2.241050
107	118	107	118	392	356	2.525602
110	121	110	121	258	61	1.652270
113	124	113	124	266	13	1.425161
131	142	131	142	96	138	3.064943
167	178	167	178	368	127	1.781241
