start1	end1	start2	end2	frag1	frag2	frag_rmsd
12	23	8	19	196	121	1.241736
13	24	9	20	0	127	0.813264
16	27	12	23	35	196	1.146322
48	59	52	63	27	0	0.813956
49	60	53	64	16	0	0.775259
