start1	end1	start2	end2	frag1	frag2	frag_rmsd
31	42	30	41	35	0	1.003458
35	46	34	45	288	33	1.743390
