start1	end1	start2	end2	frag1	frag2	frag_rmsd
3	14	3	14	0	35	1.003458
6	17	6	17	18	251	1.457612
7	18	7	18	377	287	2.089698
19	30	19	30	277	33	2.543323
