start1	end1	start2	end2	frag1	frag2	frag_rmsd
304	315	176	187	270	158	3.227631
331	342	205	216	379	178	1.774921
333	344	207	218	392	132	1.839294
390	401	231	242	258	348	2.128741
396	407	237	248	112	256	2.998153
398	409	239	250	174	208	3.044976
414	425	255	266	298	272	2.306193
421	432	262	273	61	357	2.416361
430	441	271	282	27	273	1.481073
