start1	end1	start2	end2	frag1	frag2	frag_rmsd
26	37	26	37	55	325	3.035719
32	43	32	43	126	203	3.096810
33	44	33	44	313	297	1.957711
39	50	39	50	120	314	2.716567
48	59	48	59	365	133	2.941455
61	72	61	72	247	246	2.037135
67	78	67	78	67	55	2.795099
68	79	68	79	55	71	2.565646
96	107	96	107	313	74	2.543058
107	118	107	118	148	21	2.335442
