start1	end1	start2	end2	frag1	frag2	frag_rmsd
15	26	12	23	127	0	0.813264
33	44	31	42	318	106	2.386148
50	61	47	58	4	123	1.970873
51	62	48	59	16	224	1.915156
52	63	49	60	16	184	1.241286
53	64	50	61	0	121	0.992640
54	65	51	62	0	27	0.813956
94	105	91	102	196	0	1.046929
95	106	92	103	0	127	0.813264
134	145	131	142	32	119	2.937466
