start1	end1	start2	end2	frag1	frag2	frag_rmsd
4	15	4	15	320	73	2.671755
7	18	7	18	129	227	2.576417
88	99	88	99	80	209	2.778434
118	129	118	129	374	323	2.760700
121	132	121	132	234	150	3.194808
176	187	176	187	33	139	2.240956
237	248	236	247	371	309	2.623056
258	269	257	268	374	158	1.692551
272	283	271	282	258	313	2.044899
281	292	280	291	146	242	1.806651
