start1	end1	start2	end2	frag1	frag2	frag_rmsd
17	28	17	28	327	59	2.076427
29	40	29	40	266	13	1.425161
40	51	40	51	167	158	1.812316
47	58	47	58	54	91	2.270861
49	60	49	60	322	84	1.955336
65	76	65	76	42	322	2.200412
105	116	105	116	378	64	2.573657
106	117	106	117	14	301	2.582257
108	119	108	119	302	157	1.373132
