start1	end1	start2	end2	frag1	frag2	frag_rmsd
20	31	19	30	340	275	4.106120
42	53	41	52	165	10	2.852401
52	63	51	62	27	0	0.813956
