start1	end1	start2	end2	frag1	frag2	frag_rmsd
4	15	13	24	61	322	1.532523
23	34	32	43	111	27	1.266595
47	58	58	69	258	167	2.425136
49	60	60	71	73	152	2.865449
51	62	62	73	32	276	2.058499
53	64	64	75	394	223	1.646543
55	66	66	77	23	0	1.327063
56	67	67	78	27	0	0.813956
