start1	end1	start2	end2	frag1	frag2	frag_rmsd
1	12	1	12	78	361	3.012149
2	13	2	13	21	314	3.257425
15	26	15	26	120	250	1.731988
19	30	19	30	328	7	1.961591
32	43	32	43	307	339	2.624244
34	45	34	45	349	373	2.057910
47	58	47	58	162	142	3.388681
65	76	65	76	272	363	3.044306
