start1	end1	start2	end2	frag1	frag2	frag_rmsd
6	17	6	17	374	343	3.146685
37	48	36	47	338	18	1.332509
42	53	41	52	222	174	2.234287
51	62	50	61	78	130	2.555793
106	117	98	109	95	51	1.563872
225	236	241	252	322	357	2.219787
229	240	245	256	106	198	2.191348
230	241	246	257	258	391	2.417334
243	254	260	271	73	38	2.949045
281	292	301	312	316	57	2.064021
284	295	304	315	2	343	1.502106
298	309	319	330	205	183	1.941978
304	315	325	336	204	68	1.976625
305	316	326	337	56	236	2.123746
310	321	331	342	212	291	3.117697
311	322	332	343	172	153	2.695999
349	360	370	381	272	157	2.542345
352	363	373	384	357	322	2.219787
359	370	380	391	361	300	2.667794
366	377	387	398	322	248	2.535011
367	378	388	399	42	392	2.128589
435	446	465	476	207	53	2.127619
436	447	466	477	15	51	2.489994
439	450	469	480	0	27	0.813956
