start1	end1	start2	end2	frag1	frag2	frag_rmsd
2	13	1	12	208	307	2.658720
4	15	3	14	157	302	1.373132
7	18	6	17	7	162	2.741569
8	19	7	18	312	328	2.691432
9	20	8	19	234	358	2.686912
10	21	9	20	361	342	2.191841
11	22	10	21	342	361	2.191841
12	23	11	22	174	39	2.661844
17	28	16	27	258	203	2.291121
