start1	end1	start2	end2	frag1	frag2	frag_rmsd
9	20	2	13	153	160	2.634094
10	21	3	14	31	231	1.286233
14	25	7	18	0	35	1.003458
29	40	22	33	276	129	2.280948
33	44	26	37	16	184	1.241286
36	47	29	40	16	0	0.775259
