start1	end1	start2	end2	frag1	frag2	frag_rmsd
5	16	5	16	0	27	0.813956
100	111	99	110	149	60	1.545532
105	116	104	115	171	254	2.333644
124	135	123	134	9	129	2.467110
