start1	end1	start2	end2	frag1	frag2	frag_rmsd
48	59	45	56	272	91	2.404085
133	144	114	125	215	210	2.059582
134	145	115	126	152	38	2.741259
