start1	end1	start2	end2	frag1	frag2	frag_rmsd
29	40	29	40	128	367	2.784997
91	102	91	102	107	310	3.602196
93	104	93	104	248	54	2.082630
