start1	end1	start2	end2	frag1	frag2	frag_rmsd
45	56	50	61	151	183	2.579834
49	60	54	65	274	73	2.896609
51	62	56	67	330	59	2.244902
52	63	57	68	375	367	2.523916
61	72	66	77	51	141	1.428009
66	77	71	82	294	119	1.937601
73	84	78	89	177	131	2.065757
