start1	end1	start2	end2	frag1	frag2	frag_rmsd
15	26	17	28	248	126	2.586560
17	28	19	30	297	389	2.558400
18	29	20	31	323	116	2.694430
23	34	25	36	314	363	2.815277
26	37	28	39	84	360	1.521872
51	62	51	62	0	35	1.003458
54	65	54	65	16	0	0.775259
82	93	77	88	167	374	2.251345
91	102	86	97	45	371	1.366556
92	103	87	98	4	111	0.994513
112	123	106	117	351	286	2.941866
