start1	end1	start2	end2	frag1	frag2	frag_rmsd
10	21	6	17	331	316	2.657642
11	22	7	18	68	389	2.655854
15	26	11	22	327	117	2.673967
17	28	13	24	262	48	2.274893
27	38	23	34	18	12	1.796352
30	41	26	37	366	317	2.358912
31	42	27	38	98	156	2.250425
87	98	80	91	362	315	1.653795
90	101	83	94	114	351	2.335949
118	129	111	122	232	335	2.508444
136	147	129	140	49	279	1.758674
145	156	138	149	27	0	0.813956
176	187	170	181	87	37	1.559357
213	224	207	218	0	127	0.813264
215	226	209	220	16	184	1.241286
216	227	210	221	121	196	1.241736
217	228	211	222	27	273	1.481073
218	229	212	223	16	60	1.442604
220	231	214	225	60	124	2.161067
255	266	249	260	3	174	2.344203
261	272	255	266	99	138	2.121803
264	275	258	269	388	216	2.444403
265	276	259	270	267	282	2.231416
266	277	260	271	69	18	2.017054
267	278	261	272	259	377	2.036123
268	279	262	273	189	119	4.047562
269	280	263	274	240	65	1.321092
271	282	265	276	53	397	2.331156
273	284	267	278	23	27	1.068713
274	285	268	279	27	0	0.813956
297	308	291	302	260	319	2.485894
298	309	292	303	295	75	1.792687
299	310	293	304	50	337	2.761247
306	317	300	311	174	331	1.879546
308	319	302	313	178	54	2.265003
309	320	303	314	151	218	2.653203
310	321	304	315	386	167	2.284802
312	323	306	317	140	242	2.685354
314	325	308	319	370	182	2.858389
339	350	333	344	16	0	0.775259
352	363	346	357	243	295	1.976107
354	365	348	359	131	330	3.741921
357	368	351	362	182	171	2.159352
360	371	354	365	241	207	2.929668
386	397	380	391	118	12	2.012904
401	412	395	406	180	18	1.503133
415	426	409	420	103	160	2.737667
417	428	411	422	66	95	1.609657
