start1	end1	start2	end2	frag1	frag2	frag_rmsd
5	16	5	16	80	318	2.387008
21	32	21	32	67	226	2.858493
23	34	23	34	73	382	2.980472
28	39	28	39	314	272	2.456653
33	44	33	44	337	122	3.131304
34	45	34	45	336	117	2.559996
70	81	70	81	267	275	4.047891
74	85	74	85	34	324	2.516852
76	87	76	87	173	157	2.666062
96	107	96	107	17	110	1.336081
99	110	99	110	290	151	3.656590
162	173	159	170	322	360	1.453720
196	207	193	204	291	381	2.672639
214	225	211	222	0	35	1.003458
254	265	251	262	149	127	1.616553
293	304	288	299	54	57	2.433783
