start1	end1	start2	end2	frag1	frag2	frag_rmsd
19	30	20	31	15	282	2.992862
21	32	22	33	52	311	3.058037
24	35	25	36	44	82	2.933000
56	67	57	68	23	125	2.388269
59	70	60	71	27	196	1.059651
93	104	94	105	223	396	2.481038
189	200	193	204	337	99	2.667194
235	246	239	250	149	118	1.094155
262	273	266	277	203	140	3.090049
