start1	end1	start2	end2	frag1	frag2	frag_rmsd
36	47	35	46	335	254	2.549212
46	57	45	56	163	334	2.893576
57	68	56	67	56	274	2.377615
60	71	59	70	141	65	2.029741
71	82	70	81	100	377	1.241297
101	112	100	111	251	284	1.783480
165	176	164	175	213	358	2.035530
167	178	166	177	301	229	2.428148
181	192	180	191	176	239	2.693058
182	193	181	192	228	239	3.482900
184	195	183	194	332	150	2.960658
188	199	187	198	285	108	3.598882
212	223	211	222	292	275	2.022552
