start1	end1	start2	end2	frag1	frag2	frag_rmsd
4	15	4	15	346	31	1.101450
51	62	51	62	161	271	1.954501
134	145	134	145	125	23	2.388269
190	201	190	201	189	267	3.781739
195	206	195	206	66	95	1.609657
196	207	196	207	147	45	1.713468
205	216	205	216	110	251	1.356883
210	221	210	221	214	364	3.076702
238	249	238	249	27	111	1.266595
239	250	239	250	0	27	0.813956
