start1	end1	start2	end2	frag1	frag2	frag_rmsd
3	14	3	14	225	194	1.011234
45	56	45	56	272	362	2.671278
73	84	73	84	0	16	0.775259
