start1	end1	start2	end2	frag1	frag2	frag_rmsd
2	13	2	13	157	302	1.373132
52	63	52	63	7	329	2.127910
61	72	61	72	357	132	1.964894
70	81	70	81	342	182	3.011760
72	83	72	83	2	202	2.509539
75	86	75	86	54	255	2.101437
108	119	106	117	370	183	2.048987
112	123	110	121	248	357	1.838513
113	124	111	122	392	395	1.956324
