start1	end1	start2	end2	frag1	frag2	frag_rmsd
41	52	38	49	22	51	1.833239
43	54	40	51	224	4	1.600329
44	55	41	52	184	0	1.197355
45	56	42	53	121	0	0.992640
