start1	end1	start2	end2	frag1	frag2	frag_rmsd
11	22	15	26	369	194	1.775960
37	48	43	54	394	347	2.069388
101	112	112	123	215	162	2.221407
