start1	end1	start2	end2	frag1	frag2	frag_rmsd
44	55	42	53	25	144	1.398598
82	93	80	91	360	132	2.169218
98	109	96	107	253	91	2.403003
105	116	103	114	297	167	2.343013
118	129	116	127	266	13	1.425161
123	134	121	132	202	218	3.501735
126	137	124	135	71	370	2.349638
127	138	125	136	253	183	1.817367
130	141	128	139	61	322	1.532523
131	142	129	140	357	126	2.400813
140	151	138	149	91	302	2.022399
143	154	141	152	360	322	1.453720
144	155	142	153	360	322	1.453720
163	174	161	172	358	130	2.067353
