start1	end1	start2	end2	frag1	frag2	frag_rmsd
22	33	21	32	0	35	1.003458
42	53	41	52	68	208	3.127074
52	63	51	62	91	57	2.021486
59	70	58	69	92	329	2.645551
85	96	84	95	156	385	2.695774
