start1	end1	start2	end2	frag1	frag2	frag_rmsd
4	15	4	15	132	322	1.945705
87	98	79	90	284	251	1.783480
141	152	133	144	4	111	0.994513
153	164	145	156	164	34	2.524144
161	172	153	164	211	386	2.401985
184	195	176	187	307	301	3.243083
186	197	178	189	57	356	1.996521
201	212	193	204	121	0	0.992640
212	223	204	215	174	250	2.790671
225	236	217	228	371	216	1.502072
233	244	225	236	311	243	1.853647
243	254	235	246	189	354	3.164164
297	308	289	300	345	195	2.125554
328	339	320	331	364	85	3.174595
330	341	322	333	64	39	2.616468
337	348	329	340	266	13	1.425161
342	353	334	345	173	57	2.731170
343	354	335	346	270	348	2.651409
346	357	338	349	152	13	3.354507
358	369	350	361	169	111	1.734636
