start1	end1	start2	end2	frag1	frag2	frag_rmsd
10	21	11	22	161	282	2.950303
20	31	21	32	111	27	1.266595
34	45	37	48	383	3	2.586232
35	46	38	49	248	151	2.019566
36	47	39	50	357	316	2.577589
37	48	40	51	178	357	2.306823
56	67	59	70	35	94	1.741150
81	92	83	94	371	216	1.502072
