start1	end1	start2	end2	frag1	frag2	frag_rmsd
2	13	2	13	348	313	2.381382
12	23	12	23	258	360	2.306964
20	31	20	31	157	178	2.103654
29	40	29	40	38	329	2.609070
30	41	30	41	117	213	2.137352
46	57	46	57	47	108	2.614443
71	82	71	82	56	38	2.363646
72	83	72	83	19	192	2.922500
