start1	end1	start2	end2	frag1	frag2	frag_rmsd
14	25	13	24	232	361	2.306906
16	27	15	26	247	364	2.424579
18	29	17	28	312	213	1.883397
