start1	end1	start2	end2	frag1	frag2	frag_rmsd
1	12	1	12	98	159	3.631023
3	14	3	14	112	136	3.164592
10	21	10	21	284	41	2.164096
13	24	13	24	355	67	3.265471
14	25	14	25	218	197	3.272914
15	26	15	26	140	187	2.242707
16	27	16	27	68	239	2.719429
19	30	19	30	117	59	3.251776
20	31	20	31	390	333	3.552772
