start1	end1	start2	end2	frag1	frag2	frag_rmsd
38	49	12	23	329	320	2.324045
39	50	13	24	292	329	3.144307
44	55	18	29	16	240	1.850213
144	155	71	82	165	183	2.842161
147	158	74	85	331	163	1.919656
175	186	108	119	298	363	2.950286
239	250	157	168	292	193	2.761904
240	251	158	169	195	369	2.269153
