start1	end1	start2	end2	frag1	frag2	frag_rmsd
20	31	16	27	50	52	2.835920
46	57	41	52	235	277	1.734496
48	59	43	54	232	6	1.900358
68	79	64	75	22	141	1.438165
71	82	67	78	240	184	1.274780
98	109	95	106	97	3	2.451993
100	111	97	108	57	316	2.064021
101	112	98	109	107	360	2.749925
147	158	146	157	132	57	1.551260
151	162	150	161	73	204	3.073344
208	219	222	233	4	111	0.994513
219	230	233	244	188	368	1.404624
220	231	234	245	338	18	1.332509
266	277	282	293	307	52	2.500414
289	300	302	313	227	141	1.668724
314	325	324	335	127	121	1.288055
368	379	385	396	27	111	1.266595
374	385	391	402	319	49	2.099008
382	393	399	410	117	138	3.037470
383	394	400	411	358	82	3.114150
389	400	406	417	114	246	2.430257
391	402	408	419	346	345	1.850387
394	405	411	422	119	238	2.352658
448	459	465	476	315	319	1.797098
598	609	619	630	112	342	2.771983
601	612	622	633	379	151	2.133956
602	613	623	634	178	391	2.455732
603	614	624	635	323	10	2.248517
606	617	627	638	183	331	2.314556
653	664	668	679	0	27	0.813956
674	685	690	701	138	247	2.727536
690	701	707	718	322	61	1.532523
711	722	727	738	218	242	2.669253
713	724	729	740	176	114	1.989951
714	725	730	741	89	56	2.670675
716	727	732	743	397	15	1.948758
