start1	end1	start2	end2	frag1	frag2	frag_rmsd
20	31	16	27	50	52	2.835920
46	57	41	52	235	277	1.734496
48	59	43	54	232	6	1.900358
68	79	64	75	22	141	1.438165
71	82	67	78	240	184	1.274780
97	108	94	105	200	156	3.188571
98	109	95	106	97	3	2.451993
