start1	end1	start2	end2	frag1	frag2	frag_rmsd
21	32	20	31	365	393	2.281657
26	37	25	36	40	198	1.579973
28	39	27	38	155	248	2.938153
29	40	28	39	351	185	2.540310
54	65	53	64	159	341	3.743148
93	104	91	102	106	395	2.587321
94	105	92	103	198	258	1.817841
