start1	end1	start2	end2	frag1	frag2	frag_rmsd
68	79	75	86	25	338	1.152231
81	92	88	99	57	151	2.517792
109	120	116	127	43	326	2.228664
120	131	127	138	245	368	1.282466
163	174	171	182	97	342	2.606591
164	175	172	183	319	191	2.202864
177	188	185	196	81	90	2.429111
