start1	end1	start2	end2	frag1	frag2	frag_rmsd
133	144	137	148	365	363	2.484110
155	166	159	170	219	70	2.548350
159	170	163	174	11	388	2.864817
197	208	201	212	0	127	0.813264
198	209	202	213	0	16	0.775259
208	219	212	223	300	159	3.403555
213	224	217	228	210	266	2.948233
264	275	268	279	307	208	2.658720
266	277	270	281	263	383	2.490363
274	285	278	289	386	374	2.195278
282	293	286	297	340	305	3.065609
295	306	299	310	327	261	3.361138
298	309	302	313	113	229	2.224987
301	312	305	316	178	157	2.103654
317	328	321	332	385	128	2.824268
339	350	343	354	214	304	3.744505
391	402	395	406	141	22	1.438165
393	404	397	408	25	212	2.992318
395	406	399	410	31	9	3.123008
415	426	419	430	184	0	1.197355
416	427	420	431	121	0	0.992640
435	446	439	450	360	356	2.206112
502	513	506	517	138	150	2.867148
505	516	509	520	237	119	2.971655
