start1	end1	start2	end2	frag1	frag2	frag_rmsd
3	14	4	15	17	60	2.255803
8	19	9	20	357	211	2.966953
9	20	10	21	391	163	2.193995
32	43	34	45	233	75	2.088875
33	44	35	46	290	122	3.792422
34	45	36	47	186	150	3.656696
36	47	38	49	342	200	3.376192
37	48	39	50	361	250	2.875622
42	53	44	55	61	356	2.842373
50	61	52	63	123	223	1.416700
121	132	156	167	84	61	2.287400
149	160	183	194	126	107	2.640432
150	161	184	195	258	61	1.652270
