start1	end1	start2	end2	frag1	frag2	frag_rmsd
11	22	12	23	244	216	2.655243
62	73	61	72	57	178	1.951934
64	75	63	74	126	42	2.008935
89	100	89	100	393	120	2.462806
94	105	94	105	373	374	3.001804
95	106	95	106	19	328	2.937690
101	112	101	112	356	84	1.970757
105	116	105	116	391	204	2.478372
123	134	123	134	120	375	2.877208
161	172	161	172	211	326	3.806906
166	177	166	177	253	363	3.049768
167	178	167	178	178	316	2.242694
