start1	end1	start2	end2	frag1	frag2	frag_rmsd
11	22	7	18	386	296	3.154247
23	34	19	30	0	127	0.813264
32	43	28	39	173	47	3.528768
62	73	58	69	161	100	0.978809
65	76	61	72	103	280	1.955594
70	81	66	77	70	118	2.718507
71	82	67	78	60	12	1.701483
74	85	70	81	398	107	3.078266
76	87	72	83	107	360	2.749925
78	89	74	85	61	389	1.926015
87	98	83	94	171	34	3.372868
88	99	84	95	236	171	3.383861
90	101	86	97	213	358	2.035530
94	105	90	101	356	91	2.966574
95	106	91	102	126	107	2.640432
98	109	94	105	61	322	1.532523
115	126	111	122	0	16	0.775259
118	129	114	125	25	180	2.193725
119	130	115	126	380	79	1.921925
122	133	118	129	98	6	2.827583
126	137	122	133	57	208	2.152129
127	138	123	134	389	398	3.007093
129	140	125	136	40	211	2.543938
130	141	126	137	130	7	2.742187
132	143	128	139	336	304	2.812236
147	158	143	154	42	84	2.426355
153	164	149	160	92	204	2.213959
157	168	153	164	236	250	2.891486
161	172	157	168	191	155	2.826986
162	173	158	169	255	268	3.687371
168	179	164	175	67	396	2.502585
169	180	165	176	36	371	1.491002
197	208	193	204	346	145	2.175860
212	223	208	219	338	25	1.152231
240	251	235	246	88	50	1.439321
249	260	244	255	0	16	0.775259
251	262	246	257	0	27	0.813956
257	268	252	263	180	17	1.783034
269	280	264	275	379	54	2.066468
274	285	269	280	117	358	2.136260
275	286	270	281	358	213	2.035530
276	287	271	282	78	361	3.012149
282	293	277	288	344	9	2.803799
340	351	332	343	11	388	2.864817
343	354	335	346	124	208	2.503023
347	358	339	350	72	207	1.860560
387	398	378	389	166	25	1.364085
388	399	379	390	77	79	2.104037
391	402	382	393	6	98	2.827583
