start1	end1	start2	end2	frag1	frag2	frag_rmsd
11	22	6	17	48	369	3.523208
13	24	8	19	230	136	2.068366
56	67	61	72	286	56	2.115586
75	86	80	91	198	40	1.579973
77	88	82	93	64	205	2.667307
78	89	83	94	182	155	2.948332
86	97	91	102	357	42	2.024226
90	101	95	106	158	84	2.726643
95	106	100	111	327	261	3.361138
98	109	103	114	8	55	2.488528
108	119	113	124	331	379	2.384063
