start1	end1	start2	end2	frag1	frag2	frag_rmsd
26	37	26	37	194	231	2.031382
85	96	85	96	373	246	2.083918
90	101	90	101	223	123	1.416700
139	150	138	149	389	61	1.926015
141	152	140	151	58	40	2.106453
142	153	141	152	130	192	2.198175
182	193	181	192	7	328	1.961591
183	194	182	193	117	130	2.630877
186	197	185	196	34	221	2.281424
188	199	187	198	254	240	3.282717
189	200	188	199	197	30	2.932411
190	201	189	200	53	43	2.117948
194	205	193	204	0	127	0.813264
197	208	196	207	0	27	0.813956
