start1	end1	start2	end2	frag1	frag2	frag_rmsd
43	54	60	71	320	274	2.774079
65	76	82	93	229	298	2.827005
75	86	92	103	391	178	2.455732
