start1	end1	start2	end2	frag1	frag2	frag_rmsd
9	20	10	21	226	325	2.023575
10	21	11	22	348	151	2.721200
20	31	21	32	95	141	1.602886
27	38	28	39	164	363	1.880850
30	41	31	42	10	40	1.570300
