start1	end1	start2	end2	frag1	frag2	frag_rmsd
5	16	5	16	16	0	0.775259
7	18	7	18	0	121	0.992640
8	19	8	19	196	35	1.146322
9	20	9	20	144	368	1.335465
10	21	10	21	271	284	2.057730
12	23	12	23	283	311	2.735094
13	24	13	24	256	340	2.785789
17	28	17	28	224	240	2.219599
18	29	18	29	216	121	1.107965
19	30	19	30	216	27	2.035106
20	31	20	31	27	0	0.813956
21	32	21	32	0	16	0.775259
22	33	22	33	60	127	1.135321
27	38	27	38	99	337	2.667194
36	47	36	47	287	79	1.970184
