start1	end1	start2	end2	frag1	frag2	frag_rmsd
75	86	67	78	213	342	2.983105
77	88	69	80	301	253	2.483787
