start1	end1	start2	end2	frag1	frag2	frag_rmsd
53	64	56	67	85	366	2.957669
100	111	121	132	89	278	2.791278
112	123	133	144	43	207	2.180942
120	131	141	152	348	61	2.472281
121	132	142	153	28	374	1.355458
193	204	222	233	292	32	2.035472
196	207	225	236	347	179	2.847901
221	232	276	287	322	360	1.453720
223	234	278	289	176	389	2.556364
224	235	279	290	351	114	2.335949
225	236	280	291	158	309	3.070580
226	237	281	292	140	58	2.200384
257	268	312	323	342	19	2.579576
258	269	313	324	19	8	3.270094
259	270	314	325	344	130	2.207961
277	288	332	343	397	4	2.111108
396	407	463	474	352	210	2.751478
400	411	467	478	362	259	2.637180
409	420	476	487	152	189	3.017370
502	513	567	578	16	0	0.775259
508	519	573	584	201	6	2.321672
516	527	581	592	386	162	1.905714
