start1	end1	start2	end2	frag1	frag2	frag_rmsd
77	88	70	81	74	318	2.154001
99	110	93	104	310	356	3.182179
156	167	137	148	143	183	1.720893
160	171	141	152	57	248	2.232921
