start1	end1	start2	end2	frag1	frag2	frag_rmsd
26	37	18	29	170	51	2.657344
27	38	19	30	37	45	2.468091
28	39	20	31	260	23	2.229657
29	40	21	32	184	27	1.585485
41	52	32	43	369	225	2.174537
42	53	33	44	51	141	1.428009
70	81	61	72	0	127	0.813264
86	97	74	85	16	184	1.241286
87	98	75	86	0	121	0.992640
