start1	end1	start2	end2	frag1	frag2	frag_rmsd
11	22	10	21	173	348	2.362281
12	23	11	22	162	73	3.140047
18	29	17	28	314	272	2.456653
19	30	18	29	316	91	2.638295
20	31	19	30	392	248	2.328470
39	50	38	49	155	64	2.661934
