start1	end1	start2	end2	frag1	frag2	frag_rmsd
126	137	107	118	356	318	2.664318
130	141	111	122	117	213	2.137352
131	142	112	123	390	229	2.341461
137	148	118	129	334	64	2.485784
153	164	136	147	379	151	2.133956
184	195	154	165	10	7	2.903446
185	196	155	166	378	213	2.157761
190	201	160	171	151	379	2.133956
191	202	161	172	349	40	3.067019
272	283	229	240	160	32	2.659966
374	385	335	346	270	158	3.227631
