start1	end1	start2	end2	frag1	frag2	frag_rmsd
12	23	18	29	277	85	3.199581
30	41	36	47	14	331	2.663108
33	44	39	50	379	178	1.774921
35	46	41	52	74	173	2.685678
41	52	47	58	4	23	1.335798
81	92	86	97	107	57	2.508886
103	114	103	114	310	392	3.079175
137	148	138	149	338	235	2.509048
141	152	142	153	156	250	2.358639
143	154	144	155	1	125	1.934180
158	169	159	170	6	335	1.971828
162	173	163	174	177	229	2.710654
166	177	167	178	153	193	1.727407
209	220	209	220	149	180	2.137103
218	229	218	229	188	368	1.404624
236	247	236	247	74	132	2.503655
244	255	244	255	113	393	2.843883
245	256	245	256	3	272	2.548933
246	257	246	257	107	91	2.649081
255	266	255	266	243	50	1.750686
278	289	278	289	33	93	2.502357
280	291	280	291	324	14	3.569999
306	317	329	340	0	35	1.003458
327	338	350	361	395	107	2.432305
352	363	375	386	335	254	2.549212
389	400	412	423	263	349	2.146382
395	406	418	429	263	174	2.638837
397	408	420	431	204	331	2.774312
420	431	443	454	313	258	2.044899
427	438	450	461	129	141	2.508890
437	448	460	471	34	355	2.271590
441	452	464	475	7	187	2.633725
443	454	466	477	155	152	3.294148
447	458	470	481	9	275	2.970815
524	535	545	556	18	180	1.503133
542	553	563	574	0	16	0.775259
546	557	567	578	277	33	2.543323
547	558	568	579	6	134	2.159040
561	572	582	593	359	77	2.382337
562	573	583	594	380	161	1.887076
566	577	587	598	70	4	1.352136
568	579	589	600	121	27	1.355932
569	580	590	601	27	0	0.813956
582	593	603	614	0	16	0.775259
587	598	608	619	184	121	1.193672
594	605	615	626	16	0	0.775259
600	611	621	632	149	368	1.387412
651	662	672	683	264	172	2.692434
701	712	721	732	10	204	2.009667
702	713	722	733	152	73	2.865449
774	785	794	805	95	141	1.602886
781	792	801	812	0	16	0.775259
784	795	804	815	25	338	1.152231
796	807	816	827	221	47	2.306219
827	838	847	858	51	141	1.428009
840	851	860	871	100	161	0.978809
