start1	end1	start2	end2	frag1	frag2	frag_rmsd
70	81	61	72	126	84	1.909341
73	84	64	75	158	215	2.376886
97	108	97	108	161	100	0.978809
159	170	143	154	195	369	2.269153
164	175	148	159	121	216	1.107965
