start1	end1	start2	end2	frag1	frag2	frag_rmsd
92	103	65	76	42	126	2.008935
95	106	68	79	80	357	2.082122
98	109	71	82	38	247	2.150232
104	115	77	88	132	356	2.067486
