start1	end1	start2	end2	frag1	frag2	frag_rmsd
64	75	56	67	143	178	1.650270
104	115	95	106	170	121	1.774213
115	126	106	117	27	111	1.266595
127	138	118	129	16	0	0.775259
129	140	120	131	196	0	1.046929
130	141	121	132	273	127	1.542975
131	142	122	133	184	16	1.241286
132	143	123	134	121	49	1.746885
134	145	125	136	110	24	1.015908
139	150	130	141	316	379	2.363083
250	261	234	245	0	16	0.775259
