start1	end1	start2	end2	frag1	frag2	frag_rmsd
15	26	14	25	184	121	1.193672
16	27	15	26	121	0	0.992640
67	78	66	77	147	72	2.663272
75	86	74	85	25	359	2.215761
83	94	82	93	216	121	1.107965
87	98	86	97	127	27	1.019607
122	133	121	132	132	57	1.551260
203	214	203	214	180	24	1.017167
217	228	217	228	181	390	2.547914
219	230	219	230	174	171	3.123809
221	232	221	232	352	165	2.888510
237	248	237	248	77	338	1.893036
302	313	304	315	136	30	2.124963
311	322	313	324	112	358	2.837148
