start1	end1	start2	end2	frag1	frag2	frag_rmsd
13	24	11	22	157	253	2.505749
29	40	27	38	142	47	3.314313
73	84	70	81	241	147	1.629783
93	104	90	101	275	32	2.536594
95	106	92	103	396	129	2.522659
148	159	131	142	284	251	1.783480
163	174	146	157	139	75	2.112541
166	177	149	160	129	305	2.207893
185	196	169	180	0	35	1.003458
192	203	176	187	166	245	1.760571
200	211	184	195	178	3	2.441931
204	215	188	199	374	258	2.198304
210	221	194	205	65	227	2.070036
221	232	205	216	284	41	2.164096
224	235	208	219	256	164	2.413952
228	239	212	223	162	320	2.866105
250	261	233	244	299	349	2.875614
251	262	234	245	309	11	2.500722
255	266	238	249	4	224	1.600329
274	285	257	268	158	126	2.723694
285	296	268	279	82	261	2.364559
304	315	286	297	29	182	1.423903
321	332	303	314	180	251	1.423305
324	335	306	317	93	34	2.237220
325	336	307	318	174	222	2.234287
332	343	314	325	68	2	2.584832
383	394	363	374	362	363	2.615789
386	397	366	377	114	210	2.854426
387	398	367	378	56	138	1.966884
399	410	379	390	364	296	3.046528
