start1	end1	start2	end2	frag1	frag2	frag_rmsd
7	18	11	22	391	248	2.056378
10	21	14	25	398	299	2.655321
54	65	58	69	389	61	1.926015
56	67	60	71	329	320	2.324045
57	68	61	72	130	292	2.838369
60	71	64	75	22	396	2.425487
85	96	89	100	192	312	2.159358
107	118	116	127	360	357	2.658914
124	135	134	145	322	61	1.532523
134	145	144	155	372	202	2.168379
