start1	end1	start2	end2	frag1	frag2	frag_rmsd
75	86	67	78	198	357	2.385976
76	87	68	79	391	357	1.962426
105	116	90	101	302	3	2.726615
106	117	91	102	208	91	2.279860
107	118	92	103	57	356	1.996521
110	121	95	106	28	114	1.637541
111	122	96	107	343	309	2.655565
113	124	98	109	141	95	1.602886
212	223	146	157	167	293	1.284317
222	233	156	167	292	275	2.022552
241	252	178	189	357	248	1.838513
242	253	179	190	392	178	1.899502
316	327	259	270	322	356	2.017159
353	364	295	306	111	216	2.470717
