start1	end1	start2	end2	frag1	frag2	frag_rmsd
16	27	16	27	126	360	2.237959
18	29	18	29	126	158	2.723694
20	31	20	31	28	38	2.955076
22	33	22	33	358	112	2.837148
28	39	28	39	322	126	2.289807
49	60	47	58	248	148	2.934289
52	63	50	61	208	183	2.236035
159	170	162	173	28	373	2.536956
162	173	165	176	390	367	3.609774
163	174	166	177	301	365	2.827489
180	191	185	196	215	162	2.221407
