start1	end1	start2	end2	frag1	frag2	frag_rmsd
14	25	7	18	131	257	3.391064
57	68	52	63	6	232	1.900358
62	73	57	68	395	126	1.849402
154	165	148	159	173	107	2.657406
