start1	end1	start2	end2	frag1	frag2	frag_rmsd
7	18	2	13	309	244	2.339414
8	19	3	14	282	110	2.391114
9	20	4	15	191	319	2.202864
10	21	5	16	354	109	1.258230
13	24	8	19	66	141	2.244852
22	33	17	28	104	287	2.087811
26	37	21	32	208	174	3.044976
48	59	43	54	360	270	2.329689
