start1	end1	start2	end2	frag1	frag2	frag_rmsd
34	45	49	60	100	377	1.241297
38	49	53	64	364	230	3.618078
39	50	54	65	194	372	2.928116
93	104	99	110	0	35	1.003458
96	107	102	113	104	170	2.447681
123	134	127	138	0	27	0.813956
126	137	130	141	27	0	0.813956
162	173	165	176	16	0	0.775259
163	174	166	177	35	0	1.003458
218	229	213	224	333	79	3.725373
248	259	240	251	0	127	0.813264
