start1	end1	start2	end2	frag1	frag2	frag_rmsd
2	13	3	14	253	203	3.127433
10	21	11	22	129	335	3.069059
12	23	13	24	199	30	2.878776
14	25	15	26	174	205	3.016906
18	29	19	30	391	357	1.962426
32	43	32	43	208	178	1.931564
35	46	35	46	10	40	1.570300
