start1	end1	start2	end2	frag1	frag2	frag_rmsd
24	35	24	35	285	314	1.999647
50	61	50	61	35	0	1.003458
