start1	end1	start2	end2	frag1	frag2	frag_rmsd
36	47	38	49	296	205	3.200033
38	49	40	51	291	135	2.147803
39	50	41	52	99	36	2.730291
