start1	end1	start2	end2	frag1	frag2	frag_rmsd
38	49	49	60	342	229	2.558558
40	51	51	62	91	298	2.033592
44	55	55	66	1	207	1.582075
59	70	70	81	162	7	2.741569
60	71	71	82	2	328	1.547551
61	72	72	83	225	194	1.011234
93	104	106	117	0	27	0.813956
117	128	130	141	100	161	0.978809
119	130	132	143	355	232	2.143807
