start1	end1	start2	end2	frag1	frag2	frag_rmsd
49	60	50	61	190	225	2.154601
62	73	63	74	389	158	2.036257
66	77	67	78	21	229	2.030465
70	81	71	82	211	374	2.631713
82	93	83	94	359	228	2.298168
101	112	102	113	110	12	1.401705
142	153	143	154	60	149	1.545532
165	176	167	178	275	303	3.928705
169	180	171	182	123	223	1.416700
190	201	191	202	28	374	1.355458
193	204	194	205	78	117	2.088043
195	206	196	207	221	361	3.216891
201	212	202	213	303	9	2.969551
