start1	end1	start2	end2	frag1	frag2	frag_rmsd
6	17	9	20	323	158	2.741083
70	81	74	85	298	226	2.107868
