start1	end1	start2	end2	frag1	frag2	frag_rmsd
43	54	41	52	360	310	3.242298
69	80	75	86	356	360	2.206112
72	83	78	89	106	348	2.987922
105	116	111	122	156	159	3.933340
