start1	end1	start2	end2	frag1	frag2	frag_rmsd
58	69	28	39	363	156	2.308899
61	72	31	42	316	57	2.064021
86	97	56	67	320	28	2.315284
92	103	62	73	0	16	0.775259
117	128	79	90	228	317	2.344245
118	129	80	91	96	382	3.299191
119	130	81	92	332	131	3.010832
