start1	end1	start2	end2	frag1	frag2	frag_rmsd
23	34	24	35	184	0	1.197355
43	54	44	55	67	97	3.435774
44	55	45	56	67	362	2.876472
47	58	48	59	184	326	2.250308
48	59	49	60	121	89	2.710441
49	60	50	61	196	216	1.905582
50	61	51	62	27	220	1.823934
72	83	73	84	0	16	0.775259
