start1	end1	start2	end2	frag1	frag2	frag_rmsd
4	15	4	15	246	328	2.779977
11	22	11	22	111	27	1.266595
45	56	42	53	160	292	2.571253
