start1	end1	start2	end2	frag1	frag2	frag_rmsd
21	32	20	31	277	294	2.827017
25	36	24	35	230	44	2.806219
47	58	46	57	353	45	1.252194
57	68	56	67	100	235	1.231875
