start1	end1	start2	end2	frag1	frag2	frag_rmsd
89	100	39	50	0	16	0.775259
243	254	110	121	315	249	2.224666
357	368	192	203	216	371	1.502072
358	369	193	204	27	111	1.266595
360	371	195	206	184	16	1.241286
382	393	217	228	328	102	2.916418
383	394	218	229	192	177	2.541141
385	396	220	231	71	254	3.243452
404	415	242	253	28	351	2.541163
444	455	268	279	0	127	0.813264
