start1	end1	start2	end2	frag1	frag2	frag_rmsd
30	41	27	38	69	350	2.491534
129	140	123	134	179	160	2.660589
159	170	153	164	256	6	2.076516
165	176	159	170	82	117	2.768293
