start1	end1	start2	end2	frag1	frag2	frag_rmsd
3	14	3	14	84	322	1.955336
6	17	6	17	389	313	2.390236
15	26	15	26	395	107	2.432305
29	40	29	40	360	322	1.453720
63	74	61	72	10	92	1.712565
82	93	79	90	104	277	2.095889
95	106	92	103	89	81	2.076888
112	123	109	120	84	379	2.971486
113	124	110	121	357	132	1.964894
