start1	end1	start2	end2	frag1	frag2	frag_rmsd
33	44	29	40	258	323	2.705881
103	114	90	101	0	121	0.992640
104	115	91	102	0	27	0.813956
