start1	end1	start2	end2	frag1	frag2	frag_rmsd
7	18	7	18	126	360	2.237959
30	41	30	41	378	205	2.595378
37	48	37	48	331	253	1.801250
38	49	38	49	253	151	2.347071
59	70	59	70	348	211	2.148105
60	71	60	71	329	122	1.972439
70	81	70	81	204	178	2.470310
73	84	73	84	130	329	2.138251
88	99	88	99	294	33	2.272830
