start1	end1	start2	end2	frag1	frag2	frag_rmsd
4	15	4	15	313	61	2.398675
60	71	60	71	95	15	1.966391
61	72	61	72	216	371	1.502072
71	82	71	82	134	387	2.703268
74	85	74	85	292	139	3.229304
107	118	102	113	334	163	2.893576
113	124	108	119	360	126	2.237959
116	127	111	122	10	329	2.738393
118	129	113	124	13	20	1.989394
121	132	116	127	306	200	3.539875
123	134	118	129	385	341	3.753629
125	136	120	131	31	346	1.101450
157	168	152	163	322	360	1.453720
177	188	176	187	389	167	1.584191
189	200	188	199	0	35	1.003458
209	220	208	219	255	71	2.201151
214	225	213	224	239	215	1.429311
216	227	215	226	384	307	2.912975
217	228	216	227	387	257	3.251614
218	229	217	228	263	236	2.617673
219	230	218	229	174	19	3.122163
241	252	240	251	41	230	3.393438
242	253	241	252	131	177	2.065757
247	258	246	257	331	263	2.341218
250	261	249	260	185	351	2.540310
252	263	251	262	21	140	2.729796
283	294	282	293	183	208	2.236035
287	298	286	297	322	360	1.453720
300	311	299	310	360	126	2.237959
307	318	306	317	213	311	3.144909
320	331	319	330	18	251	1.457612
321	332	320	331	168	339	1.861038
333	344	332	343	339	294	2.275774
336	347	335	346	30	168	3.630577
337	348	336	347	225	191	2.453863
338	349	337	348	22	206	2.666376
347	358	346	357	280	201	1.864047
350	361	349	360	214	372	3.308842
353	364	352	363	269	275	3.965029
