start1	end1	start2	end2	frag1	frag2	frag_rmsd
20	31	20	31	377	321	2.684501
23	34	23	34	62	108	3.150504
25	36	25	36	13	20	1.989394
30	41	30	41	171	182	2.159352
32	43	32	43	117	19	3.095506
33	44	33	44	177	213	2.398173
