start1	end1	start2	end2	frag1	frag2	frag_rmsd
16	27	14	25	280	101	2.023902
17	28	15	26	306	385	3.662094
63	74	61	72	45	36	1.796707
