start1	end1	start2	end2	frag1	frag2	frag_rmsd
5	16	5	16	128	59	2.692989
6	17	6	17	365	200	2.605423
8	19	8	19	57	272	2.547597
16	27	16	27	237	32	2.615781
17	28	17	28	372	305	3.054415
50	61	50	61	71	189	3.508658
53	64	53	64	344	209	2.693262
