start1	end1	start2	end2	frag1	frag2	frag_rmsd
18	29	18	29	210	320	3.044627
19	30	19	30	73	83	3.147417
23	34	23	34	120	250	1.731988
24	35	24	35	212	296	3.063980
27	38	27	38	78	232	3.411271
29	40	29	40	298	285	2.888822
