start1	end1	start2	end2	frag1	frag2	frag_rmsd
17	28	17	28	100	380	1.630511
21	32	21	32	30	156	2.417655
33	44	33	44	59	327	2.076427
41	52	41	52	322	357	2.219787
76	87	76	87	276	195	1.460134
83	94	83	94	368	166	1.571683
91	102	91	102	365	200	2.605423
