start1	end1	start2	end2	frag1	frag2	frag_rmsd
52	63	41	52	73	329	2.227621
53	64	42	53	138	102	2.892831
59	70	48	59	0	121	0.992640
79	90	68	79	138	328	2.615349
113	124	101	112	16	0	0.775259
164	175	149	160	184	0	1.197355
