start1	end1	start2	end2	frag1	frag2	frag_rmsd
26	37	26	37	351	162	2.473278
28	39	28	39	225	1	1.414968
29	40	29	40	51	95	1.563872
32	43	32	43	35	0	1.003458
33	44	33	44	166	188	1.839547
39	50	39	50	30	230	1.728147
41	52	41	52	95	66	1.609657
44	55	44	55	368	188	1.404624
47	58	47	58	283	354	2.234505
88	99	89	100	161	251	1.987899
91	102	92	103	164	363	1.880850
92	103	93	104	3	157	2.732309
121	132	129	140	16	0	0.775259
