start1	end1	start2	end2	frag1	frag2	frag_rmsd
9	20	15	26	28	162	1.560721
14	25	20	31	363	365	2.484110
17	28	23	34	391	42	2.281049
20	31	26	37	183	92	2.806988
22	33	28	39	247	191	2.691732
24	35	30	41	150	96	2.639101
