start1	end1	start2	end2	frag1	frag2	frag_rmsd
3	14	3	14	78	213	2.359219
11	22	11	22	301	113	2.724857
28	39	28	39	272	298	2.306193
