start1	end1	start2	end2	frag1	frag2	frag_rmsd
3	14	11	22	1	207	1.582075
14	25	22	33	33	108	3.174249
15	26	23	34	232	6	1.900358
16	27	24	35	256	164	2.413952
22	33	30	41	108	388	2.582574
23	34	31	42	48	387	3.044807
28	39	36	47	86	193	1.791219
32	43	40	51	111	4	0.994513
