start1	end1	start2	end2	frag1	frag2	frag_rmsd
37	48	39	50	231	31	1.286233
121	132	125	136	360	84	1.521872
122	133	126	137	360	322	1.453720
123	134	127	138	215	61	2.716918
124	135	128	139	162	28	1.560721
129	140	133	144	129	340	2.658550
144	155	148	159	164	363	1.880850
148	159	152	163	158	389	2.036257
152	163	156	167	112	85	3.656456
242	253	240	251	89	309	1.629779
244	255	242	253	130	282	3.166387
245	256	243	254	378	380	2.961256
246	257	244	255	129	88	3.484620
250	261	248	259	184	326	2.250308
251	262	249	260	216	135	1.902274
252	263	250	261	278	15	1.862927
253	264	251	262	121	27	1.355932
254	265	252	263	35	196	1.146322
255	266	253	264	35	273	1.854209
