start1	end1	start2	end2	frag1	frag2	frag_rmsd
48	59	61	72	249	17	1.089644
49	60	62	73	49	279	1.758674
56	67	69	80	253	370	2.112806
63	74	76	87	356	322	2.017159
