start1	end1	start2	end2	frag1	frag2	frag_rmsd
52	63	60	71	66	95	1.609657
74	85	82	93	392	57	2.274546
80	91	88	99	152	150	2.343118
89	100	97	108	357	132	1.964894
120	131	128	139	360	61	1.959112
135	146	145	156	157	57	2.214777
137	148	147	158	167	389	1.584191
153	164	162	173	393	222	2.706725
163	174	172	183	61	357	2.416361
166	177	175	186	38	247	2.150232
172	183	181	192	141	95	1.602886
