start1	end1	start2	end2	frag1	frag2	frag_rmsd
49	60	61	72	379	91	2.388994
55	66	67	78	358	38	2.528073
66	77	78	89	338	271	1.431102
69	80	81	92	359	189	3.394049
71	82	83	94	192	139	3.206722
77	88	89	100	316	379	2.363083
177	188	189	200	319	168	1.875843
178	189	190	201	387	307	2.453431
179	190	191	202	317	290	1.883635
180	191	192	203	165	352	2.888510
181	192	193	204	334	312	2.786273
183	194	195	206	342	366	3.272048
185	196	197	208	358	19	2.566475
