start1	end1	start2	end2	frag1	frag2	frag_rmsd
18	29	18	29	72	211	3.086631
38	49	38	49	97	133	1.973700
45	56	45	56	329	320	2.324045
115	126	115	126	174	331	1.879546
157	168	157	168	301	365	2.827489
195	206	195	206	185	68	2.896464
211	222	211	222	167	395	2.258216
252	263	252	263	262	155	2.640687
255	266	255	266	32	102	2.934206
