start1	end1	start2	end2	frag1	frag2	frag_rmsd
13	24	1	12	318	126	2.511599
25	36	13	24	155	54	2.409934
28	39	16	27	193	308	2.072591
33	44	21	32	118	149	1.094155
38	49	26	37	98	393	2.507349
43	54	31	42	102	130	2.413590
113	124	101	112	10	40	1.570300
134	145	122	133	130	102	2.413590
164	175	152	163	73	358	3.386434
