start1	end1	start2	end2	frag1	frag2	frag_rmsd
1	12	1	12	28	320	2.315284
3	14	3	14	194	225	1.011234
7	18	7	18	149	118	1.094155
17	28	17	28	379	167	2.365065
18	29	18	29	391	204	2.478372
19	30	19	30	163	204	2.282314
114	125	112	123	249	284	1.930090
129	140	128	139	38	96	2.838484
133	144	132	143	218	314	3.454354
134	145	133	144	151	226	2.527861
136	147	135	146	247	56	2.687172
138	149	137	148	390	213	3.116726
139	150	138	149	361	229	2.596208
145	156	144	155	89	53	2.753592
158	169	157	168	168	17	1.555351
169	180	168	179	393	120	2.462806
