start1	end1	start2	end2	frag1	frag2	frag_rmsd
32	43	50	61	14	342	2.230074
34	45	52	63	97	54	2.699671
38	49	56	67	360	322	1.453720
56	67	76	87	133	363	1.994719
