start1	end1	start2	end2	frag1	frag2	frag_rmsd
126	137	129	140	84	360	1.521872
127	138	130	141	61	126	2.069075
128	139	131	142	322	126	2.289807
129	140	132	143	392	106	2.698043
131	142	134	145	162	187	2.227353
137	148	140	151	178	302	2.149992
214	225	192	203	322	360	1.453720
219	230	197	208	360	126	2.237959
222	233	200	211	293	239	2.280486
231	242	209	220	84	126	1.909341
274	285	263	274	360	126	2.237959
294	305	283	294	322	132	1.945705
338	349	357	368	322	132	1.945705
378	389	425	436	107	57	2.508886
397	408	457	468	360	322	1.453720
453	464	498	509	61	322	1.532523
470	481	517	528	322	357	2.219787
471	482	518	529	126	42	2.008935
473	484	520	531	126	392	1.978049
474	485	521	532	258	126	2.311822
512	523	550	561	126	84	1.909341
517	528	555	566	239	215	1.429311
544	555	587	598	185	3	2.630626
547	558	590	601	54	248	2.082630
549	560	592	603	84	132	2.205557
550	561	593	604	84	356	1.970757
551	562	594	605	126	360	2.237959
552	563	595	606	322	360	1.453720
553	564	596	607	61	360	1.959112
568	579	616	627	360	126	2.237959
618	629	660	671	176	198	2.736363
619	630	661	672	391	215	3.057970
