start1	end1	start2	end2	frag1	frag2	frag_rmsd
3	14	3	14	292	138	2.059222
39	50	26	37	106	3	3.711158
77	88	60	71	70	224	1.307761
79	90	62	73	121	27	1.355932
113	124	96	107	100	41	1.710810
