start1	end1	start2	end2	frag1	frag2	frag_rmsd
7	18	7	18	391	204	2.478372
9	20	9	20	274	56	2.377615
10	21	10	21	358	117	2.136260
24	35	24	35	27	0	0.813956
43	54	39	50	258	61	1.652270
44	55	40	51	158	167	1.812316
45	56	41	52	215	40	2.196253
49	60	45	56	342	177	2.749518
67	78	63	74	132	318	1.806699
81	92	77	88	23	4	1.335798
88	99	84	95	284	260	1.981488
99	110	95	106	74	270	2.419552
107	118	103	114	182	263	2.907105
