start1	end1	start2	end2	frag1	frag2	frag_rmsd
79	90	75	86	195	369	2.269153
121	132	114	125	268	280	2.159615
122	133	115	126	160	230	1.979840
123	134	116	127	345	177	2.480500
126	137	119	130	226	124	3.229614
