start1	end1	start2	end2	frag1	frag2	frag_rmsd
20	31	21	32	389	126	2.201165
22	33	23	34	38	247	2.150232
23	34	24	35	312	213	1.883397
