start1	end1	start2	end2	frag1	frag2	frag_rmsd
79	90	75	86	195	369	2.269153
121	132	114	125	268	280	2.159615
122	133	115	126	160	230	1.979840
123	134	116	127	345	177	2.480500
126	137	119	130	226	124	3.229614
195	206	202	213	391	204	2.478372
197	208	204	215	274	56	2.377615
198	209	205	216	358	117	2.136260
212	223	219	230	27	0	0.813956
231	242	234	245	258	61	1.652270
233	244	236	247	215	40	2.196253
237	248	240	251	342	177	2.749518
255	266	258	269	132	318	1.806699
269	280	272	283	23	4	1.335798
276	287	279	290	284	260	1.981488
287	298	290	301	74	270	2.419552
295	306	298	309	182	263	2.907105
