start1	end1	start2	end2	frag1	frag2	frag_rmsd
26	37	49	60	216	89	2.255267
106	117	129	140	3	74	2.885805
115	126	138	149	121	0	0.992640
116	127	139	150	27	121	1.355932
155	166	175	186	76	31	2.946583
160	171	180	191	0	196	1.046929
177	188	197	208	322	158	2.437978
181	192	201	212	125	209	3.614934
229	240	318	329	170	41	2.029151
233	244	322	333	174	342	2.548424
234	245	323	334	298	97	2.862409
