start1	end1	start2	end2	frag1	frag2	frag_rmsd
35	46	7	18	16	0	0.775259
37	48	9	20	35	188	1.339917
38	49	10	21	166	25	1.364085
56	67	24	35	247	7	3.120444
57	68	25	36	292	130	2.838369
58	69	26	37	276	304	3.637918
86	97	55	66	17	110	1.336081
87	98	56	67	124	168	1.824641
89	100	58	69	290	29	2.914221
91	102	60	71	102	19	3.139195
92	103	61	72	117	213	2.137352
93	104	62	73	128	98	2.841065
94	105	63	74	164	301	2.771518
