start1	end1	start2	end2	frag1	frag2	frag_rmsd
52	63	46	57	35	0	1.003458
63	74	57	68	27	0	0.813956
85	96	86	97	238	243	3.340900
89	100	90	101	45	394	1.792183
