start1	end1	start2	end2	frag1	frag2	frag_rmsd
44	55	44	55	111	4	0.994513
76	87	76	87	345	369	2.167561
121	132	122	133	357	132	1.964894
126	137	127	138	312	38	2.387113
130	141	131	142	369	129	2.160628
160	171	160	171	389	215	2.521884
163	174	163	174	194	369	1.775960
203	214	240	251	235	100	1.231875
209	220	246	257	389	323	2.182032
210	221	247	258	374	158	1.692551
216	227	253	264	373	246	2.083918
221	232	258	269	98	112	2.830390
222	233	259	270	112	342	2.771983
225	236	262	273	91	178	1.731687
243	254	280	291	348	258	2.128741
259	270	296	307	357	57	2.268519
