start1	end1	start2	end2	frag1	frag2	frag_rmsd
3	14	3	14	386	320	2.245005
6	17	6	17	276	369	1.368954
8	19	8	19	223	394	1.646543
14	25	14	25	0	16	0.775259
16	27	16	27	127	16	1.158335
17	28	17	28	260	16	1.076875
18	29	18	29	49	196	1.707775
19	30	19	30	295	144	2.871652
20	31	20	31	201	338	2.628320
21	32	21	32	177	104	2.579015
22	33	22	33	265	154	3.730856
60	71	58	69	392	360	2.657878
62	73	60	71	316	258	2.660770
65	76	63	74	358	138	2.570733
68	79	66	77	227	347	2.229226
108	119	106	117	16	0	0.775259
130	141	128	139	392	132	1.839294
131	142	129	140	356	126	2.644557
187	198	185	196	35	127	1.273794
188	199	186	197	188	144	1.413047
190	201	188	199	251	69	1.606793
195	206	193	204	334	54	2.234965
221	232	219	230	45	353	1.252194
224	235	222	233	16	184	1.241286
236	247	234	245	149	94	2.256421
242	253	240	251	128	300	3.067607
245	256	243	254	351	299	2.013905
261	272	259	270	91	253	2.403003
266	277	264	275	126	61	2.069075
268	279	266	277	106	357	2.204060
270	281	268	279	348	74	2.456740
302	313	300	311	282	308	3.530691
311	322	309	320	132	395	2.384097
325	336	323	334	16	0	0.775259
374	385	364	375	313	80	2.489096
377	388	367	378	51	247	2.946420
395	406	385	396	76	18	2.076384
397	408	387	398	294	339	2.275774
403	414	393	404	216	388	2.444403
406	417	396	407	104	294	2.248622
410	421	400	411	397	231	1.991083
411	422	401	412	216	95	2.140607
412	423	402	413	111	147	1.632036
415	426	405	416	217	35	1.424302
