start1	end1	start2	end2	frag1	frag2	frag_rmsd
215	226	178	189	25	338	1.152231
222	233	185	196	0	121	0.992640
271	282	247	258	273	278	2.069265
272	283	248	259	90	368	2.590045
