start1	end1	start2	end2	frag1	frag2	frag_rmsd
12	23	10	21	245	368	1.282466
42	53	35	46	126	258	2.311822
46	57	39	50	275	336	3.259623
53	64	46	57	91	151	2.263245
56	67	49	60	322	132	1.945705
84	95	77	88	332	50	3.323123
103	114	94	105	268	286	1.937654
111	122	102	113	0	16	0.775259
112	123	103	114	0	16	0.775259
114	125	105	116	196	0	1.046929
116	127	107	118	271	18	1.069917
120	131	111	122	202	364	2.626801
121	132	112	123	192	19	2.922500
122	133	113	124	21	344	3.501937
123	134	114	125	214	378	2.683994
128	139	119	130	227	66	2.066214
133	144	124	135	166	245	1.760571
