start1	end1	start2	end2	frag1	frag2	frag_rmsd
14	25	13	24	161	235	1.099262
17	28	16	27	256	280	2.777176
59	70	80	91	10	293	1.943477
74	85	95	106	368	127	1.781241
88	99	111	122	123	371	1.899626
