start1	end1	start2	end2	frag1	frag2	frag_rmsd
8	19	22	33	0	27	0.813956
11	22	25	36	127	0	0.813264
13	24	27	38	25	118	1.917152
14	25	28	39	380	69	1.745337
15	26	29	40	294	339	2.275774
17	28	31	42	396	290	2.828574
61	72	76	87	100	277	1.693324
66	77	81	92	162	364	3.452054
73	84	88	99	142	372	3.269970
74	85	89	100	140	43	3.527222
76	87	91	102	255	388	3.189637
79	90	94	105	137	153	1.744421
80	91	95	106	278	53	2.459637
81	92	96	107	15	81	2.083393
82	93	97	108	27	23	1.068713
