start1	end1	start2	end2	frag1	frag2	frag_rmsd
9	20	9	20	127	49	1.619635
38	49	38	49	104	277	2.095889
67	78	67	78	164	363	1.880850
69	80	69	80	391	54	2.548109
78	89	78	89	356	107	1.430031
86	97	86	97	34	301	2.749447
