start1	end1	start2	end2	frag1	frag2	frag_rmsd
19	30	29	40	32	390	2.794076
62	73	72	83	144	368	1.335465
74	85	83	94	154	124	2.667896
139	150	149	160	33	294	2.272830
176	187	183	194	343	372	2.617812
181	192	188	199	0	184	1.197355
183	194	190	201	0	27	0.813956
196	207	203	214	27	0	0.813956
206	217	213	224	187	318	2.503665
214	225	221	232	337	219	2.788891
251	262	258	269	241	244	1.719413
253	264	260	271	121	170	1.774213
254	265	261	272	27	196	1.059651
256	267	263	274	149	368	1.387412
257	268	264	275	338	77	1.893036
259	270	266	277	50	311	1.521786
265	276	272	283	322	84	1.955336
269	280	276	287	211	313	2.221163
284	295	291	302	127	60	1.135321
300	311	307	318	64	334	2.485784
304	315	311	322	57	248	2.232921
305	316	312	323	84	392	2.236722
351	362	358	369	184	121	1.193672
550	561	533	544	281	45	1.651716
555	566	538	549	212	366	2.629299
556	567	539	550	19	39	2.401518
590	601	574	585	127	60	1.135321
596	607	580	591	98	342	2.684495
599	610	583	594	57	107	2.508886
620	631	604	615	51	15	2.489994
