start1	end1	start2	end2	frag1	frag2	frag_rmsd
9	20	9	20	119	359	3.805532
16	27	16	27	26	315	2.251103
23	34	23	34	95	141	1.602886
58	69	56	67	398	151	2.424902
64	75	62	73	84	158	2.726643
70	81	68	79	246	386	2.014472
