start1	end1	start2	end2	frag1	frag2	frag_rmsd
6	17	1	12	28	374	1.355458
7	18	2	13	328	167	2.717381
8	19	3	14	312	92	2.438767
9	20	4	15	229	358	3.523919
10	21	5	16	255	117	5.127455
11	22	6	17	57	14	4.264134
12	23	7	18	84	54	3.616225
13	24	8	19	126	57	3.040952
14	25	9	20	322	57	2.446228
15	26	10	21	126	42	2.008935
16	27	11	22	322	357	2.219787
17	28	12	23	42	167	2.323165
18	29	13	24	391	204	2.478372
19	30	14	25	320	38	3.016674
20	31	15	26	329	274	3.085507
21	32	16	27	292	32	2.035472
23	34	18	29	141	65	2.029741
24	35	19	30	45	147	1.713468
25	36	20	31	4	23	1.335798
29	40	24	35	0	196	1.046929
33	44	28	39	25	338	1.152231
36	47	31	42	134	232	2.244172
37	48	32	43	280	164	3.604370
38	49	33	44	230	174	3.930198
39	50	34	45	192	391	3.167607
40	51	35	46	55	183	2.600218
41	52	36	47	71	248	3.036353
42	53	37	48	226	178	2.547600
56	67	48	59	84	360	1.521872
69	80	60	71	16	0	0.775259
70	81	61	72	121	0	0.992640
71	82	62	73	27	0	0.813956
73	84	64	75	35	0	1.003458
74	85	65	76	35	127	1.273794
75	86	66	77	94	149	2.256421
76	87	67	78	166	118	2.028517
