start1	end1	start2	end2	frag1	frag2	frag_rmsd
1	12	8	19	111	0	1.805292
8	19	15	26	127	0	0.813264
9	20	16	27	149	0	2.014982
20	31	32	43	360	61	1.959112
41	52	48	59	277	33	2.543323
44	55	51	62	363	331	2.590972
46	57	53	64	74	143	2.114755
48	59	55	66	239	293	2.280486
49	60	56	67	150	274	3.098400
51	62	58	69	195	276	1.460134
54	65	61	72	4	111	0.994513
57	68	64	75	188	127	1.791159
58	69	65	76	25	144	1.398598
69	80	77	88	391	198	2.242897
70	81	78	89	205	10	2.408549
71	82	79	90	182	247	3.175201
77	88	85	96	224	70	1.307761
88	99	99	110	167	204	2.302888
89	100	100	111	204	246	2.169894
90	101	101	112	247	274	2.597371
93	104	104	115	141	227	1.668724
95	106	106	117	23	4	1.335798
113	124	128	139	258	360	2.306964
114	125	129	140	386	126	3.543460
129	140	146	157	4	111	0.994513
170	181	179	190	16	0	0.775259
171	182	180	191	16	0	0.775259
172	183	181	192	127	0	0.813264
173	184	182	193	149	0	2.014982
193	204	203	214	287	121	3.164317
194	205	204	215	119	188	3.247661
195	206	205	216	219	25	3.272618
196	207	206	217	180	161	2.559754
197	208	207	218	85	33	3.401714
198	209	208	219	354	6	3.243787
199	210	209	220	201	164	3.031590
200	211	210	221	342	174	2.548424
201	212	211	222	174	54	2.729182
202	213	212	223	218	143	2.049999
203	214	213	224	218	187	3.230772
205	216	215	226	225	125	2.024259
