start1	end1	start2	end2	frag1	frag2	frag_rmsd
4	15	4	15	127	0	0.813264
56	67	63	74	23	111	1.303435
57	68	64	75	184	0	1.197355
98	109	86	97	16	0	0.775259
105	116	93	104	302	363	2.467216
118	129	106	117	348	318	2.448920
136	147	126	137	190	114	2.532336
137	148	127	138	89	73	3.308911
139	150	129	140	235	117	3.144169
140	151	130	141	321	390	3.552566
141	152	131	142	119	108	3.467872
142	153	132	143	243	108	3.420516
143	154	133	144	385	280	2.491078
144	155	134	145	201	117	2.974542
145	156	135	146	256	112	2.998153
161	172	155	166	61	270	2.370076
