start1	end1	start2	end2	frag1	frag2	frag_rmsd
37	48	37	48	176	360	3.064982
227	238	227	238	167	389	1.584191
294	305	294	305	289	51	2.618019
296	307	296	307	235	267	2.585259
335	346	335	346	357	258	1.886183
339	350	339	350	248	395	1.997362
365	376	365	376	348	313	2.381382
385	396	385	396	123	223	1.416700
