start1	end1	start2	end2	frag1	frag2	frag_rmsd
1	12	6	17	371	45	1.366556
2	13	7	18	111	4	0.994513
6	17	11	22	338	25	1.152231
13	24	18	29	346	43	2.303453
23	34	28	39	0	35	1.003458
24	35	29	40	127	35	1.273794
35	46	43	54	97	57	2.871700
36	47	44	55	155	383	3.053215
51	62	71	82	362	222	2.312123
53	64	73	84	91	298	2.033592
57	68	77	88	7	328	1.961591
58	69	78	89	192	213	2.401294
65	76	85	96	324	365	2.346870
67	78	87	98	173	142	3.439718
68	79	88	99	162	210	2.752910
69	80	89	100	210	96	2.685790
70	81	90	101	150	261	2.865888
71	82	91	102	82	32	2.553400
96	107	115	126	310	57	2.973413
97	108	116	127	391	357	1.962426
100	111	119	130	318	297	2.590663
103	114	122	133	215	309	3.345471
130	141	160	171	216	121	1.107965
131	142	161	172	111	27	1.266595
153	164	183	194	111	27	1.266595
163	174	193	204	379	322	2.785664
164	175	194	205	158	389	2.036257
168	179	198	209	21	55	2.054944
170	181	200	211	291	226	2.727337
171	182	201	212	153	206	2.010158
173	184	203	214	21	19	2.891167
181	192	211	222	342	177	2.749518
185	196	215	226	84	107	2.480937
186	197	216	227	126	389	2.201165
187	198	217	228	323	389	2.182032
188	199	218	229	293	158	2.115221
191	202	221	232	261	82	2.364559
199	210	229	240	35	127	1.273794
200	211	230	241	166	60	3.288123
219	230	267	278	178	57	1.951934
220	231	268	279	322	84	1.955336
221	232	269	280	84	61	2.287400
222	233	270	281	258	320	3.113439
223	234	271	282	176	343	3.059252
236	247	282	293	0	121	0.992640
237	248	283	294	0	27	0.813956
238	249	284	295	0	27	0.813956
250	261	296	307	34	164	2.524144
265	276	310	321	16	273	1.325929
266	277	311	322	170	184	1.844017
267	278	312	323	196	121	1.241736
268	279	313	324	273	27	1.481073
269	280	314	325	184	0	1.197355
270	281	315	326	121	0	0.992640
271	282	316	327	27	0	0.813956
275	286	320	331	0	35	1.003458
277	288	322	333	127	0	0.813264
278	289	323	334	260	0	1.731263
279	290	324	335	170	0	1.959205
280	291	325	336	44	0	2.459964
298	309	361	372	0	15	2.000338
299	310	362	373	127	15	2.229291
300	311	363	374	16	27	1.218469
301	312	364	375	60	127	1.135321
357	368	424	435	371	135	2.136690
358	369	425	436	27	241	2.394441
359	370	426	437	0	23	1.327063
362	373	429	440	100	235	1.231875
370	381	437	448	318	258	2.250166
371	382	438	449	395	357	2.192089
381	392	448	459	360	356	2.206112
388	399	455	466	117	112	2.722193
390	401	457	468	82	281	2.351326
391	402	458	469	237	224	2.429202
392	403	459	470	65	240	1.321092
401	412	468	479	0	35	1.003458
402	413	469	480	0	368	2.061254
