start1	end1	start2	end2	frag1	frag2	frag_rmsd
2	13	31	42	73	152	2.865449
3	14	32	43	138	292	2.059222
35	46	63	74	229	301	2.428148
46	57	76	87	351	28	2.541163
47	58	77	88	58	140	2.200384
48	59	78	89	205	54	2.287349
76	87	101	112	126	322	2.289807
78	89	103	114	374	158	1.692551
79	90	104	115	106	198	2.191348
80	91	105	116	176	80	3.198664
81	92	106	117	89	296	3.565360
82	93	107	118	309	211	3.301254
83	94	108	119	244	140	3.054341
84	95	109	120	12	370	3.463167
85	96	110	121	124	71	2.729309
111	122	148	159	0	16	0.775259
112	123	149	160	0	16	0.775259
113	124	150	161	0	16	0.775259
114	125	151	162	0	170	1.959205
115	126	152	163	0	196	1.046929
116	127	153	164	0	273	1.419073
117	128	154	165	127	184	1.484573
128	139	173	184	173	279	3.257534
129	140	174	185	351	354	3.789304
130	141	175	186	343	160	4.299815
131	142	176	187	225	31	2.535882
132	143	177	188	141	95	1.602886
135	146	180	191	0	35	1.003458
150	161	191	202	223	4	2.754340
151	162	192	203	4	0	1.783926
152	163	193	204	0	35	1.003458
153	164	194	205	0	35	1.003458
154	165	195	206	35	166	2.477738
155	166	196	207	35	338	3.427542
156	167	197	208	245	100	3.420439
171	182	208	219	31	345	1.281039
172	183	209	220	265	66	1.951747
173	184	210	221	388	216	2.444403
174	185	211	222	199	4	3.572553
175	186	212	223	12	0	2.575342
176	187	213	224	359	0	3.043456
177	188	214	225	359	35	2.661270
178	189	215	226	137	35	2.747639
179	190	216	227	397	35	2.663391
180	191	217	228	388	127	3.413860
181	192	218	229	267	118	2.848061
182	193	219	230	104	251	2.812967
183	194	220	231	283	233	3.173236
184	195	221	232	164	325	3.242622
185	196	222	233	363	97	1.939160
186	197	223	234	310	302	2.918408
199	210	234	245	224	23	2.008855
225	236	249	260	370	334	2.333925
233	244	257	268	116	320	2.494021
256	267	284	295	389	293	2.078620
271	282	297	308	155	14	2.198745
290	301	316	327	160	70	2.513107
291	302	317	328	231	16	2.848037
292	303	318	329	95	121	2.233114
293	304	319	330	45	196	2.637224
294	305	320	331	4	217	1.467713
297	308	323	334	24	17	1.630905
303	314	329	340	375	390	2.986092
308	319	334	345	192	343	3.168960
322	333	347	358	4	111	0.994513
334	345	359	370	35	0	1.003458
