start1	end1	start2	end2	frag1	frag2	frag_rmsd
26	37	7	18	127	0	0.813264
27	38	8	19	260	0	1.731263
28	39	9	20	170	0	1.959205
29	40	10	21	233	188	2.597855
30	41	11	22	338	25	1.152231
31	42	12	23	385	235	2.661373
32	43	13	24	294	33	2.272830
33	44	14	25	355	134	2.342467
34	45	15	26	363	254	3.262305
35	46	16	27	272	197	3.044981
36	47	17	28	198	53	3.540861
37	48	18	29	310	148	3.151492
38	49	19	30	392	71	3.543833
39	50	20	31	178	226	2.547600
40	51	21	32	323	279	3.654218
41	52	22	33	373	317	2.502546
42	53	23	34	13	266	1.425161
43	54	24	35	330	332	3.965134
44	55	25	36	367	306	3.174957
45	56	26	37	365	200	2.605423
46	57	27	38	133	159	3.861369
47	58	28	39	236	250	2.891486
48	59	29	40	72	86	2.398332
49	60	30	41	326	125	2.778073
60	71	41	52	280	359	3.060039
65	76	46	57	105	166	2.375283
67	78	48	59	100	377	1.241297
70	81	51	62	153	137	1.744421
73	84	54	65	15	23	1.595702
76	87	57	68	18	338	1.332509
78	89	59	70	233	33	2.469359
79	90	60	71	366	134	2.121858
80	91	61	72	172	385	3.618329
82	93	63	74	117	112	2.722193
83	94	64	75	78	261	3.139444
84	95	65	76	237	281	3.494721
85	96	66	77	65	224	2.822270
86	97	67	78	371	240	2.809017
87	98	68	79	11	216	2.501711
90	101	71	82	111	27	1.266595
92	103	73	84	0	273	1.419073
93	104	74	85	0	184	1.197355
94	105	75	86	35	121	1.375045
99	110	80	91	217	5	1.208122
101	112	82	93	0	16	0.775259
102	113	83	94	27	121	1.355932
