start1	end1	start2	end2	frag1	frag2	frag_rmsd
11	22	3	14	118	180	1.359643
15	26	7	18	333	82	3.077088
28	39	20	31	127	60	1.135321
36	47	28	39	236	182	2.993036
43	54	35	46	161	69	1.879688
45	56	37	48	396	134	3.164378
46	57	38	49	137	153	1.744421
47	58	39	50	397	147	2.282721
51	62	43	54	16	127	1.158335
52	63	44	55	127	149	1.616553
54	65	46	57	180	317	2.364719
55	66	47	58	79	76	3.068446
57	68	49	60	243	85	3.056232
58	69	50	61	385	103	2.712681
59	70	51	62	82	160	2.687032
60	71	52	63	340	345	2.274485
61	72	53	64	65	95	2.348324
62	73	54	65	216	45	1.903162
63	74	55	66	111	4	0.994513
74	85	66	77	180	118	1.359643
76	87	68	79	109	79	2.849821
88	99	80	91	359	396	2.970426
92	103	84	95	111	27	1.266595
94	105	86	97	16	0	0.775259
95	106	87	98	127	35	1.273794
96	107	88	99	149	368	1.387412
98	109	90	101	380	251	1.815149
99	110	91	102	75	319	2.397899
100	111	92	103	101	354	2.343357
101	112	93	104	82	160	2.687032
102	113	94	105	195	345	2.125554
103	114	95	106	227	141	1.668724
104	115	96	107	223	45	1.647681
105	116	97	108	111	4	0.994513
114	125	106	117	16	127	1.158335
117	128	109	120	41	284	2.164096
128	139	120	131	271	69	2.332715
130	141	122	133	291	359	2.762499
135	146	127	138	0	27	0.813956
136	147	128	139	127	16	1.158335
137	148	129	140	60	127	1.135321
166	177	153	164	243	336	3.099077
168	179	155	166	14	390	3.227577
170	181	157	168	364	299	3.148291
171	182	158	169	193	136	1.585201
174	185	161	172	45	216	1.903162
175	186	162	173	4	111	0.994513
177	188	164	175	0	184	1.197355
180	191	167	178	16	184	1.241286
204	215	191	202	49	87	1.514184
211	222	198	209	223	45	1.647681
214	225	201	212	16	0	0.775259
215	226	202	213	87	188	1.255021
217	228	204	215	69	161	1.879688
219	230	206	217	291	396	2.756078
220	231	207	218	153	137	1.744421
248	259	235	246	41	319	1.992396
256	267	243	254	0	16	0.775259
261	272	248	259	396	359	2.970426
265	276	252	263	196	111	1.803074
266	277	253	264	273	27	1.481073
267	278	254	265	184	16	1.241286
305	316	292	303	397	147	2.282721
308	319	295	306	0	27	0.813956
329	340	316	327	0	16	0.775259
344	355	333	344	271	69	2.332715
353	364	342	353	60	0	1.639067
375	386	364	375	16	0	0.775259
387	398	381	392	0	371	2.685353
388	399	382	393	0	111	1.805292
394	405	388	399	396	283	2.850925
399	410	393	404	0	16	0.775259
403	414	397	408	118	24	1.501714
