start1	end1	start2	end2	frag1	frag2	frag_rmsd
13	24	10	21	0	121	0.992640
14	25	11	22	0	27	0.813956
17	28	14	25	127	0	0.813264
36	47	27	38	158	176	2.838007
39	50	30	41	205	191	2.882044
40	51	31	42	255	155	2.817106
41	52	32	43	351	341	3.209707
42	53	33	44	184	165	3.437100
56	67	44	55	216	0	1.961923
57	68	45	56	23	0	1.327063
58	69	46	57	27	0	0.813956
68	79	56	67	277	33	2.543323
75	86	63	74	239	162	2.363423
76	87	64	75	386	329	2.809270
91	102	80	91	311	288	1.718799
100	111	89	100	371	241	2.038166
101	112	90	101	111	23	1.303435
102	113	91	102	0	27	0.813956
115	126	105	116	318	107	2.418216
116	127	106	117	203	258	2.291121
117	128	107	118	293	389	2.078620
118	129	108	119	274	73	2.896609
126	137	116	127	291	376	3.006765
133	144	123	134	338	25	1.152231
137	148	127	138	363	164	1.880850
138	149	128	139	157	174	2.869491
151	162	139	150	35	21	4.681210
152	163	140	151	35	85	4.374317
153	164	141	152	35	354	3.165933
154	165	142	153	94	160	3.520161
171	182	156	167	0	127	0.813264
172	183	157	168	0	260	1.731263
173	184	158	169	0	170	1.959205
174	185	159	170	0	37	1.968723
195	206	182	193	49	123	3.332822
196	207	183	194	359	4	3.206111
197	208	184	195	153	188	3.114611
198	209	185	196	259	271	2.948760
199	210	186	197	175	104	4.063756
200	211	187	198	214	283	4.081658
201	212	188	199	311	256	3.454718
202	213	189	200	256	222	3.101656
203	214	190	201	363	331	2.590972
204	215	191	202	174	54	2.729182
205	216	192	203	218	173	2.674313
212	223	199	210	0	16	0.775259
213	224	200	211	0	60	1.639067
214	225	201	212	0	16	0.775259
215	226	202	213	0	170	1.959205
216	227	203	214	0	196	1.046929
217	228	204	215	0	144	2.580545
218	229	205	216	127	251	3.139679
