start1	end1	start2	end2	frag1	frag2	frag_rmsd
22	33	9	20	84	96	6.668494
56	67	43	54	21	209	3.472343
57	68	44	55	71	246	3.910375
58	69	45	56	325	68	3.454189
69	80	56	67	396	0	3.341844
70	81	57	68	353	35	2.411178
71	82	58	69	4	35	1.941528
72	83	59	70	16	166	2.734110
73	84	60	71	196	338	3.804094
74	85	61	72	273	277	4.539327
75	86	62	73	184	288	5.005464
76	87	63	74	121	335	4.468093
77	88	64	75	27	363	4.805533
78	89	65	76	166	174	5.218092
79	90	66	77	338	391	4.934648
80	91	67	78	277	178	5.865925
81	92	68	79	33	248	5.309214
82	93	69	80	355	203	4.613470
83	94	70	81	363	167	4.703228
84	95	71	82	91	204	3.467292
85	96	72	83	318	204	3.367435
86	97	73	84	389	152	4.591571
87	98	74	85	28	292	4.334726
88	99	75	86	328	32	3.799582
89	100	76	87	194	129	2.874198
100	111	87	98	46	235	4.101033
101	112	88	99	77	33	3.736710
102	113	89	100	139	232	3.300211
113	124	100	111	383	0	4.702672
114	125	101	112	84	0	5.594340
125	136	114	125	229	210	4.870542
126	137	115	126	301	38	4.546270
127	138	116	127	173	342	4.975341
128	139	117	128	348	229	5.017396
129	140	118	129	73	253	5.034862
146	157	135	146	222	20	5.515357
157	168	146	157	330	83	2.610915
158	169	147	158	367	327	2.658463
159	170	148	159	365	128	3.574855
160	171	149	160	285	375	3.007590
161	172	150	161	57	363	3.277808
162	173	151	162	392	143	2.200380
163	174	152	163	356	348	2.839605
164	175	153	164	322	28	3.571849
165	176	154	165	126	328	4.524762
166	177	155	166	357	21	4.242556
167	178	156	167	395	229	4.229671
168	179	157	168	106	47	4.196378
169	180	158	169	107	62	4.578611
170	181	159	170	313	337	4.777599
171	182	160	171	162	358	4.532328
172	183	161	172	7	112	4.668720
173	184	162	173	312	361	4.140623
174	185	163	174	229	97	3.511887
175	186	164	175	189	302	3.828657
176	187	165	176	299	143	3.708974
177	188	166	177	192	162	3.650443
178	189	167	178	130	386	3.196555
194	205	184	195	0	368	2.061254
205	216	195	206	173	122	5.347681
216	227	206	217	397	23	1.877845
217	228	207	218	216	121	1.107965
218	229	208	219	111	0	1.805292
221	232	211	222	188	0	1.887540
222	233	212	223	25	0	3.096916
223	234	213	224	235	0	4.255391
224	235	214	225	277	0	3.952422
225	236	215	226	288	0	4.558312
226	237	216	227	34	0	4.532363
