start1	end1	start2	end2	frag1	frag2	frag_rmsd
12	23	1	12	52	309	3.308476
15	26	4	15	183	208	2.236035
16	27	5	16	298	151	2.505800
19	30	8	19	28	40	1.916230
32	43	23	34	27	0	0.813956
34	45	25	36	25	338	1.152231
49	60	39	50	232	361	2.306906
61	72	61	72	98	362	3.268989
62	73	62	73	174	3	2.344203
63	74	63	74	91	57	2.021486
64	75	64	75	173	348	2.362281
65	76	65	76	351	28	2.541163
66	77	66	77	343	2	1.502106
70	81	70	81	4	23	1.335798
77	88	77	88	103	6	2.355410
78	89	78	89	333	156	2.507667
