start1	end1	start2	end2	frag1	frag2	frag_rmsd
2	13	1	12	226	208	2.686596
3	14	2	13	348	398	2.979613
22	33	21	32	18	25	1.880110
23	34	22	33	69	100	1.602674
24	35	23	34	233	294	2.452871
26	37	25	36	280	385	2.491078
33	44	32	43	0	35	1.003458
34	45	33	44	0	35	1.003458
35	46	34	45	0	245	2.249697
36	47	35	46	0	5	1.445826
37	48	36	47	35	5	1.528815
38	49	37	48	217	5	1.208122
39	50	38	49	350	217	2.669606
41	52	40	51	110	180	1.207298
46	57	45	56	141	227	1.668724
49	60	48	59	260	0	1.731263
50	61	49	60	170	0	1.959205
51	62	50	61	37	87	1.559357
52	63	51	62	24	180	1.017167
53	64	52	63	264	319	1.327043
54	65	53	64	286	295	2.527420
56	67	55	66	177	131	2.065757
57	68	56	67	22	75	3.051605
58	69	57	68	281	268	2.328089
61	72	60	71	95	141	1.602886
