start1	end1	start2	end2	frag1	frag2	frag_rmsd
48	59	44	55	149	118	1.094155
68	79	64	75	0	16	0.775259
86	97	82	93	260	18	1.686863
93	104	89	100	112	98	2.830390
96	107	92	103	202	372	2.168379
109	120	105	116	34	363	3.284685
131	142	127	138	364	202	2.626801
137	148	133	144	0	35	1.003458
