start1	end1	start2	end2	frag1	frag2	frag_rmsd
1	12	7	18	143	151	2.538459
2	13	8	19	318	348	2.448920
3	14	9	20	395	167	2.258216
4	15	10	21	357	40	2.500053
21	32	33	44	180	18	1.503133
41	52	53	64	327	336	3.187930
49	60	61	72	14	342	2.230074
50	61	62	73	97	8	2.870461
51	62	63	74	189	218	3.501234
52	63	64	75	116	187	3.800701
53	64	65	76	266	7	3.660489
54	65	66	77	20	117	2.395954
55	66	67	78	59	336	3.760242
56	67	68	79	375	327	4.213509
57	68	69	80	120	385	3.565782
58	69	70	81	285	112	3.798733
59	70	71	82	325	131	4.101803
60	71	72	83	163	174	3.027452
61	72	73	84	54	242	2.573580
62	73	74	85	379	331	2.384063
63	74	75	86	57	178	1.951934
64	75	76	87	351	114	2.335949
70	81	82	93	180	338	1.985909
73	84	85	96	189	355	3.055860
74	85	86	97	341	173	3.190472
75	86	87	98	228	74	4.483694
76	87	88	99	332	384	3.503087
77	88	89	100	150	312	3.199813
78	89	90	101	59	155	5.091521
79	90	91	102	300	274	4.939807
80	91	92	103	98	160	3.298850
81	92	93	104	262	345	3.206317
82	93	94	105	152	141	3.018808
83	94	95	106	138	45	2.873433
84	95	96	107	369	70	3.592206
85	96	97	108	227	12	4.165242
86	97	98	109	223	168	3.999915
87	98	99	110	4	307	3.941734
88	99	100	111	0	262	3.802791
89	100	101	112	0	351	3.675684
90	101	102	113	127	193	3.338567
91	102	103	114	149	346	3.291412
92	103	104	115	77	95	3.701602
93	104	105	116	79	45	3.387122
94	105	106	117	139	4	4.085628
95	106	107	118	139	0	3.909038
96	107	108	119	269	35	3.893681
97	108	109	120	128	166	4.673085
98	109	110	121	324	161	4.461895
99	110	111	122	262	294	3.749385
100	111	112	123	341	283	4.344226
101	112	113	124	343	136	3.693152
102	113	114	125	1	43	2.128343
108	119	120	131	16	127	1.158335
110	121	122	133	18	338	1.332509
130	141	144	155	326	129	2.641751
131	142	145	156	141	396	2.196376
132	143	146	157	45	123	1.488609
139	150	153	164	16	0	0.775259
140	151	154	165	127	0	0.813264
