start1	end1	start2	end2	frag1	frag2	frag_rmsd
32	43	32	43	359	354	2.244567
35	46	35	46	327	306	3.239205
36	47	36	47	367	59	2.032515
38	49	38	49	46	222	3.030653
41	52	41	52	140	209	2.551652
78	89	75	86	225	68	2.476200
80	91	77	88	281	309	3.255616
90	101	87	98	59	367	2.032515
92	103	89	100	98	393	2.507349
93	104	90	101	262	171	2.758530
96	107	93	104	369	194	1.775960
99	110	96	107	4	111	0.994513
102	113	99	110	35	127	1.273794
103	114	100	111	35	149	1.967607
104	115	101	112	35	25	2.656944
105	116	102	113	166	18	2.280144
106	117	103	114	235	321	2.367577
107	118	104	115	277	139	2.495747
109	120	106	117	256	324	2.891757
110	121	107	118	363	97	1.939160
111	122	108	119	352	262	3.276034
112	123	109	120	274	236	1.789125
113	124	110	121	2	86	1.884148
115	126	112	123	141	51	1.428009
122	133	119	130	0	16	0.775259
123	134	120	131	16	0	0.775259
129	140	126	137	318	151	2.401869
132	143	129	140	389	322	2.292898
133	144	130	141	158	84	2.726643
134	145	131	142	357	392	2.035569
135	146	132	143	248	360	3.051493
136	147	133	144	392	84	2.236722
137	148	134	145	74	318	2.154001
138	149	135	146	360	126	2.237959
