start1	end1	start2	end2	frag1	frag2	frag_rmsd
8	19	13	24	318	205	2.959324
9	20	14	25	106	183	3.228161
10	21	15	26	360	253	4.548559
11	22	16	27	360	395	3.113222
25	36	28	39	270	258	2.890358
26	37	29	40	374	187	2.868502
27	38	30	41	343	7	2.009865
28	39	31	42	328	130	3.034956
29	40	32	43	358	20	2.822371
30	41	33	44	327	330	2.088556
31	42	34	45	6	367	3.741155
32	43	35	46	256	365	2.792255
33	44	36	47	156	174	2.549268
34	45	37	48	174	272	3.132161
36	47	39	50	316	318	2.200800
53	64	55	66	0	16	0.775259
55	66	57	68	0	196	1.046929
56	67	58	69	196	144	2.344870
57	68	59	70	35	350	2.513700
58	69	60	71	350	249	2.200210
59	70	61	72	251	37	3.994276
60	71	62	73	277	153	4.787596
