start1	end1	start2	end2	frag1	frag2	frag_rmsd
7	18	34	45	126	322	2.289807
8	19	35	46	61	313	2.398675
9	20	36	47	374	167	2.251345
10	21	37	48	329	210	2.327830
11	22	38	49	83	150	1.761815
12	23	39	50	327	59	2.076427
13	24	40	51	128	300	3.067607
14	25	41	52	365	393	2.281657
15	26	42	53	363	298	2.950286
17	28	44	55	57	379	2.336006
18	29	45	56	126	391	2.757323
19	30	46	57	258	357	1.886183
20	31	47	58	293	391	2.396353
21	32	48	59	73	204	3.073344
22	33	49	60	150	320	4.228473
23	34	50	61	261	274	3.033207
24	35	51	62	195	194	2.678602
25	36	52	63	227	141	1.668724
26	37	53	64	223	394	1.646543
27	38	54	65	111	70	1.984381
28	39	55	66	0	184	1.197355
29	40	56	67	0	121	0.992640
30	41	57	68	0	27	0.813956
31	42	58	69	0	16	0.775259
32	43	59	70	188	35	1.339917
33	44	60	71	338	166	1.595083
34	45	61	72	100	235	1.231875
46	57	72	83	73	329	2.227621
49	60	75	86	59	128	2.692989
50	61	76	87	375	365	1.934439
51	62	77	88	363	156	2.308899
52	63	78	89	262	352	3.276034
53	64	79	90	299	274	2.462843
54	65	80	91	328	138	2.615349
65	76	92	103	301	331	2.779249
66	77	93	104	91	253	2.403003
67	78	94	105	57	178	1.951934
68	79	95	106	322	357	2.219787
71	82	98	109	102	38	3.239735
72	83	99	110	213	112	3.032604
73	84	100	111	390	229	2.341461
75	86	102	113	298	91	2.033592
76	87	103	114	107	302	3.191837
