start1	end1	start2	end2	frag1	frag2	frag_rmsd
8	19	16	27	114	176	1.989951
35	46	43	54	358	213	2.035530
41	52	49	60	75	214	2.776051
54	65	62	73	4	111	0.994513
58	69	66	77	134	288	2.919609
69	80	77	88	194	276	2.357682
71	82	79	90	281	394	1.908381
81	92	89	100	161	100	0.978809
88	99	96	107	318	151	2.401869
89	100	97	108	203	348	1.790407
104	115	112	123	0	16	0.775259
105	116	113	124	0	127	0.813264
