start1	end1	start2	end2	frag1	frag2	frag_rmsd
8	19	3	14	215	210	2.059582
12	23	7	18	227	129	2.576417
35	46	30	41	296	143	3.046606
38	49	33	44	183	80	2.396931
40	51	35	46	62	7	3.428415
46	57	41	52	174	156	2.549268
50	61	45	56	213	181	2.005427
53	64	48	59	238	70	2.011694
55	66	50	61	55	265	2.502428
56	67	51	62	55	115	3.077489
58	69	53	64	201	311	2.767802
60	71	55	66	131	385	2.652572
71	82	67	78	275	240	3.850559
72	83	68	79	181	26	3.829931
73	84	69	80	376	37	3.675343
74	85	70	81	252	118	3.819406
75	86	71	82	314	17	3.449549
76	87	72	83	173	124	3.507883
77	88	73	84	107	226	3.451074
78	89	74	85	203	151	3.084596
79	90	75	86	167	165	3.107001
82	93	78	89	19	378	2.694133
83	94	79	90	78	364	3.230782
85	96	81	92	221	325	2.157297
100	111	96	107	239	215	1.429311
107	118	103	114	90	149	2.366758
112	123	108	119	383	349	1.626976
122	133	118	129	111	4	0.994513
189	200	185	196	95	397	2.597544
234	245	230	241	91	173	2.560482
255	266	251	262	84	126	1.909341
266	277	262	273	91	178	1.731687
268	279	264	275	178	392	1.899502
269	280	265	276	248	322	2.535011
300	311	296	307	319	362	2.671873
301	312	297	308	109	236	3.026191
303	314	299	310	257	125	2.022846
305	316	301	312	11	244	2.600936
309	320	305	316	392	107	2.851272
312	323	308	319	360	198	2.868520
316	327	312	323	126	84	1.909341
317	328	313	324	322	132	1.945705
325	336	321	332	71	301	2.996809
326	337	322	333	398	29	2.328114
328	339	324	335	211	198	2.273368
332	343	328	339	39	263	1.670447
340	351	336	347	176	248	3.110178
351	362	347	358	357	126	2.400813
354	365	350	361	132	74	2.503655
359	370	355	366	117	112	2.722193
369	380	365	376	357	132	1.964894
378	389	374	385	322	84	1.955336
390	401	386	397	379	84	2.971486
391	402	387	398	74	176	2.724529
395	406	391	402	89	95	2.706507
404	415	400	411	196	0	1.046929
432	443	430	441	203	211	1.857122
433	444	431	442	211	187	2.157363
458	469	456	467	164	393	2.491372
459	470	457	468	174	331	1.879546
462	473	460	471	343	2	1.502106
468	479	466	477	263	201	2.900221
