start1	end1	start2	end2	frag1	frag2	frag_rmsd
3	14	1	12	96	38	2.838484
10	21	8	19	395	126	1.849402
11	22	9	20	357	322	2.219787
13	24	11	22	84	198	3.057682
14	25	12	23	360	258	2.306964
33	44	31	42	151	126	3.121305
34	45	32	43	395	357	2.192089
35	46	33	44	80	395	2.623447
36	47	34	45	167	187	2.121763
37	48	35	46	183	395	2.658949
40	51	38	49	392	379	2.375143
41	52	39	50	318	392	2.172813
42	53	40	51	132	57	1.551260
43	54	41	52	360	176	3.064982
55	66	52	63	198	106	2.191348
57	68	54	65	351	114	2.335949
