start1	end1	start2	end2	frag1	frag2	frag_rmsd
4	15	1	12	302	157	1.373132
5	16	2	13	132	84	2.205557
6	17	3	14	356	126	2.644557
7	18	4	15	360	322	1.453720
9	20	6	17	322	158	2.437978
10	21	7	18	61	198	2.292877
16	27	13	24	85	129	2.856021
18	29	15	26	70	136	3.137838
56	67	53	64	288	311	1.718799
81	92	78	89	143	349	2.897200
82	93	79	90	86	74	3.306172
84	95	81	92	148	239	3.080990
113	124	104	115	289	369	2.927266
