start1	end1	start2	end2	frag1	frag2	frag_rmsd
41	52	41	52	152	73	2.865449
42	53	42	53	152	332	3.286408
43	54	43	54	332	59	4.229681
49	60	49	60	253	178	2.074688
55	66	55	66	342	234	2.805291
90	101	90	101	150	332	2.960658
91	102	91	102	261	59	3.077335
93	104	93	104	314	252	3.047322
119	130	119	130	297	187	2.474313
120	131	120	131	373	246	2.083918
125	136	125	136	3	331	2.648256
129	140	129	140	152	73	2.865449
130	141	130	141	332	152	3.286408
132	143	132	143	261	59	3.077335
138	149	138	149	57	383	2.505220
158	169	158	169	298	253	2.223505
162	173	162	173	356	158	2.873854
163	174	163	174	84	158	2.726643
