start1	end1	start2	end2	frag1	frag2	frag_rmsd
1	12	1	12	0	27	0.813956
4	15	4	15	0	127	0.813264
48	59	48	59	0	121	0.992640
49	60	49	60	0	27	0.813956
59	70	59	70	251	271	1.346902
66	77	66	77	141	22	1.438165
82	93	82	93	41	77	2.591421
86	97	86	97	222	363	2.706564
119	130	119	130	165	363	2.999148
121	132	121	132	183	178	1.884271
122	133	122	133	272	107	3.064142
128	139	128	139	147	241	1.629783
130	141	130	141	0	273	1.419073
131	142	131	142	16	184	1.241286
132	143	132	143	16	121	1.372802
133	144	133	144	127	27	1.019607
153	164	156	167	0	16	0.775259
154	165	157	168	127	16	1.158335
166	177	168	179	193	160	2.129072
203	214	206	217	273	0	1.419073
204	215	207	218	240	0	1.998148
205	216	208	219	121	0	0.992640
206	217	209	220	27	0	0.813956
212	223	215	226	127	60	1.135321
213	224	216	227	260	60	1.916072
214	225	217	228	170	124	3.104526
215	226	218	229	37	279	2.679006
216	227	219	230	144	153	2.726104
