start1	end1	start2	end2	frag1	frag2	frag_rmsd
31	42	31	42	40	92	1.759016
42	53	47	58	168	315	1.621254
46	57	51	62	310	334	2.654164
47	58	52	63	54	183	2.143825
48	59	53	64	218	318	2.873967
49	60	54	65	187	106	2.948844
50	61	55	66	40	389	2.947202
51	62	56	67	163	114	2.969498
52	63	57	68	205	138	3.730370
53	64	58	69	378	192	2.501649
54	65	59	70	364	227	3.768056
55	66	60	71	247	394	4.062840
56	67	61	72	292	238	3.189934
57	68	62	73	369	340	3.126435
58	69	63	74	227	240	2.592171
59	70	64	75	223	216	2.223151
60	71	65	76	23	111	1.303435
69	80	74	85	16	0	0.775259
94	105	95	106	38	150	2.863885
105	116	108	119	380	287	1.753020
110	121	113	124	356	57	1.996521
111	122	114	125	386	323	2.469135
133	144	133	144	203	392	2.667348
134	145	134	145	374	162	2.026859
138	149	138	149	371	45	1.366556
157	168	157	168	92	204	2.213959
158	169	158	169	379	323	2.385592
159	170	159	170	68	73	2.957185
161	172	161	172	138	292	2.059222
162	173	162	173	369	276	1.368954
174	185	173	184	395	318	2.216742
175	186	174	185	318	203	2.348379
190	201	191	202	255	178	1.895190
193	204	194	205	360	84	1.521872
210	221	210	221	84	74	2.819412
211	222	211	222	61	258	1.652270
235	246	233	244	357	392	2.035569
240	251	238	249	378	14	2.892557
242	253	240	251	112	182	3.589709
244	255	242	253	19	163	2.650989
251	262	249	260	4	111	0.994513
273	284	277	288	392	178	1.899502
289	300	294	305	132	357	1.964894
301	312	325	336	322	126	2.289807
315	326	339	350	16	240	1.850213
328	339	352	363	0	35	1.003458
329	340	353	364	188	35	1.339917
