start1	end1	start2	end2	frag1	frag2	frag_rmsd
1	12	1	12	125	142	4.296240
2	13	2	13	135	140	3.865472
3	14	3	14	26	85	2.652768
4	15	4	15	196	268	3.905048
5	16	5	16	273	160	3.318352
6	17	6	17	16	31	2.809051
7	18	7	18	0	21	4.135676
8	19	8	19	0	214	4.097911
9	20	9	20	196	295	2.124593
10	21	10	21	0	99	3.579490
11	22	11	22	127	345	3.520113
35	46	35	46	0	263	4.383087
36	47	36	47	0	165	3.970706
37	48	37	48	368	155	4.005490
38	49	38	49	260	268	4.088287
49	60	49	60	16	299	3.970899
50	61	50	61	0	153	3.120809
51	62	51	62	196	207	3.516493
52	63	52	63	0	397	2.428588
53	64	53	64	0	371	2.685353
54	65	54	65	121	105	2.671956
67	78	67	78	123	0	2.826189
68	79	68	79	4	0	1.783926
72	83	72	83	188	127	1.791159
73	84	73	84	25	87	2.705431
74	85	74	85	161	180	2.559754
75	86	75	86	294	319	2.544084
76	87	76	87	101	109	2.745072
77	88	77	88	333	201	3.187691
78	89	78	89	237	256	3.270957
79	90	79	90	65	66	2.012778
80	91	80	91	371	268	3.128855
81	92	81	92	111	193	2.592531
82	93	82	93	16	137	2.578675
83	94	83	94	0	15	2.000338
84	95	84	95	0	216	1.961923
