start1	end1	start2	end2	frag1	frag2	frag_rmsd
2	13	3	14	61	322	1.532523
5	16	6	17	38	138	2.473026
7	18	8	19	195	32	1.944403
12	23	13	24	23	15	1.595702
13	24	14	25	111	27	1.266595
14	25	15	26	0	127	0.813264
15	26	16	27	0	16	0.775259
16	27	17	28	0	184	1.197355
17	28	18	29	35	196	1.146322
18	29	19	30	368	260	2.271309
19	30	20	31	284	170	2.372790
20	31	21	32	287	44	2.779828
21	32	22	33	311	144	3.178825
23	34	24	35	222	377	2.585546
24	35	25	36	331	301	2.779249
29	40	30	41	176	343	3.059252
30	41	31	42	176	207	2.783500
31	42	32	43	53	326	2.460151
32	43	33	44	89	216	2.255267
44	55	45	56	216	371	1.502072
96	107	90	101	94	5	1.412501
101	112	95	106	217	0	1.425276
106	117	100	111	33	93	2.502357
135	146	127	138	395	248	1.997362
138	149	130	141	126	42	2.008935
142	153	134	145	343	328	1.513701
150	161	142	153	149	188	1.382009
152	163	144	155	69	377	1.451916
155	166	147	158	337	219	2.788891
175	186	167	178	94	245	1.654793
176	187	168	179	166	94	2.220235
177	188	169	180	235	76	3.237018
178	189	170	181	33	76	3.559411
195	206	181	192	42	84	2.426355
196	207	182	193	132	74	2.503655
197	208	183	194	61	374	2.524894
198	209	184	195	389	198	2.304197
