start1	end1	start2	end2	frag1	frag2	frag_rmsd
16	27	11	22	164	34	2.524144
17	28	12	23	302	133	2.836895
32	43	26	37	320	373	2.468278
40	51	34	45	357	360	2.658914
41	52	35	46	392	258	2.406167
42	53	36	47	42	126	2.008935
54	65	50	61	225	1	1.414968
66	77	62	73	235	277	1.734496
72	83	68	79	57	322	2.446228
85	96	80	91	258	28	2.447437
86	97	81	92	389	2	3.562213
87	98	82	93	28	58	2.871135
