start1	end1	start2	end2	frag1	frag2	frag_rmsd
49	60	23	34	173	158	3.646478
50	61	24	35	310	40	2.788884
52	63	26	37	351	296	2.893150
54	65	28	39	20	266	2.464715
66	77	41	52	354	114	3.250929
67	78	42	53	153	138	2.872689
68	79	43	54	231	194	2.031382
69	80	44	55	95	141	1.602886
103	114	83	94	184	240	1.274780
106	117	86	97	27	0	0.813956
142	153	125	136	336	219	3.962909
144	155	127	138	214	336	3.627612
167	178	151	162	150	152	2.343118
175	186	159	170	0	121	0.992640
187	198	172	183	34	164	2.524144
189	200	174	185	253	57	2.589846
199	210	184	195	281	388	2.197854
201	212	186	197	350	245	1.326680
206	217	191	202	23	4	1.335798
219	230	204	215	253	57	2.589846
220	231	205	216	392	395	1.956324
221	232	206	217	57	132	1.551260
225	236	210	221	167	293	1.284317
230	241	215	226	330	213	3.372750
231	242	216	227	306	159	3.427051
232	243	217	228	159	268	3.435985
247	258	231	242	4	23	1.335798
253	264	237	248	34	164	2.524144
260	271	244	255	130	358	2.067353
276	287	260	271	188	35	1.339917
277	288	261	272	25	166	1.364085
278	289	262	273	235	338	2.509048
279	290	263	274	33	277	2.543323
280	291	264	275	232	288	2.068787
281	292	265	276	34	232	2.464867
285	296	269	280	84	126	1.909341
289	300	273	284	395	42	2.168523
298	309	282	293	78	131	2.986156
328	339	301	312	25	338	1.152231
329	340	302	313	235	161	1.099262
331	342	304	315	232	93	2.165914
333	344	306	317	171	299	3.540056
336	347	309	320	51	95	1.563872
354	365	327	338	16	0	0.775259
355	366	328	339	16	127	1.158335
