start1	end1	start2	end2	frag1	frag2	frag_rmsd
20	31	18	29	122	246	3.134991
21	32	19	30	13	358	2.540778
33	44	31	42	210	50	3.428664
37	48	35	46	48	285	3.289235
38	49	36	47	383	218	2.744119
39	50	37	48	351	296	2.893150
40	51	38	49	58	7	2.590663
41	52	39	50	78	344	3.391091
42	53	40	51	85	275	3.362244
