start1	end1	start2	end2	frag1	frag2	frag_rmsd
38	49	35	46	36	241	1.758679
39	50	36	47	169	23	1.857153
40	51	37	48	273	184	1.674643
41	52	38	49	240	121	1.960462
52	63	51	62	68	389	2.655854
59	70	58	69	396	65	2.073749
64	75	63	74	35	0	1.003458
65	76	64	75	368	188	1.404624
71	82	70	81	331	174	1.879546
73	84	72	83	183	143	1.720893
75	86	74	85	132	107	2.350722
87	98	86	97	59	170	5.026101
88	99	87	98	159	44	4.328487
89	100	88	99	159	273	3.884124
90	101	89	100	372	240	3.171692
91	102	90	101	43	216	3.187037
92	103	91	102	95	111	3.541462
93	104	92	103	45	35	2.819079
94	105	93	104	4	35	1.941528
126	137	116	127	322	360	1.453720
131	142	121	132	55	115	3.077489
133	144	123	134	325	52	3.063108
168	179	157	168	35	0	1.003458
169	180	158	169	35	0	1.003458
181	192	171	182	42	167	2.323165
182	193	172	183	357	391	1.962426
183	194	173	184	357	391	1.962426
219	230	226	237	357	57	2.268519
220	231	227	238	379	84	2.971486
233	244	240	251	35	0	1.003458
234	245	241	252	245	35	2.065446
246	257	256	267	389	198	2.304197
247	258	257	268	158	176	2.838007
249	260	259	270	391	310	2.889263
253	264	263	274	86	2	1.884148
255	266	265	276	141	51	1.428009
262	273	272	283	0	188	1.887540
263	274	273	284	0	338	3.404800
264	275	274	285	35	277	3.920670
265	276	275	286	35	288	4.229073
266	277	276	287	368	6	3.389967
267	278	277	288	284	363	4.068441
268	279	278	289	233	272	4.139628
269	280	279	290	307	57	3.933745
291	302	298	309	53	176	2.615884
294	305	301	312	371	111	2.158258
296	307	303	314	338	235	2.509048
297	308	304	315	100	277	1.693324
298	309	305	316	33	232	2.349096
303	314	310	321	176	389	2.556364
304	315	311	322	162	114	1.980808
306	317	313	324	43	1	2.128343
316	327	323	334	0	35	1.003458
318	329	325	336	260	284	1.981488
319	330	326	337	170	233	1.990823
320	331	327	338	44	52	2.703288
321	332	328	339	273	12	2.591410
