start1	end1	start2	end2	frag1	frag2	frag_rmsd
5	16	4	15	187	151	2.600378
6	17	5	16	211	395	2.688355
7	18	6	17	68	203	3.455408
8	19	7	18	89	187	3.005438
9	20	8	19	241	178	3.652140
10	21	9	20	220	190	2.257655
11	22	10	21	121	89	2.710441
12	23	11	22	27	241	2.394441
13	24	12	23	188	220	2.897599
14	25	13	24	25	121	3.533891
15	26	14	25	235	27	4.665486
16	27	15	26	33	188	3.846967
17	28	16	27	134	25	3.766388
18	29	17	28	280	161	3.434950
19	30	18	29	230	33	4.050406
20	31	19	30	231	134	3.975564
21	32	20	31	141	280	3.110232
22	33	21	32	45	230	3.300856
23	34	22	33	4	194	3.356846
24	35	23	34	0	141	3.490832
25	36	24	35	127	45	3.026013
45	56	44	55	126	133	5.136132
56	67	56	67	389	84	2.785233
57	68	57	68	28	322	3.571849
58	69	58	69	329	389	4.254331
73	84	74	85	253	285	3.724917
74	85	75	86	42	253	3.562871
75	86	76	87	357	178	2.306823
76	87	77	88	392	57	2.274546
