start1	end1	start2	end2	frag1	frag2	frag_rmsd
7	18	7	18	0	196	1.046929
9	20	9	20	0	16	0.775259
10	21	10	21	0	121	0.992640
21	32	21	32	328	50	3.428630
23	34	23	34	55	305	3.775866
25	36	25	36	291	372	3.119689
35	46	35	46	294	104	2.248622
37	48	37	48	142	341	2.945227
41	52	41	52	129	269	2.531806
42	53	42	53	291	269	3.279666
