start1	end1	start2	end2	frag1	frag2	frag_rmsd
29	40	28	39	392	42	2.128589
31	42	30	41	126	318	2.511599
32	43	31	42	215	258	2.499323
34	45	33	44	83	117	1.919939
35	46	34	45	330	358	3.076728
36	47	35	46	333	390	3.552772
37	48	36	47	159	171	3.376048
38	49	37	48	135	206	2.279882
39	50	38	49	397	197	2.844258
41	52	40	51	99	244	2.836007
42	53	41	52	338	282	2.360538
44	55	43	54	311	283	2.735094
45	56	44	55	6	256	2.076516
48	59	47	58	54	272	2.666404
78	89	75	86	363	365	2.484110
81	92	78	89	84	322	1.955336
83	94	80	91	61	360	1.959112
84	95	81	92	322	360	1.453720
85	96	82	93	215	61	2.716918
86	97	83	94	162	239	2.363423
87	98	84	95	38	329	2.609070
88	99	85	96	130	117	2.630877
89	100	86	97	304	390	2.928597
90	101	87	98	128	159	3.778697
91	102	88	99	283	268	2.579274
94	105	91	102	81	95	1.894859
95	106	92	103	145	45	2.593655
96	107	93	104	220	4	2.366635
97	108	94	105	184	0	1.197355
98	109	95	106	27	0	0.813956
99	110	96	107	121	0	0.992640
107	118	104	115	294	339	2.275774
108	119	105	116	291	339	2.497712
109	120	106	117	137	67	3.265269
110	121	107	118	72	299	3.646368
111	122	108	119	282	58	3.076939
112	123	109	120	319	130	3.885634
113	124	110	121	93	234	2.624321
114	125	111	122	164	361	2.628107
116	127	113	124	54	302	1.822938
117	128	114	125	178	132	2.174432
118	129	115	126	107	356	1.430031
122	133	119	130	323	167	1.943224
123	134	120	131	92	58	2.238939
124	135	121	132	112	191	3.596074
125	136	122	133	281	268	2.328089
128	139	125	136	129	66	2.969271
129	140	126	137	51	371	1.963017
130	141	127	138	353	36	1.560245
131	142	128	139	217	4	1.467713
136	147	133	144	33	321	2.658565
143	154	140	151	318	107	2.418216
146	157	143	154	28	158	2.314039
148	159	145	156	292	150	3.273534
164	175	161	172	260	16	1.076875
165	176	162	173	170	0	1.959205
166	177	163	174	37	196	1.126710
168	179	165	176	235	338	2.509048
170	181	167	178	93	33	2.502357
179	190	176	187	258	360	2.306964
181	192	178	189	92	386	2.868197
182	193	179	190	358	96	2.222575
184	195	181	192	32	390	2.794076
185	196	182	193	276	171	3.894278
186	197	183	194	65	347	2.308913
187	198	184	195	147	145	2.118707
188	199	185	196	397	125	2.152504
189	200	186	197	121	15	1.660020
190	201	187	198	111	371	2.158258
191	202	188	199	0	27	0.813956
246	257	243	254	67	151	3.148822
262	273	259	270	0	35	1.003458
