start1	end1	start2	end2	frag1	frag2	frag_rmsd
31	42	32	43	25	149	2.140871
32	43	33	44	359	77	2.382337
64	75	65	76	25	338	1.152231
77	88	78	89	106	360	2.403800
80	91	81	92	198	114	2.372330
81	92	82	93	334	258	3.300328
118	129	119	130	65	95	2.348324
121	132	122	133	127	0	0.813264
131	142	132	143	0	27	0.813956
145	156	146	157	0	188	1.887540
146	157	147	158	16	338	3.069164
147	158	148	159	0	69	3.243343
148	159	149	160	35	294	3.619100
149	160	150	161	25	359	2.215761
150	161	151	162	284	30	3.488322
151	162	152	163	109	175	3.707819
152	163	153	164	238	275	3.447980
153	164	154	165	340	119	3.372224
154	165	155	166	66	376	3.215130
155	166	156	167	216	65	2.680001
156	167	157	168	111	223	2.573819
157	168	158	169	0	111	1.805292
161	172	162	173	94	35	1.741150
