start1	end1	start2	end2	frag1	frag2	frag_rmsd
20	31	10	21	30	285	3.336776
25	36	15	26	125	218	3.432504
38	49	27	38	247	38	2.150232
39	50	28	39	155	38	3.074244
40	51	29	40	152	112	2.996887
42	53	31	42	82	261	2.364559
45	56	34	45	221	229	2.926728
46	57	35	46	355	221	2.861147
