start1	end1	start2	end2	frag1	frag2	frag_rmsd
27	38	26	37	132	178	2.174432
28	39	27	38	84	132	2.205557
29	40	28	39	126	84	1.909341
30	41	29	40	360	322	1.453720
64	75	63	74	392	126	1.978049
