start1	end1	start2	end2	frag1	frag2	frag_rmsd
1	12	14	25	346	111	2.859887
2	13	15	26	81	0	2.763277
3	14	16	27	135	0	2.959204
4	15	17	28	397	0	2.428588
5	16	18	29	23	0	1.327063
6	17	19	30	27	0	0.813956
8	19	21	32	121	0	0.992640
9	20	22	33	27	0	0.813956
11	22	24	35	16	0	0.775259
29	40	41	52	380	319	2.054582
39	50	51	62	16	0	0.775259
40	51	52	63	16	0	0.775259
41	52	53	64	121	0	0.992640
42	53	54	65	196	0	1.046929
43	54	55	66	35	127	1.273794
