start1	end1	start2	end2	frag1	frag2	frag_rmsd
1	12	1	12	43	0	3.289124
2	13	2	13	95	0	2.781651
3	14	3	14	179	0	3.751999
4	15	4	15	12	0	2.575342
5	16	5	16	124	0	2.989298
6	17	6	17	154	0	3.034545
7	18	7	18	162	0	4.149146
18	29	18	29	0	356	5.325770
19	30	19	30	0	84	5.594340
30	41	32	43	233	313	4.552111
31	42	33	44	134	162	4.982195
32	43	34	45	280	266	3.649959
33	44	35	46	230	213	3.957969
47	58	46	57	0	343	3.952198
48	59	47	58	0	58	4.282349
49	60	48	59	188	275	4.018665
50	61	49	60	25	9	3.889167
51	62	50	61	235	9	4.189368
52	63	51	62	33	129	3.799922
53	64	52	63	232	223	3.984183
54	65	53	64	256	147	3.908227
55	66	54	65	174	23	4.995272
56	67	55	66	97	368	4.327441
57	68	56	67	379	338	5.289730
58	69	57	68	248	277	6.052916
77	88	74	85	358	0	4.950996
78	89	75	86	117	0	5.332025
79	90	76	87	128	188	4.988509
80	91	77	88	342	338	4.005738
81	92	78	89	182	277	4.609779
82	93	79	90	331	283	4.780032
83	94	80	91	383	335	4.866094
84	95	81	92	391	156	4.387711
85	96	82	93	323	174	4.081658
86	97	83	94	246	342	3.871737
87	98	84	95	19	331	2.692350
88	99	85	96	130	54	4.749451
89	100	86	97	275	178	5.129333
90	101	87	98	9	248	5.028954
91	102	88	99	376	84	6.900259
92	103	89	100	376	322	6.947039
103	114	101	112	218	107	3.675754
104	115	102	113	167	392	2.986473
105	116	103	114	68	322	3.787442
106	117	104	115	247	84	5.227747
107	118	105	116	138	61	5.964935
108	119	106	117	192	258	4.047835
109	120	107	118	275	386	4.057296
110	121	108	119	214	7	3.340045
111	122	109	120	88	83	3.708590
112	123	110	121	93	128	3.911387
113	124	111	122	361	200	3.349524
114	125	112	123	120	200	3.418148
115	126	113	124	29	250	3.021097
116	127	114	125	257	296	3.462912
117	128	115	126	247	372	3.976615
118	129	116	127	38	326	4.046577
119	130	117	128	112	51	3.903089
120	131	118	129	98	45	4.009963
121	132	119	130	285	4	4.781178
122	133	120	131	97	0	4.546351
123	134	121	132	302	0	4.745658
124	135	122	133	178	0	5.077807
125	136	123	134	132	0	5.746343
126	137	124	135	132	0	5.746343
127	138	125	136	360	35	5.993014
128	139	126	137	360	368	5.749929
129	140	127	138	389	16	5.016451
130	141	128	139	73	170	4.109628
131	142	129	140	96	196	4.621082
132	143	130	141	20	273	5.048000
