start1	end1	start2	end2	frag1	frag2	frag_rmsd
30	41	7	18	316	167	2.744047
33	44	10	21	320	73	2.671755
90	101	58	69	79	380	1.921925
94	105	62	73	174	179	3.171522
98	109	66	77	107	318	2.418216
120	131	88	99	157	218	2.398060
122	133	90	101	28	10	2.196024
123	134	91	102	40	2	2.406057
124	135	92	103	58	155	2.905168
125	136	93	104	205	55	2.529426
126	137	94	105	388	241	2.709475
150	161	118	129	386	374	2.195278
