start1	end1	start2	end2	frag1	frag2	frag_rmsd
6	17	6	17	192	175	2.615046
12	23	12	23	225	194	1.011234
13	24	13	24	51	141	1.428009
20	31	20	31	0	16	0.775259
21	32	21	32	0	16	0.775259
23	34	23	34	338	25	1.152231
28	39	28	39	331	174	1.879546
39	50	39	50	361	252	2.893776
41	52	41	52	187	151	2.600378
52	63	52	63	127	5	1.628528
53	64	53	64	118	5	2.681691
54	65	54	65	12	60	1.701483
95	106	80	91	338	25	1.152231
109	120	94	105	234	22	2.465340
111	122	96	107	70	224	1.307761
114	125	99	110	216	371	1.502072
115	126	100	111	27	368	2.019105
116	127	101	112	0	284	2.770592
117	128	102	113	0	287	3.360998
118	129	103	114	0	119	3.217742
119	130	104	115	0	376	3.544540
158	169	124	135	71	132	3.604698
159	170	125	136	154	106	3.876366
160	171	126	137	187	176	3.672108
161	172	127	138	202	211	3.617728
167	178	133	144	123	147	1.240679
168	179	134	145	4	23	1.335798
194	205	155	166	360	270	2.329689
254	265	170	181	27	0	0.813956
256	267	172	183	0	127	0.813264
257	268	173	184	0	16	0.775259
296	307	205	216	106	322	2.256879
319	330	230	241	379	392	2.375143
323	334	234	245	58	192	1.504351
327	338	238	249	119	139	2.402640
352	363	261	272	45	147	1.713468
353	364	262	273	118	169	2.120396
355	366	264	275	124	279	2.389898
357	368	266	277	172	153	2.695999
358	369	267	278	210	346	3.690993
386	397	278	289	248	71	3.036353
387	398	279	290	178	226	2.547600
388	399	280	291	248	151	2.019566
389	400	281	292	248	356	2.969552
395	406	287	298	343	374	3.146685
400	411	292	303	280	236	3.031043
409	420	301	312	196	37	1.126710
410	421	302	313	16	273	1.325929
411	422	303	314	16	49	2.075512
415	426	307	318	121	0	0.992640
417	428	309	320	0	35	1.003458
418	429	310	321	35	127	1.273794
431	442	344	355	19	28	3.542149
432	443	345	356	213	7	3.487536
433	444	346	357	229	213	3.046088
