start1	end1	start2	end2	frag1	frag2	frag_rmsd
22	33	1	12	38	348	4.288519
23	34	2	13	312	348	4.503907
24	35	3	14	229	329	4.796426
35	46	17	28	312	213	1.883397
41	52	23	34	312	192	2.159358
46	57	28	39	92	19	2.286913
59	70	41	52	213	312	1.883397
61	72	43	54	255	301	3.070922
81	92	55	66	374	162	2.026859
85	96	59	70	253	301	2.483787
91	102	65	76	301	255	3.070922
107	118	97	108	40	210	2.498693
132	143	122	133	312	213	1.883397
144	155	133	144	312	213	1.883397
162	173	150	161	312	213	1.883397
169	180	157	168	78	229	2.235105
