start1	end1	start2	end2	frag1	frag2	frag_rmsd
1	12	5	16	61	258	1.652270
2	13	6	17	389	323	2.182032
26	37	28	39	95	396	2.153849
27	38	29	40	45	223	1.647681
38	49	40	51	174	97	2.041055
41	52	43	54	395	57	2.786043
42	53	44	55	348	270	2.651409
43	54	45	56	162	158	2.720135
44	55	46	57	343	215	3.076066
45	56	47	58	53	114	3.359255
46	57	48	59	15	384	2.996965
47	58	49	60	175	138	3.561791
48	59	50	61	282	32	4.205122
49	60	51	62	277	65	3.671676
50	61	52	63	288	22	3.775632
51	62	53	64	103	123	3.520338
52	63	54	65	333	4	4.018166
53	64	55	66	190	121	2.830727
54	65	56	67	135	27	2.951198
55	66	57	68	241	0	2.932839
56	67	58	69	23	0	1.327063
57	68	59	70	184	0	1.197355
58	69	60	71	121	0	0.992640
59	70	61	72	27	0	0.813956
61	72	63	74	170	0	1.959205
62	73	64	75	37	127	1.685836
75	86	78	89	152	268	2.157053
79	90	82	93	396	227	2.329098
87	98	90	101	294	277	2.827017
88	99	91	102	6	232	1.900358
90	101	93	104	97	363	1.939160
93	104	96	107	187	162	2.227353
94	105	97	108	211	343	2.532802
95	106	98	109	125	1	1.934180
130	141	139	150	227	59	3.685072
131	142	140	151	179	300	3.713919
132	143	141	152	267	393	4.037694
133	144	142	153	380	221	3.705202
134	145	143	154	88	212	3.102747
135	146	144	155	146	39	2.794272
136	147	145	156	189	68	3.016603
137	148	146	157	236	299	1.995469
138	149	147	158	86	56	2.643848
139	150	148	159	194	346	1.855001
140	151	149	160	141	95	1.602886
141	152	150	161	223	45	1.647681
142	153	151	162	111	4	0.994513
144	155	153	164	16	0	0.775259
149	160	158	169	104	33	2.171568
152	163	161	172	331	174	1.879546
155	166	164	175	248	57	2.232921
158	169	167	178	343	328	1.513701
160	171	169	180	81	95	1.894859
163	174	172	183	235	41	1.883375
164	175	173	184	33	311	2.256244
165	176	174	185	355	6	2.242598
167	178	176	187	174	171	3.123809
168	179	177	188	218	145	2.631050
169	180	178	189	2	125	2.365365
171	182	180	191	135	397	2.702491
174	185	183	194	27	16	1.218469
176	187	185	196	35	196	1.146322
177	188	186	197	166	118	2.028517
178	189	187	198	338	251	2.138871
179	190	188	199	277	41	1.800987
180	191	189	200	288	311	1.718799
181	192	190	201	6	256	2.076516
182	193	191	202	156	342	2.734524
184	195	193	204	54	253	1.914846
185	196	194	205	143	74	2.114755
190	201	199	210	152	274	2.290286
192	203	201	212	32	292	2.035472
193	204	202	213	129	369	2.160628
194	205	203	214	396	227	2.329098
195	206	204	215	123	223	1.416700
214	225	217	228	348	187	2.633419
215	226	218	229	343	211	2.532802
