start1	end1	start2	end2	frag1	frag2	frag_rmsd
8	19	1	12	0	386	4.199826
9	20	2	13	0	344	3.766964
10	21	3	14	0	372	3.342078
11	22	4	15	0	326	3.103115
12	23	5	16	0	291	3.227167
13	24	6	17	0	5	1.445826
14	25	7	18	0	217	1.425276
15	26	8	19	0	23	1.327063
16	27	9	20	0	27	0.813956
17	28	10	21	0	16	0.775259
18	29	11	22	0	16	0.775259
24	35	17	28	0	16	0.775259
25	36	18	29	0	121	0.992640
26	37	19	30	0	196	1.046929
29	40	22	33	0	127	0.813264
30	41	23	34	127	149	1.616553
31	42	24	35	118	18	1.480048
32	43	25	36	77	69	2.614008
47	58	44	55	0	273	1.419073
48	59	45	56	0	16	0.775259
49	60	46	57	0	121	0.992640
50	61	47	58	0	27	0.813956
53	64	50	61	0	27	0.813956
55	66	52	63	0	27	0.813956
57	68	54	65	0	35	1.003458
58	69	55	66	127	245	2.014304
