start1	end1	start2	end2	frag1	frag2	frag_rmsd
2	13	1	12	23	0	1.327063
3	14	2	13	121	0	0.992640
10	21	9	20	161	100	0.978809
13	24	12	23	199	63	3.240132
23	34	22	33	372	273	2.799160
24	35	23	34	372	326	2.686344
25	36	24	35	43	326	2.228664
28	39	27	38	127	0	0.813264
29	40	28	39	149	27	2.009946
30	41	29	40	110	16	2.114382
31	42	30	41	233	49	1.933078
33	44	32	43	280	338	3.110332
34	45	33	44	230	380	3.367749
35	46	34	45	369	294	3.206184
36	47	35	46	227	129	2.576417
38	49	37	48	4	147	1.800516
39	50	38	49	0	224	2.121569
40	51	39	50	16	121	1.372802
41	52	40	51	0	121	0.992640
42	53	41	52	0	27	0.813956
55	66	54	65	49	170	2.018496
57	68	56	67	180	338	1.985909
62	73	61	72	394	223	1.646543
63	74	62	73	70	111	1.984381
76	87	75	86	284	271	2.057730
80	91	79	90	295	170	2.405701
82	93	81	92	276	129	2.280948
95	106	94	105	153	263	2.910979
96	107	95	106	130	352	3.699348
