start1	end1	start2	end2	frag1	frag2	frag_rmsd
1	12	1	12	126	84	1.909341
2	13	2	13	318	126	2.511599
3	14	3	14	211	162	2.462839
4	15	4	15	198	343	2.731500
5	16	5	16	187	207	3.431457
6	17	6	17	64	51	3.353870
18	29	20	31	322	158	2.437978
55	66	61	72	84	322	1.955336
56	67	62	73	126	322	2.289807
57	68	63	74	322	126	2.289807
61	72	67	78	38	343	3.191678
62	73	68	79	312	225	2.907145
63	74	69	80	141	51	1.428009
64	75	70	81	268	388	2.581739
65	76	71	82	160	267	2.978648
66	77	72	83	345	100	3.183818
67	78	73	84	21	33	3.270915
68	79	74	85	71	355	3.066691
69	80	75	86	226	363	3.259238
71	82	77	88	107	132	2.350722
73	84	79	90	126	360	2.237959
74	85	80	91	322	126	2.289807
75	86	81	92	61	258	1.652270
