start1	end1	start2	end2	frag1	frag2	frag_rmsd
25	36	20	31	93	307	2.669688
27	38	22	33	91	157	2.006819
28	39	23	34	107	84	2.480937
42	53	41	52	86	328	1.985715
48	59	47	58	104	294	2.248622
50	61	49	60	172	63	3.425630
62	73	61	72	170	104	2.447681
63	74	62	73	311	366	2.430439
94	105	91	102	174	183	2.822136
97	108	94	105	96	73	2.402429
105	116	102	113	374	386	2.195278
106	117	103	114	53	72	1.827392
139	150	135	146	323	239	2.260356
143	154	139	150	261	82	2.364559
162	173	157	168	374	28	1.355458
165	176	160	171	22	51	1.833239
167	178	162	173	70	4	1.352136
168	179	163	174	184	0	1.197355
169	180	164	175	121	35	1.375045
170	181	165	176	127	368	1.781241
171	182	166	177	149	118	1.094155
172	183	167	178	110	249	1.575234
174	185	169	180	295	354	1.529198
175	186	170	181	153	201	2.914647
178	189	173	184	115	77	3.088636
181	192	176	187	254	335	2.549212
183	194	178	189	160	136	1.910361
184	195	179	190	31	231	1.286233
