start1	end1	start2	end2	frag1	frag2	frag_rmsd
15	26	12	23	127	0	0.813264
26	37	24	35	353	238	1.979385
27	38	25	36	118	144	1.639526
29	40	27	38	124	362	2.182590
30	41	28	39	208	226	2.686596
33	44	31	42	322	106	2.256879
34	45	32	43	389	106	2.526247
35	46	33	44	28	176	2.851538
36	47	34	45	2	89	2.788749
37	48	35	46	207	53	2.127619
49	60	46	57	45	123	1.488609
50	61	47	58	4	123	1.970873
51	62	48	59	0	224	2.121569
52	63	49	60	0	184	1.197355
53	64	50	61	0	121	0.992640
54	65	51	62	0	27	0.813956
79	90	76	87	111	4	0.994513
92	103	89	100	0	16	0.775259
95	106	92	103	0	127	0.813264
96	107	93	104	0	188	1.887540
97	108	94	105	0	25	3.096916
98	109	95	106	127	161	4.078230
99	110	96	107	16	294	3.591336
100	111	97	108	49	376	3.952557
101	112	98	109	144	67	3.905620
102	113	99	110	180	197	3.797720
103	114	100	111	380	52	3.509686
104	115	101	112	88	172	3.532393
105	116	102	113	93	319	3.738730
106	117	103	114	257	354	3.981408
107	118	104	115	3	160	4.657290
108	119	105	116	89	240	3.363847
109	120	106	117	53	135	2.009759
110	121	107	118	89	278	2.791278
111	122	108	119	207	23	2.933752
112	123	109	120	220	27	1.823934
113	124	110	121	216	184	1.921478
114	125	111	122	111	121	2.181384
115	126	112	123	5	0	1.445826
116	127	113	124	5	0	1.445826
117	128	114	125	217	0	1.425276
134	145	131	142	237	119	2.971655
137	148	134	145	123	45	1.488609
150	161	147	158	0	127	0.813264
151	162	148	159	0	16	0.775259
152	163	149	160	0	170	1.959205
153	164	150	161	16	188	2.264439
154	165	151	162	16	25	3.131400
155	166	152	163	127	161	4.078230
156	167	153	164	60	259	2.787814
