start1	end1	start2	end2	frag1	frag2	frag_rmsd
4	15	4	15	320	73	2.671755
7	18	7	18	129	227	2.576417
29	40	29	40	80	203	1.863941
32	43	32	43	181	122	3.850897
53	64	53	64	222	19	2.421744
54	65	54	65	205	378	2.595378
55	66	55	66	255	183	1.975114
66	77	66	77	112	64	3.128853
67	78	67	78	365	342	2.838008
71	82	71	82	74	360	3.042717
72	83	72	83	176	360	3.064982
73	84	73	84	58	258	3.180917
74	85	74	85	175	246	3.891811
75	86	75	86	85	92	3.555415
76	87	76	87	283	163	4.481753
77	88	77	88	264	152	3.862855
78	89	78	89	332	228	3.332812
79	90	79	90	306	332	3.243005
80	91	80	91	200	332	4.084088
81	92	81	92	142	332	3.661873
82	93	82	93	30	332	3.735058
83	94	83	94	222	200	3.593600
84	95	84	95	174	120	3.223443
92	103	92	103	208	370	3.111235
93	104	93	104	178	379	1.774921
97	108	97	108	114	152	3.103849
98	109	98	109	56	138	1.966884
110	121	110	121	243	354	2.322829
118	129	118	129	313	323	2.463705
121	132	121	132	234	150	3.194808
152	163	152	163	159	9	4.093161
154	165	154	165	266	336	3.315711
193	204	193	204	296	116	3.559014
201	212	201	212	149	127	1.616553
205	216	205	216	337	103	2.644158
206	217	206	217	32	340	2.991149
208	219	208	219	22	141	1.438165
219	230	219	230	0	35	1.003458
220	231	220	231	0	35	1.003458
221	232	221	232	0	245	2.249697
222	233	222	233	35	16	1.607878
223	234	223	234	35	5	1.528815
237	248	236	247	371	309	2.623056
270	281	269	280	57	157	2.214777
272	283	271	282	258	313	2.044899
276	287	275	286	85	234	2.251830
281	292	280	291	378	242	2.541049
282	293	281	292	146	298	2.768687
288	299	287	298	389	248	2.208556
