start1	end1	start2	end2	frag1	frag2	frag_rmsd
1	12	2	13	3	360	4.013996
3	14	4	15	84	322	1.955336
4	15	5	16	356	360	2.206112
5	16	6	17	322	360	1.453720
7	18	8	19	322	61	1.532523
71	82	73	84	174	133	1.804231
75	86	77	88	126	322	2.289807
78	89	80	91	73	28	2.597259
90	101	92	103	217	49	2.121792
105	116	107	118	0	16	0.775259
111	122	113	124	0	127	0.813264
112	123	114	125	127	149	1.616553
141	152	143	154	300	256	2.932198
159	170	161	172	312	58	2.499082
162	173	164	175	91	54	2.270861
163	174	165	176	356	178	2.746714
164	175	166	177	61	258	1.652270
172	183	174	185	4	23	1.335798
181	192	183	194	60	127	1.135321
184	195	186	197	52	118	2.037701
191	202	193	204	240	66	1.969179
199	210	201	212	356	107	1.430031
213	224	215	226	393	375	2.214683
219	230	221	232	126	360	2.237959
221	232	223	234	360	322	1.453720
224	235	226	237	126	395	1.849402
225	236	227	238	106	357	2.204060
252	263	240	251	4	227	4.292449
253	264	241	252	0	223	3.006532
254	265	242	253	0	111	1.805292
279	290	270	281	37	196	1.126710
280	291	271	282	144	35	2.020747
281	292	272	283	350	35	2.513700
282	293	273	284	149	245	1.698435
283	294	274	285	359	76	2.939507
284	295	275	286	76	321	2.604810
285	296	276	287	100	33	2.701198
286	297	277	288	33	232	2.349096
288	299	279	290	298	174	2.958851
291	302	282	293	360	132	2.169218
310	321	301	312	16	0	0.775259
311	322	302	313	16	0	0.775259
312	323	303	314	87	0	2.006990
313	324	304	315	24	16	2.499958
