start1	end1	start2	end2	frag1	frag2	frag_rmsd
1	12	1	12	195	361	3.560241
2	13	2	13	21	314	3.257425
8	19	8	19	155	54	2.409934
9	20	9	20	262	185	3.050917
10	21	10	21	351	162	2.473278
15	26	15	26	393	250	2.576258
