start1	end1	start2	end2	frag1	frag2	frag_rmsd
1	12	33	44	178	57	1.951934
2	13	34	45	107	57	2.508886
4	15	36	47	28	374	1.355458
8	19	40	51	45	147	1.713468
9	20	41	52	4	23	1.335798
53	64	94	105	395	126	1.849402
54	65	95	106	132	322	1.945705
55	66	96	107	248	360	3.051493
56	67	97	108	392	313	3.407876
57	68	98	109	151	106	3.120560
58	69	99	110	42	198	2.139345
59	70	100	111	357	248	1.838513
60	71	101	112	248	392	2.328470
61	72	102	113	392	57	2.274546
62	73	103	114	356	84	1.970757
63	74	104	115	84	126	1.909341
82	93	121	132	322	126	2.289807
100	111	132	143	126	395	1.849402
101	112	133	144	61	357	2.416361
102	113	134	145	126	248	2.586560
103	114	135	146	198	392	2.724956
104	115	136	147	357	322	2.219787
105	116	137	148	357	84	2.904631
108	119	140	151	132	357	1.964894
109	120	141	152	126	395	1.849402
110	121	142	153	322	357	2.219787
112	123	144	155	126	132	2.227804
125	136	155	166	107	84	2.480937
128	139	158	169	357	126	2.400813
130	141	160	171	392	357	2.035569
131	142	161	172	126	248	2.586560
132	143	162	173	126	178	2.925571
133	144	163	174	61	395	2.836484
134	145	164	175	42	126	2.008935
135	146	165	176	357	318	2.179797
136	147	166	177	248	198	2.736915
137	148	167	178	392	203	2.667348
160	171	178	189	0	216	1.961923
161	172	179	190	27	23	1.068713
162	173	180	191	0	273	1.419073
163	174	181	192	0	184	1.197355
164	175	182	193	0	121	0.992640
165	176	183	194	0	27	0.813956
167	178	185	196	0	35	1.003458
168	179	186	197	0	35	1.003458
169	180	187	198	0	94	2.174593
170	181	188	199	0	94	2.174593
171	182	189	200	0	5	1.445826
172	183	190	201	0	5	1.445826
173	184	191	202	0	217	1.425276
174	185	192	203	0	217	1.425276
175	186	193	204	35	217	1.424302
176	187	194	205	35	16	1.607878
177	188	195	206	245	0	2.249697
178	189	196	207	94	0	2.174593
179	190	197	208	5	0	1.445826
205	216	215	226	198	357	2.385976
206	217	216	227	248	178	2.184928
207	218	217	228	379	248	1.639302
