start1	end1	start2	end2	frag1	frag2	frag_rmsd
1	12	1	12	272	310	3.585216
2	13	2	13	253	334	2.988390
3	14	3	14	248	391	2.056378
4	15	4	15	392	205	3.313021
5	16	5	16	258	183	3.193482
6	17	6	17	248	253	2.693913
7	18	7	18	357	248	1.838513
8	19	8	19	357	392	2.035569
9	20	9	20	248	258	2.636532
10	21	10	21	178	316	2.242694
11	22	11	22	323	357	3.077385
12	23	12	23	320	357	3.599989
23	34	23	34	28	360	3.929225
24	35	24	35	2	126	4.154795
25	36	25	36	225	258	4.066763
26	37	26	37	141	167	4.895849
27	38	27	38	388	40	3.964379
28	39	28	39	179	247	3.324581
29	40	29	40	17	138	4.427062
30	41	30	41	279	345	4.017077
31	42	31	42	317	227	4.263548
32	43	32	43	201	223	3.552327
33	44	33	44	177	169	4.343925
34	45	34	45	229	110	3.898669
35	46	35	46	71	279	3.671906
36	47	36	47	398	317	3.351456
37	48	37	48	313	41	4.791284
38	49	38	49	122	131	4.119345
39	50	39	50	13	229	4.940664
40	51	40	51	330	301	5.452762
41	52	41	52	367	262	5.003571
42	53	42	53	365	173	5.329182
43	54	43	54	285	122	5.702850
44	55	44	55	349	13	5.073848
45	56	45	56	379	330	6.738572
46	57	46	57	40	367	6.916763
47	58	47	58	163	365	4.731430
48	59	48	59	204	285	4.519908
49	60	49	60	274	349	3.235237
50	61	50	61	13	183	5.431237
51	62	51	62	59	40	6.452924
52	63	52	63	367	163	5.481145
53	64	53	64	365	68	5.579120
54	65	54	65	133	73	5.599719
55	66	55	66	356	13	7.440509
56	67	56	67	360	59	9.150136
57	68	57	68	389	367	8.175863
58	69	58	69	28	365	6.555090
59	70	59	70	343	91	4.506095
60	71	60	71	225	107	4.962140
61	72	61	72	51	360	5.647133
62	73	62	73	45	389	5.355117
63	74	63	74	166	28	5.079503
64	75	64	75	338	343	4.573998
65	76	65	76	161	225	4.016602
66	77	66	77	294	141	3.636078
67	78	67	78	376	45	3.845321
68	79	68	79	63	166	4.168991
69	80	69	80	341	338	3.956402
70	81	70	81	279	380	3.331752
71	82	71	82	354	119	3.239264
72	83	72	83	201	396	3.223100
73	84	73	84	177	63	4.310001
74	85	74	85	229	397	4.761222
75	86	75	86	301	279	4.759024
76	87	76	87	298	354	4.349979
77	88	77	88	151	201	4.232333
78	89	78	89	392	131	5.990727
79	90	79	90	132	229	5.176100
80	91	80	91	360	301	6.095025
81	92	81	92	258	298	4.325255
82	93	82	93	389	151	2.834064
83	94	83	94	56	395	4.282102
