start1	end1	start2	end2	frag1	frag2	frag_rmsd
2	13	2	13	328	343	1.513701
14	25	14	25	335	164	3.288918
17	28	17	28	112	342	2.771983
20	31	20	31	202	292	2.911072
34	45	34	45	100	69	1.602674
35	46	35	46	294	76	3.164645
40	51	40	51	83	332	3.714277
69	80	69	80	371	223	1.695846
73	84	73	84	0	16	0.775259
