start1	end1	start2	end2	frag1	frag2	frag_rmsd
24	35	22	33	108	171	2.315758
25	36	23	34	48	349	3.168015
26	37	24	35	39	263	1.670447
38	49	35	46	162	351	2.473278
41	52	38	49	22	51	1.833239
43	54	40	51	224	4	1.600329
44	55	41	52	184	0	1.197355
45	56	42	53	121	0	0.992640
46	57	43	54	27	0	0.813956
57	68	54	65	385	280	2.491078
59	70	56	67	194	231	2.031382
63	74	60	71	16	0	0.775259
66	77	63	74	110	180	1.207298
67	78	64	75	319	380	2.054582
68	79	65	76	109	88	2.405590
69	80	66	77	160	93	3.665526
70	81	67	78	345	254	3.210876
71	82	68	79	141	268	2.606913
72	83	69	80	45	206	2.395963
73	84	70	81	4	125	2.464543
74	85	71	82	0	15	2.000338
75	86	72	83	0	371	2.685353
76	87	73	84	0	111	1.805292
99	110	96	107	0	16	0.775259
