start1	end1	start2	end2	frag1	frag2	frag_rmsd
18	29	15	26	121	0	0.992640
26	37	23	34	69	161	1.879688
28	39	25	36	359	396	2.970426
32	43	29	40	111	169	1.734636
55	66	58	69	45	147	1.713468
56	67	59	70	70	4	1.352136
57	68	60	71	184	121	1.193672
58	69	61	72	121	27	1.355932
59	70	62	73	27	0	0.813956
88	99	97	108	353	45	1.252194
89	100	98	109	70	105	2.130748
90	101	99	110	180	25	2.193725
102	113	112	123	23	278	1.527936
114	125	124	135	60	127	1.135321
117	128	127	138	44	196	1.689019
120	131	130	141	216	121	1.107965
146	157	142	153	376	340	2.433654
148	159	144	155	223	216	2.223151
154	165	150	161	127	0	0.813264
155	166	151	162	16	0	0.775259
156	167	152	163	127	0	0.813264
157	168	153	164	16	0	0.775259
158	169	154	165	16	0	0.775259
159	170	155	166	196	0	1.046929
160	171	156	167	27	0	0.813956
161	172	157	168	273	0	1.419073
162	173	158	169	121	0	0.992640
163	174	159	170	27	0	0.813956
166	177	162	173	127	0	0.813264
167	178	163	174	149	127	1.616553
168	179	164	175	180	118	1.359643
169	180	165	176	79	18	2.946881
170	181	166	177	119	380	3.277833
171	182	167	178	376	339	3.413191
173	184	169	180	388	67	2.915368
174	185	170	181	52	72	3.785955
175	186	171	182	251	282	2.200714
176	187	172	183	233	165	2.696420
177	188	173	184	93	88	2.435273
182	193	178	189	211	40	2.543938
183	194	179	190	163	38	2.391719
189	200	185	196	135	141	2.553444
201	212	197	208	301	174	2.796572
202	213	198	209	298	91	2.033592
204	215	200	211	126	74	2.701927
211	222	207	218	388	45	1.950228
212	223	208	219	179	169	2.606904
213	224	209	220	12	110	1.401705
214	225	210	221	362	168	1.985841
215	226	211	222	208	307	2.658720
216	227	212	223	29	290	2.914221
219	230	215	226	117	213	2.137352
222	233	218	229	173	97	3.577423
223	234	219	230	107	383	3.824127
237	248	233	244	54	301	3.091302
259	270	255	266	0	127	0.813264
277	288	270	281	395	379	2.439526
278	289	271	282	143	173	2.678752
279	290	272	283	386	351	3.299888
280	291	273	284	328	40	2.597358
281	292	274	285	344	38	3.898121
282	293	275	286	21	234	3.244948
283	294	276	287	85	78	2.925317
284	295	277	288	101	274	3.651856
285	296	278	289	160	275	3.189034
286	297	279	290	31	9	3.123008
287	298	280	291	95	129	2.868567
288	299	281	292	45	396	2.358703
289	300	282	293	4	123	1.970873
290	301	283	294	0	4	1.783926
307	318	301	312	329	28	2.589986
308	319	302	313	328	343	1.513701
322	333	316	327	174	97	2.041055
324	335	318	329	178	143	1.650270
325	336	319	330	248	318	2.702224
326	337	320	331	392	395	1.956324
