start1	end1	start2	end2	frag1	frag2	frag_rmsd
36	47	10	21	356	322	2.017159
37	48	11	22	61	374	2.524894
40	51	14	25	32	276	2.058499
41	52	15	26	276	227	2.723059
43	54	17	28	147	70	2.128268
44	55	18	29	220	240	1.948939
62	73	36	47	395	143	2.173947
151	162	78	89	132	42	2.640108
152	163	79	90	360	258	2.306964
172	183	105	116	131	287	2.477898
173	184	106	117	78	88	3.079716
174	185	107	118	301	34	2.749447
175	186	108	119	298	363	2.950286
176	187	109	120	157	178	2.103654
177	188	110	121	167	316	2.744047
178	189	111	122	391	162	3.040296
179	190	112	123	10	38	2.667255
180	191	113	124	191	83	3.734500
181	192	114	125	274	275	3.251747
182	193	115	126	292	82	2.425930
183	194	116	127	345	340	2.274485
240	251	158	169	195	369	2.269153
244	255	162	173	121	0	0.992640
