start1	end1	start2	end2	frag1	frag2	frag_rmsd
10	21	2	13	348	374	2.709947
15	26	7	18	346	194	1.855001
16	27	8	19	66	141	2.244852
18	29	10	21	169	4	1.747250
20	31	12	23	24	110	1.015908
22	33	14	25	295	354	1.529198
28	39	20	31	151	253	2.347071
45	56	34	45	195	281	3.573244
46	57	35	46	268	166	4.052595
47	58	36	47	160	284	3.700982
48	59	37	48	195	104	3.714305
49	60	38	49	141	134	3.618681
50	61	39	50	216	385	4.288240
51	62	40	51	4	230	3.807582
52	63	41	52	0	369	3.716818
53	64	42	53	0	227	3.627807
54	65	43	54	16	223	3.284258
55	66	44	55	0	23	1.327063
56	67	45	56	0	196	1.046929
59	70	48	59	0	121	0.992640
73	84	62	73	356	107	1.430031
76	87	65	76	126	389	2.201165
77	88	66	77	322	158	2.437978
90	101	77	88	53	202	3.747840
91	102	78	89	53	219	3.932438
92	103	79	90	15	326	2.391490
93	104	80	91	23	141	3.889811
94	105	81	92	27	45	2.627501
95	106	82	93	0	4	1.783926
99	110	86	97	35	368	2.011347
101	112	88	99	338	100	2.781985
102	113	89	100	277	287	1.480842
103	114	90	101	288	93	2.781226
104	115	91	102	355	164	2.821670
106	117	93	104	165	379	2.517142
107	118	94	105	391	54	2.548109
108	119	95	106	391	178	2.455732
114	125	101	112	167	158	1.812316
136	147	115	126	392	391	2.580232
137	148	116	127	57	248	2.232921
143	154	122	133	167	158	1.812316
144	155	123	134	73	215	2.659332
146	157	125	136	261	38	3.610922
148	159	127	138	21	229	2.030465
165	176	168	179	178	143	1.650270
166	177	169	180	316	107	2.785631
167	178	170	181	158	132	3.202451
168	179	171	182	198	322	2.702331
169	180	172	183	58	374	3.047663
170	181	173	184	106	28	3.220922
171	182	174	185	187	7	2.633725
172	183	175	186	209	344	2.693262
173	184	176	187	86	275	2.980834
174	185	177	188	372	9	2.266052
197	208	192	203	23	111	1.303435
208	219	203	214	229	378	1.841616
215	226	210	221	117	191	3.479016
218	229	213	224	237	333	2.631899
221	232	216	227	135	147	2.669320
223	234	218	229	111	27	1.266595
236	247	231	242	293	73	2.790553
237	248	232	243	247	138	2.727536
241	252	236	247	223	147	1.957202
242	253	237	248	111	23	1.303435
243	254	238	249	16	121	1.372802
244	255	239	250	0	27	0.813956
