start1	end1	start2	end2	frag1	frag2	frag_rmsd
1	12	1	12	28	373	2.536956
2	13	2	13	7	19	3.079287
9	20	9	20	124	168	1.824641
13	24	13	24	143	74	2.114755
44	55	41	52	175	289	3.730783
53	64	50	61	91	178	1.731687
69	80	69	80	334	54	2.234965
83	94	84	95	80	203	1.863941
96	107	96	107	248	389	2.208556
97	108	97	108	379	158	2.555747
105	116	105	116	203	313	2.497212
135	146	135	146	63	171	3.101650
148	159	150	161	0	240	1.998148
149	160	151	162	0	121	0.992640
150	161	152	163	0	27	0.813956
