start1	end1	start2	end2	frag1	frag2	frag_rmsd
1	12	1	12	328	329	2.430959
24	35	24	35	84	322	1.955336
27	38	27	38	389	322	2.292898
28	39	28	39	158	313	2.779261
29	40	29	40	10	28	2.196024
30	41	30	41	247	38	2.150232
31	42	31	42	117	213	2.137352
33	44	33	44	98	363	3.144237
34	45	34	45	112	133	3.949944
35	46	35	46	342	173	4.975341
36	47	36	47	222	162	4.655686
37	48	37	48	296	329	3.765114
38	49	38	49	162	20	5.873295
39	50	39	50	122	327	4.457214
40	51	40	51	20	365	5.853255
41	52	41	52	59	156	4.497198
42	53	42	53	159	97	3.912004
43	54	43	54	159	334	4.999900
44	55	44	55	142	263	3.649802
45	56	45	56	312	342	3.261878
46	57	46	57	378	242	2.541049
47	58	47	58	301	253	2.483787
48	59	48	59	298	395	3.168971
49	60	49	60	157	143	2.115800
50	61	50	61	248	167	2.115099
56	67	56	67	84	80	3.362015
64	75	64	75	253	57	2.589846
66	77	66	77	322	132	1.945705
68	79	68	79	126	360	2.237959
71	82	71	82	40	210	2.498693
72	83	72	83	150	312	3.199813
74	85	74	85	361	342	2.191841
75	86	75	86	393	285	2.206151
76	87	76	87	272	218	2.652558
77	88	77	88	143	246	2.955166
78	89	78	89	7	68	3.421671
79	90	79	90	130	185	4.739461
80	91	80	91	275	185	4.825126
81	92	81	92	9	115	3.390394
82	93	82	93	303	228	4.461392
83	94	83	94	303	332	3.983605
84	95	84	95	303	332	3.983605
85	96	85	96	269	333	4.435675
86	97	86	97	129	159	3.758214
97	108	98	109	238	4	2.139527
109	120	109	120	91	57	2.021486
