start1	end1	start2	end2	frag1	frag2	frag_rmsd
10	21	9	20	0	16	0.775259
33	44	32	43	12	169	2.879771
35	46	34	45	295	212	2.645781
37	48	36	47	31	137	2.323925
49	60	49	60	191	370	2.933849
53	64	53	64	148	334	2.969739
55	66	55	66	40	263	2.668788
60	71	60	71	74	316	2.446235
76	87	76	87	196	121	1.241736
78	89	78	89	16	0	0.775259
84	95	84	95	33	288	1.743390
89	100	89	100	178	3	2.441931
112	123	112	123	0	127	0.813264
130	141	128	139	127	368	1.781241
140	151	138	149	372	202	2.168379
155	166	153	164	328	86	1.985715
189	200	188	199	188	35	1.339917
190	201	189	200	25	144	1.398598
191	202	190	201	100	271	2.436903
215	226	215	226	144	166	1.768288
235	246	239	250	365	393	2.281657
261	272	262	273	226	91	2.048829
279	290	278	289	162	74	3.097794
281	292	280	291	58	391	2.359458
282	293	281	292	55	80	3.172839
283	294	282	293	214	297	3.723202
286	297	285	296	261	150	2.865888
287	298	286	297	112	59	3.285294
290	301	289	300	298	91	2.033592
295	306	294	305	258	322	2.166966
298	309	297	308	138	86	2.641346
314	325	313	324	164	363	1.880850
316	327	315	326	57	132	1.551260
318	329	317	328	357	258	1.886183
322	333	321	332	72	86	2.398332
323	334	322	333	58	192	1.504351
324	335	323	334	140	55	2.751359
325	336	324	335	339	291	2.497712
363	374	360	371	91	398	2.828573
366	377	363	374	357	248	1.838513
367	378	364	375	392	178	1.899502
392	403	388	399	274	152	2.290286
401	412	397	408	363	133	1.994719
409	420	405	416	70	4	1.352136
411	422	407	418	249	251	1.059141
413	424	409	420	325	355	2.785670
415	426	411	422	302	157	1.373132
416	427	412	423	318	316	2.200800
418	429	414	425	246	28	2.083931
422	433	418	429	108	214	2.527123
425	436	421	432	31	345	1.281039
426	437	422	433	95	66	1.609657
443	454	442	453	291	305	2.904981
