start1	end1	start2	end2	frag1	frag2	frag_rmsd
9	20	7	18	131	19	2.999828
13	24	11	22	157	253	2.505749
24	35	22	33	266	13	1.425161
30	41	28	39	209	386	1.853397
33	44	31	42	216	135	1.902274
36	47	34	45	184	170	1.844017
43	54	41	52	16	0	0.775259
73	84	70	81	241	147	1.629783
91	102	88	99	38	152	2.741259
92	103	89	100	130	138	2.833742
93	104	90	101	275	32	2.536594
102	113	99	110	180	110	1.207298
104	115	101	112	243	354	2.322829
119	130	116	127	376	129	1.562683
120	131	117	128	269	63	4.068489
163	174	146	157	139	75	2.112541
164	175	147	158	119	337	3.211943
166	177	149	160	129	305	2.207893
185	196	169	180	0	35	1.003458
189	200	173	184	35	0	1.003458
199	210	183	194	54	229	2.974464
200	211	184	195	208	3	2.137017
201	212	185	196	57	91	2.021486
204	215	188	199	374	258	2.198304
210	221	194	205	65	227	2.070036
221	232	205	216	284	41	2.164096
222	233	206	217	104	287	2.087811
228	239	212	223	162	320	2.866105
235	246	219	230	121	184	1.193672
247	258	230	241	378	78	1.620040
248	259	231	242	146	229	2.331807
250	261	233	244	373	349	2.057910
251	262	234	245	193	11	2.228685
255	266	238	249	4	224	1.600329
257	268	240	251	196	121	1.241736
259	270	242	253	184	0	1.197355
260	271	243	254	121	0	0.992640
261	272	244	255	27	0	0.813956
269	280	252	263	355	232	2.143807
274	285	257	268	158	126	2.723694
275	286	258	269	258	106	2.446350
279	290	262	273	151	316	2.318008
285	296	268	279	82	261	2.364559
290	301	273	284	157	349	2.208803
304	315	286	297	29	182	1.423903
321	332	303	314	180	251	1.423305
324	335	306	317	93	34	2.237220
330	341	312	323	318	297	2.590663
332	343	314	325	68	2	2.584832
350	361	332	343	0	127	0.813264
373	384	353	364	338	25	1.152231
376	387	356	367	101	134	2.205162
382	393	362	373	355	93	2.537338
383	394	363	374	302	363	2.467216
386	397	366	377	114	210	2.854426
387	398	367	378	99	138	2.121803
388	399	368	379	125	346	1.893247
389	400	369	380	369	66	2.853047
390	401	370	381	371	223	1.695846
399	410	379	390	364	296	3.046528
