start1	end1	start2	end2	frag1	frag2	frag_rmsd
7	18	7	18	37	44	1.535786
8	19	8	19	144	273	2.355373
24	35	21	32	162	28	1.560721
25	36	22	33	7	38	2.699184
30	41	27	38	345	224	2.212150
35	46	32	43	121	0	0.992640
42	53	39	50	91	302	2.022399
45	56	42	53	167	389	1.584191
51	62	48	59	347	65	2.308913
