start1	end1	start2	end2	frag1	frag2	frag_rmsd
11	22	1	12	24	146	3.327935
12	23	2	13	362	182	3.115925
13	24	3	14	114	349	2.952962
14	25	4	15	263	383	2.490363
15	26	5	16	165	391	2.745950
17	28	7	18	185	208	3.132386
18	29	8	19	187	211	2.157363
21	32	11	22	185	255	2.773808
22	33	12	23	210	308	3.699989
23	34	13	24	138	153	2.872689
54	65	40	51	294	33	2.272830
60	71	46	57	107	318	2.418216
66	77	52	63	390	177	2.707335
70	81	56	67	30	197	2.932411
72	83	58	69	95	15	1.966391
77	88	63	74	0	35	1.003458
78	89	64	75	188	166	1.839547
81	92	67	78	33	288	1.743390
84	95	70	81	174	302	2.621173
100	111	88	99	110	251	1.356883
102	113	90	101	295	354	1.529198
104	115	92	103	345	31	1.281039
112	123	100	111	35	0	1.003458
114	125	102	113	166	144	1.768288
117	128	105	116	283	387	2.756538
118	129	106	117	341	62	2.736883
122	133	110	121	365	59	3.983020
124	135	112	123	250	120	1.731988
125	136	113	124	349	29	2.165630
160	171	150	161	126	356	2.644557
194	205	183	194	380	378	2.961256
195	206	184	195	75	85	2.811668
197	208	186	197	160	333	2.412519
198	209	187	198	237	125	2.751272
199	210	188	199	141	15	2.942370
201	212	190	201	111	27	1.266595
209	220	198	209	34	363	3.284685
213	224	202	213	176	106	2.732143
245	256	220	231	184	0	1.197355
258	269	233	244	398	356	3.148517
280	291	246	257	284	303	3.488115
281	292	247	258	233	288	3.284476
282	293	248	259	37	288	3.459974
283	294	249	260	341	335	3.866538
284	295	250	261	196	63	3.185887
285	296	251	262	273	197	3.249294
286	297	252	263	220	43	3.062092
287	298	253	264	22	51	1.833239
288	299	254	265	111	45	2.183445
289	300	255	266	245	4	2.233490
290	301	256	267	0	35	1.003458
299	310	265	276	235	161	1.099262
300	311	266	277	33	104	2.171568
