start1	end1	start2	end2	frag1	frag2	frag_rmsd
1	12	1	12	211	395	2.688355
26	37	26	37	174	54	2.729182
29	40	29	40	246	162	2.344445
30	41	30	41	96	122	1.013426
