start1	end1	start2	end2	frag1	frag2	frag_rmsd
16	27	15	26	68	80	2.917939
50	61	50	61	356	57	1.996521
53	64	53	64	187	40	2.485770
77	88	77	88	78	229	2.235105
80	91	80	91	253	151	2.347071
84	95	84	95	391	54	2.548109
85	96	85	96	183	178	1.884271
90	101	90	101	313	297	1.957711
92	103	92	103	96	13	1.738752
97	108	97	108	57	3	2.271934
98	109	98	109	132	84	2.205557
99	110	99	110	132	84	2.205557
111	122	113	124	257	110	2.262726
129	140	131	142	0	35	1.003458
134	145	136	147	0	127	0.813264
