start1	end1	start2	end2	frag1	frag2	frag_rmsd
69	80	60	71	374	42	2.667581
71	82	62	73	68	293	1.906648
75	86	66	77	66	227	2.066214
76	87	67	78	45	223	1.647681
103	114	93	104	51	240	2.545661
104	115	94	105	45	216	1.903162
105	116	95	106	4	23	1.335798
112	123	102	113	0	16	0.775259
131	142	121	132	132	61	2.583583
132	143	122	133	126	395	1.849402
169	180	158	169	0	35	1.003458
170	181	159	170	127	368	1.781241
189	200	178	189	16	0	0.775259
