start1	end1	start2	end2	frag1	frag2	frag_rmsd
12	23	14	25	184	273	1.674643
14	25	16	27	87	52	2.218933
15	26	17	28	110	282	2.391114
16	27	18	29	165	233	2.696420
20	31	22	33	19	242	2.692325
21	32	23	34	146	242	1.806651
26	37	28	39	198	258	1.817841
27	38	29	40	357	258	1.886183
38	49	42	53	316	260	4.359154
39	50	43	54	374	49	4.301441
40	51	44	55	198	149	4.446533
41	52	45	56	391	110	3.535511
42	53	46	57	248	165	2.933813
43	54	47	58	255	325	2.474256
44	55	48	59	218	370	2.454821
45	56	49	60	373	308	2.485033
46	57	50	61	92	19	2.286913
48	59	52	63	14	64	2.147495
51	62	55	66	316	74	2.446235
69	80	72	83	151	97	2.941270
89	100	93	104	98	14	3.034027
90	101	94	105	39	255	2.806205
91	102	95	106	97	218	2.919551
102	113	108	119	213	92	2.705920
104	115	110	121	183	253	1.817367
107	118	113	124	74	126	2.701927
109	120	115	126	258	297	2.601028
111	122	117	128	19	102	3.139195
112	123	118	129	358	213	2.035530
113	124	119	130	364	254	3.754498
114	125	120	131	242	268	3.678321
115	126	121	132	262	206	3.085973
116	127	122	133	135	31	3.735394
117	128	123	134	244	95	3.514833
118	129	124	135	24	45	3.774111
119	130	125	136	315	4	3.912872
120	131	126	137	291	0	3.227167
121	132	127	138	153	0	3.120809
122	133	128	139	137	0	2.643866
123	134	129	140	72	188	3.689434
124	135	130	141	175	338	2.601147
125	136	131	142	287	161	2.454367
126	137	132	143	134	294	2.660687
127	138	133	144	280	134	2.872771
128	139	134	145	30	347	2.936056
