start1	end1	start2	end2	frag1	frag2	frag_rmsd
29	40	19	30	35	0	1.003458
32	43	22	33	284	16	2.276491
35	46	25	36	180	338	1.985909
42	53	32	43	272	168	3.068296
43	54	33	44	71	154	3.488068
75	86	64	75	121	0	0.992640
90	101	79	90	81	43	3.052007
91	102	80	91	11	286	2.873938
92	103	81	92	346	43	2.303453
95	106	84	95	70	4	1.352136
96	107	85	96	184	0	1.197355
97	108	86	97	127	0	0.813264
98	109	87	98	260	127	2.026282
111	122	102	113	121	0	0.992640
112	123	103	114	27	0	0.813956
124	135	117	128	45	216	1.903162
125	136	118	129	4	23	1.335798
126	137	119	130	0	27	0.813956
142	153	135	146	144	166	1.768288
151	162	144	155	123	45	1.488609
155	166	148	159	121	0	0.992640
157	168	150	161	35	217	1.424302
158	169	151	162	350	368	1.598496
159	170	152	163	12	18	1.796352
172	183	163	174	196	45	2.637224
173	184	164	175	273	4	1.809651
174	185	165	176	240	0	1.998148
175	186	166	177	121	0	0.992640
176	187	167	178	27	0	0.813956
183	194	174	185	127	16	1.158335
