start1	end1	start2	end2	frag1	frag2	frag_rmsd
2	13	2	13	390	234	2.898259
27	38	27	38	372	9	2.266052
58	69	59	70	390	159	3.487219
67	78	68	79	117	78	2.088043
68	79	69	80	365	361	2.392314
69	80	70	81	262	272	3.363414
87	98	83	94	187	92	2.884143
100	111	100	111	63	209	4.440689
101	112	101	112	142	47	3.314313
102	113	102	113	140	75	3.202061
107	118	107	118	1	145	2.392532
111	122	111	122	249	17	1.089644
126	137	126	137	360	61	1.959112
146	157	146	157	298	262	2.977510
147	158	147	158	157	398	2.818765
148	159	148	159	258	165	3.765928
149	160	149	160	391	58	2.359458
152	163	152	163	191	246	2.868037
153	164	153	164	247	122	3.156086
154	165	154	165	13	20	1.989394
155	166	155	166	330	59	2.244902
158	169	158	169	160	230	1.979840
164	175	164	175	50	93	2.584888
166	177	166	177	361	298	3.131389
168	179	168	179	107	395	2.432305
169	180	169	180	270	318	2.975149
170	181	170	181	374	313	2.718253
181	192	182	193	42	126	2.008935
184	195	185	196	313	258	2.044899
190	201	191	202	3	155	3.124503
192	203	193	204	263	236	2.617673
195	206	196	207	370	229	2.552060
196	207	197	208	242	301	2.578516
197	208	198	209	331	262	2.895276
209	220	210	221	362	155	2.961747
219	230	220	231	84	360	1.521872
220	231	221	232	61	126	2.069075
231	242	235	246	126	360	2.237959
235	246	239	250	248	54	2.082630
239	250	243	254	391	163	2.193995
