start1	end1	start2	end2	frag1	frag2	frag_rmsd
18	29	17	28	0	127	0.813264
19	30	18	29	0	60	1.639067
20	31	19	30	16	260	1.076875
21	32	20	31	127	170	2.420744
22	33	21	32	87	37	1.559357
23	34	22	33	25	93	3.294516
24	35	23	34	161	65	3.462807
25	36	24	35	104	388	3.344577
26	37	25	36	232	179	3.412191
27	38	26	37	171	257	3.281133
28	39	27	38	174	165	2.328888
31	42	30	41	54	302	1.822938
33	44	32	43	57	84	2.559962
37	48	36	47	258	313	2.044899
39	50	38	49	96	13	1.738752
46	57	45	56	126	84	1.909341
49	60	48	59	313	258	2.044899
58	69	57	68	132	360	2.169218
60	71	59	70	28	258	2.447437
68	79	67	78	111	4	0.994513
81	92	80	91	0	127	0.813264
82	93	81	92	368	149	1.387412
83	94	82	93	260	17	2.209188
