start1	end1	start2	end2	frag1	frag2	frag_rmsd
20	31	20	31	390	229	2.341461
23	34	23	34	157	318	2.639354
35	46	35	46	161	100	0.978809
39	50	39	50	222	174	2.234287
43	54	43	54	157	143	2.115800
44	55	44	55	389	323	2.182032
45	56	45	56	167	10	2.163335
47	58	47	58	312	155	2.901181
48	59	48	59	155	189	2.768366
49	60	49	60	268	236	2.349861
50	61	50	61	230	32	3.444572
51	62	51	62	231	276	2.878035
52	63	52	63	141	227	1.668724
53	64	53	64	45	123	1.488609
