start1	end1	start2	end2	frag1	frag2	frag_rmsd
1	12	2	13	4	245	2.233490
2	13	3	14	0	350	2.258839
3	14	4	15	0	5	1.445826
4	15	5	16	0	5	1.445826
5	16	6	17	127	123	2.882775
6	17	7	18	149	118	1.094155
7	18	8	19	180	284	2.531286
8	19	9	20	380	233	2.132465
9	20	10	21	88	134	2.957216
10	21	11	22	93	385	4.012923
11	22	12	23	370	230	4.624418
12	23	13	24	272	276	5.132919
13	24	14	25	71	227	4.562415
14	25	15	26	211	179	4.536613
15	26	16	27	7	25	3.651687
16	27	17	28	99	245	3.094830
18	29	19	30	369	376	2.558911
20	31	21	32	223	123	1.416700
22	33	23	34	0	16	0.775259
29	40	30	41	0	16	0.775259
31	42	32	43	0	127	0.813264
32	43	33	44	0	16	0.775259
33	44	34	45	0	184	1.197355
34	45	35	46	0	196	1.046929
35	46	36	47	0	127	0.813264
36	47	37	48	368	118	1.491748
37	48	38	49	284	251	1.783480
41	52	42	53	333	98	2.213223
42	53	43	54	119	155	3.527688
43	54	44	55	129	97	4.357383
44	55	45	56	67	362	2.876472
45	56	46	57	371	241	2.038166
46	57	47	58	111	220	2.495639
47	58	48	59	184	326	2.250308
48	59	49	60	121	89	2.710441
49	60	50	61	27	216	2.035106
50	61	51	62	0	220	1.838539
51	62	52	63	0	184	1.197355
52	63	53	64	0	278	2.028020
53	64	54	65	0	121	0.992640
54	65	55	66	0	35	1.003458
55	66	56	67	0	368	2.061254
56	67	57	68	0	260	1.731263
57	68	58	69	0	170	1.959205
58	69	59	70	0	44	2.459964
59	70	60	71	0	273	1.419073
60	71	61	72	0	273	1.419073
61	72	62	73	0	121	0.992640
62	73	63	74	0	27	0.813956
71	82	72	83	111	4	0.994513
72	83	73	84	0	16	0.775259
73	84	74	85	0	121	0.992640
74	85	75	86	0	196	1.046929
75	86	76	87	188	144	1.413047
