start1	end1	start2	end2	frag1	frag2	frag_rmsd
40	51	10	21	42	126	2.008935
41	52	11	22	357	322	2.219787
42	53	12	23	42	389	2.149086
77	88	40	51	0	16	0.775259
78	89	41	52	0	121	0.992640
79	90	42	53	0	27	0.813956
86	97	49	60	0	16	0.775259
96	107	59	70	248	395	1.997362
97	108	60	71	392	203	2.667348
98	109	61	72	74	167	3.299370
99	110	62	73	28	92	2.580877
119	130	80	91	235	161	1.099262
