start1	end1	start2	end2	frag1	frag2	frag_rmsd
6	17	7	18	128	59	2.692989
7	18	8	19	156	385	2.695774
8	19	9	20	156	333	2.507667
9	20	10	21	281	8	3.955400
10	21	11	22	342	370	3.065337
11	22	12	23	146	36	3.000840
23	34	23	34	274	109	2.522674
25	36	25	36	194	117	3.495812
26	37	26	37	369	177	2.952384
