start1	end1	start2	end2	frag1	frag2	frag_rmsd
47	58	49	60	368	35	2.011347
48	59	50	61	260	127	2.026282
49	60	51	62	49	350	2.792946
