start1	end1	start2	end2	frag1	frag2	frag_rmsd
3	14	2	13	298	126	4.388470
4	15	3	14	253	357	2.742849
8	19	7	18	357	40	2.500053
9	20	8	19	183	242	2.250358
20	31	20	31	96	122	1.013426
23	34	23	34	375	367	2.523916
25	36	25	36	298	285	2.888822
26	37	26	37	57	253	2.589846
51	62	47	58	151	253	2.347071
66	77	59	70	322	143	3.395391
