start1	end1	start2	end2	frag1	frag2	frag_rmsd
10	21	10	21	138	230	2.630673
11	22	11	22	369	276	1.368954
20	31	20	31	377	321	2.684501
23	34	23	34	62	108	3.150504
30	41	30	41	352	182	3.511797
32	43	32	43	117	19	3.095506
33	44	33	44	177	213	2.398173
35	46	35	46	331	301	2.779249
