start1	end1	start2	end2	frag1	frag2	frag_rmsd
9	20	7	18	25	338	1.152231
17	28	15	26	27	278	1.610725
31	42	29	40	118	169	2.120396
32	43	30	41	17	110	1.336081
36	47	34	45	345	231	1.953593
44	55	42	53	171	335	3.232908
46	57	44	55	292	86	2.725013
