start1	end1	start2	end2	frag1	frag2	frag_rmsd
1	12	30	41	192	33	3.684064
2	13	31	42	141	335	4.145928
3	14	32	43	189	156	3.678097
4	15	33	44	264	142	3.051146
5	16	34	45	295	152	3.061700
6	17	35	46	50	210	3.428664
7	18	36	47	345	131	3.133078
8	19	37	48	21	342	2.678654
10	21	39	50	212	364	1.843570
11	22	40	51	193	202	2.754505
13	24	42	53	95	141	1.602886
18	29	47	58	0	16	0.775259
22	33	51	62	35	0	1.003458
26	37	55	66	33	288	1.743390
28	39	57	68	164	156	1.408711
29	40	58	69	174	331	1.879546
31	42	60	71	236	299	1.995469
32	43	61	72	86	193	1.791219
35	46	64	75	388	115	3.544933
37	48	66	77	264	62	1.971903
39	50	68	79	138	44	2.709195
40	51	69	80	345	276	2.060965
41	52	70	81	141	227	1.668724
42	53	71	82	45	394	1.792183
43	54	72	83	169	4	1.747250
44	55	73	84	110	245	2.554066
45	56	74	85	319	5	2.639079
46	57	75	86	295	5	2.981763
47	58	76	87	153	217	2.771185
48	59	77	88	31	16	2.809051
49	60	78	89	95	170	2.517593
50	61	79	90	45	196	2.637224
51	62	80	91	4	273	1.809651
62	73	92	103	27	0	0.813956
63	74	93	104	0	27	0.813956
66	77	96	107	0	368	2.061254
67	78	97	108	0	18	2.869786
