start1	end1	start2	end2	frag1	frag2	frag_rmsd
1	12	11	22	4	164	4.357281
2	13	12	23	0	174	4.933104
3	14	13	24	0	352	4.076920
4	15	14	25	188	191	4.180827
5	16	15	26	338	152	4.160250
6	17	16	27	161	160	3.301205
7	18	17	28	294	276	3.422667
8	19	18	29	134	227	3.463796
9	20	19	30	347	45	2.292936
10	21	20	31	179	4	3.013879
11	22	21	32	110	0	2.707219
12	23	22	33	319	0	2.621503
13	24	23	34	295	127	3.036671
14	25	24	35	153	60	3.120650
15	26	25	36	345	17	3.293627
16	27	26	37	95	124	3.745381
