start1	end1	start2	end2	frag1	frag2	frag_rmsd
3	14	1	12	230	27	3.938622
4	15	2	13	195	0	4.091181
5	16	3	14	227	0	3.627807
6	17	4	15	223	0	3.006532
7	18	5	16	4	0	1.783926
10	21	8	19	170	0	1.959205
13	24	11	22	240	184	1.274780
17	28	15	26	127	0	0.813264
18	29	16	27	16	0	0.775259
43	54	32	43	110	180	1.207298
44	55	33	44	233	380	2.132465
45	56	34	45	325	88	2.730942
46	57	35	46	39	146	2.794272
48	59	37	48	132	57	1.551260
49	60	38	49	107	132	2.350722
52	63	41	52	73	329	2.227621
53	64	42	53	138	102	2.892831
59	70	48	59	0	121	0.992640
61	72	50	61	16	0	0.775259
63	74	52	63	196	0	1.046929
82	93	71	82	45	281	1.651716
83	94	72	83	144	70	2.566558
84	95	73	84	251	350	2.082491
85	96	74	85	69	249	1.666766
86	97	75	86	93	26	3.761189
87	98	76	87	298	37	3.791280
112	123	100	111	16	0	0.775259
125	136	115	126	348	357	2.958884
126	137	116	127	167	389	1.584191
127	138	117	128	92	114	2.843740
128	139	118	129	358	138	2.570733
129	140	119	130	261	358	3.386532
130	141	120	131	160	390	3.751160
131	142	121	132	275	301	4.855441
132	143	122	133	9	298	4.609147
133	144	123	134	129	349	4.478254
134	145	124	135	396	352	4.618807
135	146	125	136	388	329	4.366449
136	147	126	137	282	102	4.075031
137	148	127	138	287	181	3.634045
138	149	128	139	88	390	3.730748
139	150	129	140	6	301	3.375239
140	151	130	141	164	133	2.247627
159	170	144	155	0	121	0.992640
160	171	145	156	0	27	0.813956
