start1	end1	start2	end2	frag1	frag2	frag_rmsd
14	25	22	33	34	363	3.284685
15	26	23	34	272	302	2.325891
16	27	24	35	318	132	1.806699
17	28	25	36	395	126	1.849402
18	29	26	37	203	313	2.497212
20	31	28	39	122	13	2.315071
25	36	33	44	331	3	2.648256
27	38	35	46	392	158	2.916314
28	39	36	47	374	114	1.630636
29	40	37	48	215	38	3.405149
30	41	38	49	73	130	3.118206
48	59	57	68	71	253	2.882021
49	60	58	69	298	91	2.033592
50	61	59	70	91	107	2.649081
53	64	62	73	167	293	1.284317
54	65	63	74	73	68	2.957185
55	66	64	75	150	152	2.343118
59	70	68	79	223	108	2.253486
60	71	69	80	169	238	2.436671
62	73	71	82	18	161	2.263395
75	86	82	93	16	0	0.775259
76	87	83	94	127	87	1.661081
78	89	85	96	49	168	2.615205
79	90	86	97	87	52	2.218933
80	91	87	98	25	317	2.171074
81	92	88	99	235	41	1.883375
83	94	90	101	232	378	3.057622
84	95	91	102	221	370	2.622192
89	100	96	107	389	167	1.584191
90	101	97	108	246	187	2.528512
91	102	98	109	328	140	2.622081
92	103	99	110	192	247	3.203699
97	108	104	115	177	129	3.392238
98	109	105	116	388	85	2.543328
100	111	107	118	284	172	3.108557
101	112	108	119	332	131	3.010832
102	113	109	120	112	232	3.372016
110	121	117	128	320	10	2.594818
111	122	118	129	7	247	3.120444
113	124	120	131	369	276	1.368954
129	140	134	145	158	322	2.437978
130	141	135	146	198	126	2.710825
131	142	136	147	185	211	4.079857
132	143	137	148	210	297	3.945333
133	144	138	149	210	122	2.784487
134	145	139	150	150	181	3.575236
135	146	140	151	59	390	3.703188
136	147	141	152	375	254	3.848159
137	148	142	153	363	171	2.760622
138	149	143	154	349	310	3.078973
139	150	144	155	352	215	3.037695
140	151	145	156	274	364	1.999522
142	153	147	158	276	369	1.368954
145	156	150	161	4	111	0.994513
146	157	151	162	188	368	1.404624
147	158	152	163	271	284	2.057730
148	159	153	164	277	233	2.370489
149	160	154	165	283	44	2.777961
150	161	155	166	201	103	2.419192
151	162	156	167	256	177	3.251092
152	163	157	168	222	229	2.786874
153	164	158	169	71	226	2.608111
154	165	159	170	298	398	3.424426
155	166	160	171	349	185	2.761601
156	167	161	172	379	310	2.615701
158	169	163	174	357	370	3.099057
159	170	164	175	395	370	2.639038
160	171	165	176	204	151	2.760044
161	172	166	177	40	68	2.517635
162	173	167	178	68	114	2.433763
163	174	168	179	155	172	3.142997
164	175	169	180	334	263	2.551371
165	176	170	181	3	174	2.344203
166	177	171	182	57	54	2.433783
167	178	172	183	395	91	2.501168
168	179	173	184	132	356	2.067486
