start1	end1	start2	end2	frag1	frag2	frag_rmsd
1	12	1	12	215	198	2.064482
4	15	4	15	207	11	2.920034
22	33	22	33	367	390	3.609774
28	39	28	39	54	205	2.287349
37	48	37	48	114	246	2.430257
45	56	45	56	126	322	2.289807
48	59	48	59	132	357	1.964894
49	60	49	60	322	389	2.292898
50	61	50	61	158	322	2.437978
53	64	53	64	68	391	2.191284
54	65	54	65	263	163	2.299503
57	68	57	68	157	383	2.212296
66	77	66	77	318	187	2.503665
69	80	69	80	54	370	2.155444
70	81	70	81	54	143	2.564577
71	82	71	82	331	316	2.657642
72	83	72	83	379	248	1.639302
74	85	74	85	126	248	2.586560
75	86	75	86	360	248	3.051493
76	87	76	87	360	392	2.657878
77	88	77	88	322	360	1.453720
78	89	78	89	392	360	2.657878
79	90	79	90	74	389	3.056606
80	91	80	91	162	374	2.026859
81	92	81	92	343	198	2.731500
92	103	92	103	251	110	1.356883
95	106	95	106	355	39	3.181529
98	109	98	109	106	198	2.191348
99	110	99	110	106	310	2.751529
100	111	100	111	106	208	2.633758
112	123	113	124	365	342	2.838008
121	132	122	133	157	57	2.214777
126	137	127	138	322	61	1.532523
127	138	128	139	322	167	2.985905
138	149	143	154	322	395	2.883785
139	150	144	155	360	132	2.169218
140	151	145	156	61	389	1.926015
142	153	147	158	198	40	1.579973
169	180	174	185	394	223	1.646543
