start1	end1	start2	end2	frag1	frag2	frag_rmsd
11	22	17	28	256	200	3.522488
12	23	18	29	222	156	2.042465
14	25	20	31	298	370	2.125343
16	27	22	33	392	248	2.328470
18	29	24	35	322	42	2.200412
19	30	25	36	322	126	2.289807
20	31	26	37	158	318	3.354625
21	32	27	38	215	167	2.690642
22	33	28	39	210	329	2.327830
23	34	29	40	150	102	3.111060
24	35	30	41	261	304	3.986560
25	36	31	42	300	304	3.563590
26	37	32	43	300	128	3.067607
27	38	33	44	221	14	3.322479
28	39	34	45	298	97	2.862409
29	40	35	46	302	310	2.918408
30	41	36	47	57	208	2.152129
31	42	37	48	126	57	3.040952
32	43	38	49	322	84	1.955336
33	44	39	50	389	61	1.926015
