start1	end1	start2	end2	frag1	frag2	frag_rmsd
9	20	1	12	107	106	3.083947
10	21	2	13	360	357	2.658914
11	22	3	14	392	357	2.035569
32	43	69	80	45	4	2.804639
33	44	70	81	4	0	1.783926
41	52	78	89	127	0	0.813264
94	105	155	166	13	292	2.843043
96	107	157	168	276	227	2.723059
97	108	158	169	347	394	2.069388
100	111	161	172	216	121	1.107965
114	125	175	186	34	6	2.330814
117	128	178	189	302	362	1.914259
121	132	182	193	360	84	1.521872
122	133	183	194	126	360	2.237959
199	210	213	224	307	380	4.048018
246	257	227	238	391	357	1.962426
247	258	228	239	57	357	2.268519
248	259	229	240	392	126	1.978049
261	272	242	253	235	100	1.231875
269	280	250	261	392	57	2.274546
270	281	251	262	356	42	2.721883
271	282	252	263	84	357	2.904631
272	283	253	264	392	248	2.328470
285	296	271	282	216	135	1.902274
286	297	272	283	278	397	2.219416
287	298	273	284	184	371	2.653422
288	299	274	285	121	111	2.181384
289	300	275	286	27	0	0.813956
290	301	276	287	27	0	0.813956
297	308	283	294	235	277	1.734496
300	311	286	297	63	385	3.990097
302	313	288	299	58	192	1.504351
303	314	289	300	55	21	2.054944
304	315	290	301	214	71	3.552809
306	317	292	303	146	151	3.066723
309	320	295	306	395	318	2.216742
331	342	322	333	115	168	3.038446
332	343	323	334	169	208	3.803531
333	344	324	335	387	91	3.950837
334	345	325	336	69	348	4.844825
335	346	326	337	259	348	4.491932
336	347	327	338	296	176	3.314622
337	348	328	339	136	53	2.984981
338	349	329	340	72	90	2.571062
339	350	330	341	21	175	3.573701
340	351	331	342	115	104	3.862194
343	354	334	345	382	352	2.471930
344	355	335	346	19	86	2.784581
356	367	347	358	127	0	0.813264
367	378	388	399	126	356	2.644557
368	379	389	400	322	84	1.955336
371	382	392	403	386	167	2.284802
376	387	397	408	133	363	1.994719
377	388	398	409	157	91	2.006819
