start1	end1	start2	end2	frag1	frag2	frag_rmsd
41	52	42	53	174	298	2.958851
67	78	67	78	61	132	2.583583
69	80	69	80	239	374	2.519903
70	81	70	81	210	329	2.327830
71	82	71	82	150	83	1.761815
72	83	72	83	59	327	2.076427
73	84	73	84	375	128	2.998520
74	85	74	85	393	375	2.214683
75	86	75	86	298	363	2.950286
76	87	76	87	91	272	2.404085
78	89	78	89	395	107	2.432305
85	96	85	96	360	106	2.403800
86	97	86	97	61	322	1.532523
87	98	87	98	360	198	2.868520
88	99	88	99	322	258	2.166966
89	100	89	100	389	124	4.038372
90	101	90	101	28	148	3.518838
91	102	91	102	38	308	2.768943
92	103	92	103	213	19	2.900533
93	104	93	104	78	213	2.359219
94	105	94	105	301	378	3.190001
95	106	95	106	301	232	3.203305
96	107	96	107	253	298	2.223505
97	108	97	108	178	157	2.103654
102	113	102	113	322	360	1.453720
119	130	119	130	360	322	1.453720
120	131	120	131	61	389	1.926015
125	136	125	136	192	179	3.453853
127	138	127	138	71	315	2.524974
132	143	132	143	292	82	2.425930
134	145	134	145	113	254	1.777499
