start1	end1	start2	end2	frag1	frag2	frag_rmsd
5	16	6	17	382	195	4.001842
6	17	7	18	274	227	3.584887
7	18	8	19	292	223	3.573923
8	19	9	20	195	4	3.378118
19	30	20	31	283	174	4.591862
20	31	21	32	256	183	4.401422
21	32	22	33	156	297	5.025161
22	33	23	34	174	122	5.751062
23	34	24	35	331	13	5.430156
24	35	25	36	143	330	7.223338
