start1	end1	start2	end2	frag1	frag2	frag_rmsd
14	25	21	32	89	95	2.706507
15	26	22	33	244	388	2.900160
16	27	23	34	282	267	2.231416
17	28	24	35	380	104	2.296292
18	29	25	36	139	154	3.325734
19	30	26	37	93	62	3.822325
20	31	27	38	113	337	3.673652
21	32	28	39	221	213	3.603865
22	33	29	40	361	390	2.592892
23	34	30	41	253	301	2.483787
24	35	31	42	331	298	2.671131
26	37	33	44	392	84	2.236722
28	39	35	46	258	61	1.652270
29	40	36	47	28	374	1.355458
41	52	51	62	37	127	1.685836
42	53	52	63	118	149	1.094155
43	54	53	64	180	251	1.423305
46	57	56	67	34	164	2.524144
48	59	58	69	178	143	1.650270
54	65	64	75	394	45	1.792183
56	67	66	77	0	121	0.992640
57	68	67	78	0	27	0.813956
70	81	83	94	387	151	3.087795
78	89	91	102	192	378	2.501649
80	91	93	104	85	191	2.474521
82	93	95	106	99	193	2.061111
97	108	110	121	84	322	1.955336
98	109	111	122	126	158	2.723694
99	110	112	123	258	215	2.499323
103	114	116	127	14	262	2.873337
115	126	128	139	0	35	1.003458
116	127	129	140	0	127	0.813264
127	138	178	189	54	84	3.616225
128	139	179	190	143	258	2.832287
129	140	180	191	348	167	2.868141
130	141	181	192	203	106	2.856120
134	145	185	196	58	282	3.076939
135	146	186	197	191	319	2.202864
137	148	188	199	82	119	2.841019
148	159	199	210	16	0	0.775259
149	160	200	211	184	121	1.193672
150	161	201	212	196	35	1.146322
151	162	202	213	196	35	1.146322
