start1	end1	start2	end2	frag1	frag2	frag_rmsd
5	16	5	16	173	185	3.029200
19	30	19	30	276	369	1.368954
23	34	23	34	16	0	0.775259
42	53	38	49	84	132	2.205557
45	56	41	52	215	40	2.196253
46	57	42	53	320	191	2.972883
47	58	43	54	38	152	2.741259
71	82	67	78	68	38	2.859747
73	84	69	80	261	112	3.078180
81	92	77	88	23	4	1.335798
95	106	91	102	39	164	1.807022
98	109	94	105	356	57	1.996521
99	110	95	106	74	270	2.419552
103	114	99	110	215	351	2.640680
118	129	114	125	154	119	3.142428
119	130	115	126	326	219	2.987731
