start1	end1	start2	end2	frag1	frag2	frag_rmsd
29	40	28	39	84	360	1.521872
30	41	29	40	42	126	2.008935
33	44	32	43	73	68	2.957185
58	69	57	68	70	4	1.352136
60	71	59	70	127	60	1.135321
61	72	60	71	149	87	1.474472
62	73	61	72	359	317	1.709433
63	74	62	73	161	79	2.349571
66	77	65	76	324	113	3.194895
67	78	66	77	133	314	2.775255
68	79	67	78	398	91	2.828573
71	82	70	81	395	357	2.192089
72	83	71	82	132	357	1.964894
74	85	73	84	348	187	2.633419
78	89	77	88	13	150	2.220546
79	90	78	89	330	59	2.244902
82	93	81	92	48	164	2.816600
83	94	82	93	39	363	2.574459
86	97	85	96	143	395	2.173947
92	103	91	102	374	28	1.355458
102	113	101	112	353	238	1.979385
103	114	102	113	212	144	2.656064
104	115	103	114	24	180	1.017167
108	119	107	118	370	203	2.703068
120	131	119	130	5	217	1.208122
146	157	143	154	287	104	2.087811
150	161	147	158	46	218	2.542644
180	191	167	178	238	336	3.689522
181	192	168	179	119	376	2.593517
182	193	169	180	305	113	3.756175
183	194	170	181	305	108	3.557795
185	196	172	183	9	376	2.546357
192	203	179	190	188	35	1.339917
193	204	180	191	25	245	1.579703
194	205	181	192	161	338	2.232406
195	206	182	193	321	100	2.295516
196	207	183	194	288	311	1.718799
197	208	184	195	34	6	2.330814
199	210	186	197	97	222	2.801308
200	211	187	198	302	218	2.840334
201	212	188	199	316	143	2.409167
202	213	189	200	191	246	2.868037
209	220	196	207	149	368	1.387412
210	221	197	208	282	251	2.200714
215	226	202	213	195	369	2.269153
237	248	224	235	350	219	2.416799
238	249	225	236	180	350	1.431378
239	250	226	237	380	168	2.092287
242	253	229	240	3	383	2.586232
250	261	237	248	158	392	2.916314
253	264	240	251	83	117	1.919939
259	270	246	257	15	397	1.948758
260	271	247	258	371	216	1.502072
270	281	257	268	350	245	1.326680
271	282	258	269	76	149	2.406511
273	284	260	271	76	41	3.127944
274	285	261	272	139	33	2.240956
275	286	262	273	101	119	3.151976
276	287	263	274	394	101	3.081818
277	288	264	275	311	103	2.834399
279	290	266	277	333	390	3.552772
280	291	267	278	119	275	3.358045
281	292	268	279	142	202	3.084444
293	304	279	290	384	294	3.444615
294	305	280	291	155	254	3.180550
298	309	284	295	342	14	2.230074
