start1	end1	start2	end2	frag1	frag2	frag_rmsd
1	12	1	12	115	303	3.192761
4	15	4	15	172	63	3.425630
13	24	13	24	184	0	1.197355
14	25	14	25	121	0	0.992640
15	26	15	26	27	35	1.219104
16	27	16	27	16	35	1.607878
17	28	17	28	188	166	1.839547
34	45	37	48	16	0	0.775259
37	48	40	51	110	24	1.015908
39	50	42	53	109	295	1.123468
42	53	45	56	95	66	1.609657
43	54	46	57	45	281	1.651716
49	60	52	63	0	35	1.003458
66	77	78	89	136	230	2.068366
67	78	79	90	31	231	1.286233
71	82	83	94	0	27	0.813956
72	83	84	95	0	16	0.775259
