start1	end1	start2	end2	frag1	frag2	frag_rmsd
4	15	4	15	85	108	2.259970
6	17	6	17	219	153	2.935815
8	19	8	19	141	95	1.602886
35	46	33	44	0	87	2.006990
36	47	34	45	0	144	2.580545
49	60	45	56	83	20	2.024528
50	61	46	57	327	59	2.076427
51	62	47	58	59	375	3.613962
52	63	48	59	300	393	2.432839
53	64	49	60	98	285	3.120625
54	65	50	61	3	383	2.586232
55	66	51	62	189	379	3.071822
56	67	52	63	165	391	2.745950
57	68	53	64	211	80	2.285856
58	69	54	65	344	296	2.480295
59	70	55	66	344	7	2.450473
60	71	56	67	9	275	2.970815
62	73	58	69	396	227	2.329098
93	104	87	98	386	74	3.287509
116	127	110	121	263	226	3.411881
117	128	111	122	72	398	3.652139
118	129	112	123	191	351	3.507400
194	205	160	171	127	0	0.813264
222	233	185	196	0	121	0.992640
248	259	219	230	124	168	1.824641
249	260	220	231	124	154	2.667896
250	261	221	232	107	62	4.578611
251	262	222	233	151	202	3.887888
252	263	223	234	395	43	4.600053
253	264	224	235	80	289	4.599509
254	265	225	236	162	289	4.623334
255	266	226	237	122	282	4.003166
256	267	227	238	20	139	4.115757
267	278	243	254	388	179	2.378828
268	279	244	255	282	260	2.442137
271	282	247	258	376	278	3.837391
272	283	248	259	245	368	1.282466
277	288	253	264	302	349	2.395914
278	289	254	265	316	391	2.590413
279	290	255	266	42	379	2.539853
280	291	256	267	391	215	3.057970
281	292	257	268	80	215	3.421060
