start1	end1	start2	end2	frag1	frag2	frag_rmsd
2	13	11	22	126	132	2.227804
4	15	13	24	126	360	2.237959
5	16	14	25	313	61	2.398675
6	17	15	26	162	28	1.560721
18	29	27	38	38	329	2.609070
23	34	32	43	345	257	1.990762
25	36	34	45	45	241	2.171847
26	37	35	46	4	23	1.335798
27	38	36	47	0	184	1.197355
28	39	37	48	0	121	0.992640
39	50	50	61	229	91	3.978063
40	51	51	62	174	57	3.312263
41	52	52	63	57	84	2.559962
42	53	53	64	348	61	2.472281
59	70	68	79	160	261	2.707511
60	71	69	80	345	237	1.911247
