start1	end1	start2	end2	frag1	frag2	frag_rmsd
9	20	11	22	251	100	1.963032
10	21	12	23	294	75	2.540937
14	25	16	27	95	141	1.602886
17	28	19	30	0	127	0.813264
19	30	21	32	16	0	0.775259
21	32	23	34	25	18	1.880110
23	34	25	36	294	33	2.272830
41	52	43	54	24	110	1.015908
46	57	48	59	95	66	1.609657
59	70	61	72	25	359	2.215761
