start1	end1	start2	end2	frag1	frag2	frag_rmsd
6	17	12	23	0	129	3.728083
7	18	13	24	0	396	3.341844
8	19	14	25	0	123	2.826189
9	20	15	26	0	4	1.783926
18	29	24	35	0	35	1.003458
19	30	25	36	35	127	1.273794
