start1	end1	start2	end2	frag1	frag2	frag_rmsd
14	25	13	24	168	319	1.875843
25	36	24	35	395	391	2.221324
27	38	26	37	392	379	2.375143
28	39	27	38	185	310	2.160511
45	56	44	55	54	302	1.822938
82	93	81	92	391	42	2.281049
93	104	92	103	280	227	2.940732
94	105	93	104	267	199	2.403822
101	112	100	111	243	108	3.420516
123	134	122	133	100	161	0.978809
138	149	137	148	62	352	2.834866
141	152	140	151	390	276	3.114003
146	157	145	156	346	43	2.303453
148	159	147	158	45	371	1.366556
186	197	185	196	21	314	3.257425
187	198	186	197	262	242	3.049393
188	199	187	198	62	209	2.902144
206	217	205	216	362	71	2.852840
214	225	213	224	141	51	1.428009
238	249	237	248	248	302	2.496436
316	327	315	326	180	77	2.325824
347	358	346	357	77	79	2.104037
349	360	348	359	305	376	2.683719
350	361	349	360	269	65	3.138088
369	380	368	379	23	15	1.595702
373	384	372	383	188	0	1.887540
374	385	373	384	271	0	2.851242
375	386	374	385	104	0	3.342056
376	387	375	386	228	188	3.030413
377	388	376	387	170	25	3.903904
