start1	end1	start2	end2	frag1	frag2	frag_rmsd
16	27	19	30	0	127	0.813264
42	53	41	52	216	121	1.107965
45	56	44	55	127	0	0.813264
49	60	48	59	368	144	1.335465
50	61	49	60	118	144	1.639526
51	62	50	61	180	77	2.325824
52	63	51	62	380	77	2.239592
66	77	67	78	99	102	3.391303
69	80	70	81	306	128	3.339605
135	146	127	138	236	63	3.768463
147	158	141	152	0	16	0.775259
155	166	149	160	24	12	1.462726
157	168	151	162	279	124	2.389898
158	169	152	163	398	387	3.160125
159	170	153	164	310	398	3.382742
160	171	154	165	74	165	3.897035
161	172	155	166	239	334	3.832028
162	173	156	167	106	255	3.577585
195	206	178	189	0	127	0.813264
196	207	179	190	0	16	0.775259
197	208	180	191	0	170	1.959205
198	209	181	192	35	196	1.146322
199	210	182	193	245	196	2.488753
200	211	183	194	245	368	1.282466
201	212	184	195	76	149	2.406511
202	213	185	196	359	49	2.921866
203	214	186	197	76	359	2.939507
204	215	187	198	76	137	3.061395
215	226	214	225	0	121	0.992640
216	227	215	226	0	27	0.813956
234	245	233	244	0	35	1.003458
235	246	234	245	0	127	0.813264
236	247	235	246	0	188	1.887540
