start1	end1	start2	end2	frag1	frag2	frag_rmsd
13	24	14	25	27	111	1.266595
50	61	50	61	380	77	2.239592
75	86	75	86	94	35	1.741150
94	105	94	105	227	396	2.329098
111	122	111	122	84	126	1.909341
112	123	112	123	360	132	2.169218
131	142	131	142	149	118	1.094155
134	145	134	145	76	139	3.199565
136	147	136	147	396	254	2.801682
138	149	138	149	267	156	3.508941
143	154	143	154	95	141	1.602886
144	155	144	155	45	216	1.903162
145	156	145	156	4	111	0.994513
153	164	153	164	127	0	0.813264
154	165	154	165	16	127	1.158335
