start1	end1	start2	end2	frag1	frag2	frag_rmsd
11	22	9	20	126	392	1.978049
27	38	25	36	313	158	2.779261
43	54	41	52	143	178	1.650270
48	59	46	57	246	10	2.424507
57	68	55	66	178	91	1.731687
87	98	85	96	14	229	2.682356
89	100	87	98	91	302	2.022399
123	134	120	131	47	43	3.791511
137	148	134	145	302	174	2.621173
143	154	140	151	176	313	2.698070
144	155	141	152	28	162	1.560721
145	156	142	153	328	343	1.513701
148	159	145	156	45	388	1.950228
191	202	188	199	270	318	2.975149
192	203	189	200	239	389	2.206659
194	205	191	202	292	328	2.946322
198	209	195	206	4	70	1.352136
207	218	204	215	119	139	2.402640
219	230	216	227	92	246	2.434579
224	235	221	232	282	46	2.969463
268	279	268	279	16	0	0.775259
270	281	270	281	273	60	1.985193
284	295	284	295	106	205	3.230778
292	303	292	303	388	85	2.543328
295	306	295	306	359	212	2.908892
321	332	321	332	216	121	1.107965
324	335	324	335	144	368	1.335465
331	342	331	342	189	199	3.597537
332	343	332	343	352	210	2.751478
366	377	366	377	17	251	1.487591
371	382	371	382	51	95	1.563872
372	383	372	383	281	268	2.328089
375	386	375	386	9	119	2.580733
426	437	426	437	112	131	2.361165
441	452	441	452	396	291	2.756078
444	455	444	455	282	79	2.792959
450	461	450	461	268	280	2.159615
492	503	486	497	324	301	3.092973
505	516	499	510	204	167	2.302888
512	523	506	517	397	220	2.113998
