start1	end1	start2	end2	frag1	frag2	frag_rmsd
57	68	57	68	393	375	2.214683
59	70	59	70	91	298	2.033592
86	97	82	93	312	194	3.025195
90	101	86	97	31	271	2.794120
