start1	end1	start2	end2	frag1	frag2	frag_rmsd
18	29	19	30	57	178	1.951934
75	86	75	86	395	126	1.849402
77	88	77	88	126	322	2.289807
93	104	93	104	170	0	1.959205
100	111	100	111	18	180	1.503133
