start1	end1	start2	end2	frag1	frag2	frag_rmsd
21	32	19	30	288	33	1.743390
40	51	38	49	219	337	2.788891
46	57	44	55	121	196	1.241736
47	58	45	56	27	273	1.481073
48	59	46	57	16	184	1.241286
109	120	102	113	126	132	2.227804
180	191	173	184	184	0	1.197355
