start1	end1	start2	end2	frag1	frag2	frag_rmsd
29	40	31	42	246	204	2.169894
36	47	38	49	55	325	3.035719
75	86	73	84	209	187	2.575169
