start1	end1	start2	end2	frag1	frag2	frag_rmsd
8	19	8	19	357	258	1.886183
29	40	28	39	100	98	2.930827
36	47	35	46	158	167	1.812316
99	110	97	108	158	167	1.812316
100	111	98	109	92	329	2.645551
105	116	103	114	147	223	1.957202
108	119	106	117	161	100	0.978809
113	124	111	122	210	116	2.716631
124	135	122	133	132	316	2.327923
126	137	124	135	73	28	2.597259
