start1	end1	start2	end2	frag1	frag2	frag_rmsd
12	23	6	17	316	395	2.625391
13	24	7	18	158	322	2.437978
16	27	10	21	391	114	2.472373
17	28	11	22	320	246	2.330997
54	65	47	58	45	353	1.252194
103	114	99	110	288	33	1.743390
129	140	126	137	17	124	2.100408
135	146	132	143	84	126	1.909341
145	156	142	153	322	84	1.955336
147	158	144	155	322	357	2.219787
153	164	150	161	54	357	2.709043
187	198	184	195	213	194	2.844009
192	203	189	200	216	121	1.107965
211	222	208	219	208	91	2.279860
228	239	226	237	98	6	2.827583
240	251	238	249	45	223	1.647681
274	285	273	284	95	66	1.609657
283	294	282	293	16	260	1.076875
319	330	318	329	208	348	3.503526
321	332	320	331	68	239	2.719429
327	338	326	337	304	288	3.294945
329	340	328	339	324	164	2.993645
352	363	351	362	235	161	1.099262
385	396	378	389	247	56	2.687172
386	397	379	390	358	19	2.566475
398	409	391	402	342	213	2.983105
400	411	393	404	253	301	2.483787
404	415	397	408	258	61	1.652270
406	417	399	410	68	293	1.906648
417	428	410	421	180	317	2.364719
422	433	415	426	174	222	2.234287
469	480	462	473	157	97	2.683104
471	482	464	475	313	211	2.221163
474	485	467	478	181	9	2.710060
478	489	471	482	23	4	1.335798
479	490	472	483	368	149	1.387412
482	493	475	486	307	208	2.658720
483	494	476	487	91	151	2.263245
