start1	end1	start2	end2	frag1	frag2	frag_rmsd
16	27	11	22	389	61	1.926015
18	29	13	24	328	56	2.664981
40	51	26	37	4	169	1.747250
85	96	59	70	85	325	3.384004
86	97	60	71	247	290	2.658070
90	101	64	75	46	120	3.137460
91	102	65	76	262	341	2.794272
125	136	92	103	360	61	1.959112
199	210	148	159	377	277	1.951425
248	259	174	185	127	0	0.813264
338	349	277	288	203	211	1.857122
408	419	315	326	363	174	2.440306
412	423	319	330	343	2	1.502106
458	469	388	399	127	0	0.813264
