start1	end1	start2	end2	frag1	frag2	frag_rmsd
45	56	33	44	61	132	2.583583
48	59	36	47	247	329	3.289652
224	235	208	219	293	167	1.284317
225	236	209	220	191	92	2.547382
231	242	215	226	4	111	0.994513
