start1	end1	start2	end2	frag1	frag2	frag_rmsd
5	16	6	17	221	108	2.587747
10	21	11	22	392	178	1.899502
11	22	12	23	132	107	2.350722
12	23	13	24	356	84	1.970757
14	25	15	26	198	167	2.269619
19	30	20	31	356	157	2.870994
20	31	21	32	84	316	2.853977
21	32	22	33	258	198	1.817841
23	34	24	35	130	344	2.207961
52	63	53	64	111	4	0.994513
101	112	102	113	350	90	2.437442
117	128	118	129	150	247	3.298893
126	137	127	138	184	260	1.878962
145	156	146	157	258	322	2.166966
185	196	173	184	364	212	1.843570
192	203	180	191	116	382	2.497045
199	210	187	198	258	389	2.040431
214	225	202	213	368	188	1.404624
216	227	204	215	170	319	1.723056
219	230	207	218	131	256	3.004421
223	234	211	222	107	356	1.430031
272	283	259	270	61	392	2.873967
296	307	284	295	373	293	2.970744
298	309	286	297	20	150	2.215790
320	331	308	319	164	34	2.524144
346	357	334	345	167	140	2.920227
347	358	335	346	68	163	2.208242
348	359	336	347	163	349	2.296532
