start1	end1	start2	end2	frag1	frag2	frag_rmsd
67	78	74	85	354	101	2.343357
68	79	75	86	160	82	2.687032
71	82	78	89	45	223	1.647681
72	83	79	90	4	111	0.994513
106	117	115	126	141	95	1.602886
145	156	153	164	369	129	2.160628
146	157	154	165	227	396	2.329098
164	175	173	184	374	162	2.026859
