start1	end1	start2	end2	frag1	frag2	frag_rmsd
33	44	32	43	57	132	1.551260
41	52	40	51	386	28	1.926117
44	55	43	54	14	361	2.941495
48	59	47	58	316	178	2.242694
59	70	58	69	374	389	2.460334
60	71	59	70	28	320	2.315284
62	73	61	72	117	83	1.919939
65	76	64	75	164	133	2.247627
77	88	76	87	106	357	2.204060
81	92	80	91	116	28	2.850008
88	99	87	98	395	42	2.168523
89	100	88	99	132	357	1.964894
97	108	96	107	58	225	1.979801
119	130	118	129	165	379	2.517142
141	152	140	151	357	322	2.219787
