start1	end1	start2	end2	frag1	frag2	frag_rmsd
30	41	32	43	390	117	3.246685
37	48	39	50	343	58	2.571558
46	57	48	59	201	366	2.109204
49	60	51	62	64	183	2.589948
63	74	67	78	205	54	2.287349
119	130	123	134	68	293	1.906648
126	137	130	141	109	354	1.258230
128	139	132	143	112	330	3.623465
149	160	153	164	132	57	1.551260
150	161	154	165	126	84	1.909341
164	175	168	179	342	268	3.119263
186	197	190	201	133	174	1.804231
187	198	191	202	57	3	2.271934
234	245	240	251	7	329	2.127910
248	259	254	265	302	157	1.373132
