start1	end1	start2	end2	frag1	frag2	frag_rmsd
40	51	40	51	107	158	3.375122
41	52	41	52	258	28	2.447437
42	53	42	53	386	328	2.639548
70	81	69	80	3	272	2.548933
106	117	104	115	18	271	1.069917
113	124	111	122	55	148	1.769837
162	173	161	172	247	152	2.935201
182	193	180	191	4	23	1.335798
183	194	181	192	0	27	0.813956
