start1	end1	start2	end2	frag1	frag2	frag_rmsd
63	74	56	67	239	215	1.429311
94	105	91	102	247	274	2.597371
146	157	143	154	84	360	1.521872
149	160	146	157	360	322	1.453720
153	164	150	161	150	20	2.215790
156	167	153	164	120	301	2.951421
159	170	156	167	392	42	2.128589
160	171	157	168	132	357	1.964894
