start1	end1	start2	end2	frag1	frag2	frag_rmsd
22	33	21	32	159	120	3.166612
24	35	23	34	381	387	3.306491
25	36	24	35	309	384	1.992439
56	67	55	66	223	396	2.481038
103	114	102	113	187	297	2.474313
109	120	108	119	140	142	3.519013
170	181	169	180	35	0	1.003458
187	198	186	197	143	29	3.141103
238	249	241	252	0	27	0.813956
254	265	257	268	382	152	2.840847
272	283	275	286	205	191	2.882044
284	295	287	298	201	385	2.848130
