start1	end1	start2	end2	frag1	frag2	frag_rmsd
1	12	1	12	141	51	1.428009
68	79	68	79	208	395	2.850289
70	81	70	81	318	151	2.401869
76	87	76	87	150	96	2.639101
142	153	142	153	66	95	1.609657
