start1	end1	start2	end2	frag1	frag2	frag_rmsd
69	80	79	90	168	17	1.555351
73	84	83	94	19	38	2.252345
