start1	end1	start2	end2	frag1	frag2	frag_rmsd
51	62	51	62	193	172	2.763508
57	68	57	68	17	168	1.555351
59	70	59	70	55	325	3.035719
