start1	end1	start2	end2	frag1	frag2	frag_rmsd
63	74	67	78	152	382	2.840847
67	78	71	82	157	3	2.732309
69	80	73	84	126	74	2.701927
81	92	85	96	66	21	2.810013
109	120	113	124	136	230	2.068366
126	137	130	141	97	172	3.357294
135	146	139	150	397	231	1.991083
142	153	146	157	325	339	3.275784
145	156	149	160	136	193	1.585201
208	219	214	225	320	323	1.585679
251	262	257	268	327	330	2.088556
252	263	258	269	393	361	2.351732
254	265	260	271	91	298	2.033592
255	266	261	272	302	157	1.373132
