start1	end1	start2	end2	frag1	frag2	frag_rmsd
61	72	65	76	39	48	2.814481
63	74	67	78	152	382	2.840847
67	78	71	82	157	3	2.732309
