start1	end1	start2	end2	frag1	frag2	frag_rmsd
47	58	57	68	0	35	1.003458
48	59	58	69	188	35	1.339917
49	60	59	70	25	166	1.364085
50	61	60	71	235	338	2.509048
70	81	78	89	36	353	1.560245
72	83	80	91	341	16	2.115275
75	86	83	94	184	220	1.359897
88	99	95	106	138	2	2.756781
120	131	112	123	248	379	1.639302
124	135	116	127	213	342	2.983105
126	137	118	129	301	253	2.483787
128	139	120	131	348	313	2.381382
241	252	207	218	0	121	0.992640
