start1	end1	start2	end2	frag1	frag2	frag_rmsd
38	49	10	21	150	83	1.761815
40	51	12	23	128	367	2.784997
