start1	end1	start2	end2	frag1	frag2	frag_rmsd
8	19	5	16	59	330	2.244902
9	20	6	17	375	367	2.523916
18	29	15	26	361	120	2.508254
27	38	24	35	392	42	2.128589
28	39	25	36	248	357	1.838513
68	79	65	76	55	344	3.214371
70	81	67	78	140	325	2.356799
74	85	71	82	132	318	1.806699
78	89	75	86	92	246	2.434579
79	90	76	87	92	247	2.407521
93	104	88	99	22	141	1.438165
100	111	95	106	151	91	2.263245
110	121	105	116	302	91	2.022399
117	128	112	123	13	150	2.220546
118	129	113	124	327	330	2.088556
139	150	134	145	84	132	2.205557
140	151	135	146	313	158	2.779261
156	167	151	162	254	67	2.419028
167	178	162	173	356	360	2.206112
215	226	211	222	356	157	2.870994
216	227	212	223	126	107	2.640432
