start1	end1	start2	end2	frag1	frag2	frag_rmsd
18	29	17	28	207	72	1.860560
19	30	18	29	95	15	1.966391
20	31	19	30	135	371	2.136690
21	32	20	31	147	111	1.632036
22	33	21	32	111	27	1.266595
23	34	22	33	27	0	0.813956
31	42	30	41	268	171	2.686227
38	49	37	48	60	127	1.135321
39	50	38	49	60	149	1.545532
44	55	43	54	261	160	2.707511
