start1	end1	start2	end2	frag1	frag2	frag_rmsd
8	19	14	25	219	337	2.788891
46	57	52	63	357	395	2.192089
60	71	66	77	395	392	1.956324
61	72	67	78	297	258	2.601028
62	73	68	79	323	246	2.173724
63	74	69	80	373	92	2.613988
64	75	70	81	38	358	2.528073
65	76	71	82	213	112	3.032604
66	77	72	83	361	342	2.191841
67	78	73	84	301	342	2.307304
68	79	74	85	272	302	2.325891
70	81	76	87	84	322	1.955336
72	83	78	89	322	61	1.532523
74	85	80	91	158	114	2.238975
75	86	81	92	320	56	2.638903
76	87	82	93	150	138	2.867148
