start1	end1	start2	end2	frag1	frag2	frag_rmsd
26	37	14	25	173	298	3.246915
28	39	16	27	122	329	1.972439
