start1	end1	start2	end2	frag1	frag2	frag_rmsd
14	25	26	37	111	4	0.994513
41	52	53	64	327	336	3.187930
70	81	82	93	180	338	1.985909
73	84	85	96	189	355	3.055860
139	150	153	164	16	0	0.775259
