start1	end1	start2	end2	frag1	frag2	frag_rmsd
16	27	25	36	392	132	1.839294
45	56	60	71	398	74	3.044837
50	61	65	76	375	128	2.998520
