start1	end1	start2	end2	frag1	frag2	frag_rmsd
23	34	20	31	105	169	1.732125
24	35	21	32	24	110	1.015908
25	36	22	33	168	279	2.724886
30	41	27	38	14	342	2.230074
33	44	30	41	202	2	2.509539
34	45	31	42	225	194	1.011234
35	46	32	43	51	141	1.428009
