start1	end1	start2	end2	frag1	frag2	frag_rmsd
14	25	15	26	235	100	1.231875
20	31	21	32	275	364	2.895333
47	58	49	60	95	15	1.966391
56	67	58	69	0	127	0.813264
57	68	59	70	127	149	1.616553
88	99	80	91	127	0	0.813264
89	100	81	92	35	0	1.003458
91	102	83	94	25	338	1.152231
92	103	84	95	235	100	1.231875
93	104	85	96	277	33	2.543323
96	107	88	99	156	112	3.015267
97	108	89	100	250	261	3.502151
102	113	94	105	147	353	1.930020
104	115	96	107	16	0	0.775259
127	138	118	129	51	95	1.563872
