start1	end1	start2	end2	frag1	frag2	frag_rmsd
17	28	15	26	173	272	2.804773
19	30	17	28	176	351	2.600279
22	33	20	31	78	378	1.620040
28	39	26	37	379	91	2.388994
30	41	28	39	297	167	2.343013
58	69	55	66	301	268	3.490028
59	70	56	67	226	97	3.237994
60	71	57	68	348	53	3.433252
62	73	59	70	207	244	2.522425
79	90	77	88	64	312	1.899875
82	93	80	91	331	272	2.775539
83	94	81	92	357	178	2.306823
88	99	86	97	225	1	1.414968
103	114	104	115	16	0	0.775259
104	115	105	116	16	0	0.775259
