start1	end1	start2	end2	frag1	frag2	frag_rmsd
17	28	18	29	357	204	2.675552
19	30	20	31	114	210	2.854426
21	32	22	33	117	82	2.768293
22	33	23	34	390	195	3.189056
24	35	25	36	291	108	3.116064
26	37	27	38	153	206	2.010158
34	45	35	46	25	18	1.880110
62	73	66	77	331	97	2.080183
90	101	88	99	314	363	2.815277
117	128	115	126	148	68	2.587100
182	193	157	168	363	314	2.815277
200	211	176	187	256	6	2.076516
203	214	179	190	218	395	3.147916
224	235	198	209	351	190	2.514264
