start1	end1	start2	end2	frag1	frag2	frag_rmsd
54	65	62	73	4	111	0.994513
104	115	112	123	0	16	0.775259
105	116	113	124	0	127	0.813264
