start1	end1	start2	end2	frag1	frag2	frag_rmsd
1	12	12	23	98	128	2.841065
2	13	13	24	98	393	2.507349
8	19	19	30	292	275	2.022552
10	21	21	32	276	369	1.368954
52	63	68	79	2	386	2.836912
53	64	69	80	72	343	2.291856
54	65	70	81	225	326	2.488373
55	66	71	82	216	51	2.286643
56	67	72	83	111	371	2.158258
57	68	73	84	27	111	1.266595
72	83	88	99	0	127	0.813264
75	86	91	102	27	196	1.059651
88	99	105	116	19	146	3.096069
90	101	107	118	253	370	2.112806
95	106	112	123	323	313	2.463705
134	145	154	165	140	165	2.870630
136	147	156	167	183	143	1.720893
137	148	157	168	151	316	2.318008
138	149	158	169	316	389	2.563569
186	197	206	217	302	298	2.577986
210	221	230	241	138	328	2.615349
