start1	end1	start2	end2	frag1	frag2	frag_rmsd
127	138	111	122	40	357	2.500053
128	139	112	123	391	248	2.056378
131	142	115	126	248	391	2.056378
155	166	130	141	183	178	1.884271
160	171	135	146	253	155	2.769031
162	173	137	148	274	236	1.789125
189	200	159	170	96	274	3.035045
191	202	161	172	59	330	2.244902
