start1	end1	start2	end2	frag1	frag2	frag_rmsd
2	13	2	13	140	10	1.985493
17	28	17	28	225	58	1.979801
53	64	53	64	390	117	3.246685
83	94	83	94	284	41	2.164096
85	96	85	96	119	32	2.937466
