start1	end1	start2	end2	frag1	frag2	frag_rmsd
6	17	7	18	209	58	2.672758
11	22	12	23	261	128	3.476409
31	42	31	42	127	0	0.813264
43	54	43	54	258	348	2.128741
46	57	46	57	150	138	2.867148
55	66	55	66	338	25	1.152231
104	115	104	115	0	16	0.775259
