start1	end1	start2	end2	frag1	frag2	frag_rmsd
5	16	4	15	167	297	2.343013
22	33	21	32	371	45	1.366556
43	54	41	52	40	10	1.570300
47	58	45	56	145	207	2.665798
80	91	78	89	283	268	2.579274
82	93	80	91	31	231	1.286233
114	125	112	123	249	284	1.930090
278	289	258	269	217	16	1.673517
310	321	290	301	197	11	2.674392
313	324	293	304	310	11	3.310269
317	328	297	308	72	244	2.184129
319	330	299	310	26	79	2.404775
