start1	end1	start2	end2	frag1	frag2	frag_rmsd
14	25	37	48	84	360	1.521872
22	33	45	56	231	345	1.953593
97	108	115	126	143	178	1.650270
164	175	179	190	74	80	2.193283
165	176	180	191	162	211	2.462839
170	181	185	196	355	113	2.008070
201	212	211	222	247	163	1.946979
