start1	end1	start2	end2	frag1	frag2	frag_rmsd
44	55	35	46	91	398	2.828573
108	119	76	87	59	327	2.076427
