start1	end1	start2	end2	frag1	frag2	frag_rmsd
9	20	12	23	122	162	3.626815
17	28	20	31	334	263	2.551371
34	45	37	48	243	109	2.169497
58	69	61	72	180	387	2.861143
65	76	68	79	318	126	2.511599
76	87	79	90	358	83	2.107532
84	95	87	98	292	138	2.059222
120	131	123	134	93	232	2.165914
142	153	145	156	176	61	2.931227
150	161	153	164	107	185	3.740892
161	172	164	175	379	178	1.774921
163	174	166	177	122	210	2.784487
