start1	end1	start2	end2	frag1	frag2	frag_rmsd
70	81	68	79	358	92	2.902689
75	86	73	84	194	177	2.906267
89	100	87	98	54	205	2.287349
91	102	89	100	247	246	2.037135
116	127	113	124	66	227	2.066214
149	160	145	156	321	25	3.547000
150	161	146	157	321	161	2.496842
151	162	147	158	321	305	4.147515
158	169	154	165	45	147	1.713468
161	172	157	168	196	27	1.059651
165	176	161	172	27	0	0.813956
