start1	end1	start2	end2	frag1	frag2	frag_rmsd
26	37	26	37	258	323	2.705881
69	80	68	79	91	272	2.404085
96	107	95	106	40	10	1.570300
