start1	end1	start2	end2	frag1	frag2	frag_rmsd
19	30	20	31	32	195	1.944403
75	86	75	86	322	61	1.532523
76	87	76	87	258	374	2.198304
78	89	78	89	293	10	1.943477
82	93	82	93	276	227	2.723059
110	121	110	121	322	360	1.453720
111	122	111	122	61	215	2.716918
129	140	129	140	202	63	3.547348
