start1	end1	start2	end2	frag1	frag2	frag_rmsd
29	40	36	47	69	377	1.451916
31	42	38	49	311	6	2.671804
34	45	41	52	361	342	2.191841
35	46	42	53	242	39	2.397253
36	47	43	54	242	331	2.369118
111	122	103	114	281	394	1.908381
162	173	150	161	82	292	2.425930
