start1	end1	start2	end2	frag1	frag2	frag_rmsd
22	33	40	51	319	62	1.833671
26	37	44	55	141	369	2.433557
27	38	45	56	261	268	2.624343
31	42	49	60	27	111	1.266595
61	72	79	90	215	374	2.387500
63	74	81	92	207	372	2.689895
65	76	83	94	141	51	1.428009
