start1	end1	start2	end2	frag1	frag2	frag_rmsd
58	69	55	66	191	148	2.267190
59	70	56	67	85	214	2.252746
61	72	58	69	340	276	2.487868
65	76	62	73	16	240	1.850213
86	97	83	94	0	27	0.813956
117	128	115	126	4	111	0.994513
122	133	120	131	76	77	2.204607
123	134	121	132	5	76	2.553127
147	158	145	156	218	108	3.300724
154	165	152	163	314	120	2.716567
