start1	end1	start2	end2	frag1	frag2	frag_rmsd
38	49	41	52	338	180	1.985909
119	130	110	121	164	363	1.880850
129	140	120	131	258	176	2.794003
135	146	126	137	288	33	1.743390
137	148	128	139	164	250	2.535361
138	149	129	140	250	46	2.809732
143	154	134	145	45	347	2.292936
144	155	135	146	147	397	2.282721
146	157	137	148	27	111	1.266595
181	192	172	183	351	152	3.098289
205	216	196	207	111	4	0.994513
213	224	204	215	121	196	1.241736
217	228	208	219	319	294	2.544084
232	243	223	234	16	0	0.775259
240	251	231	242	123	223	1.416700
