start1	end1	start2	end2	frag1	frag2	frag_rmsd
1	12	1	12	360	84	1.521872
6	17	6	17	318	61	2.627923
82	93	123	134	370	54	2.155444
90	101	131	142	318	178	2.393558
101	112	144	155	45	123	1.488609
