start1	end1	start2	end2	frag1	frag2	frag_rmsd
2	13	5	16	74	143	2.114755
6	17	9	20	163	379	2.690578
33	44	36	47	91	157	2.006819
60	71	64	75	358	102	2.219381
69	80	73	84	7	92	2.871135
82	93	86	97	29	189	2.420944
