start1	end1	start2	end2	frag1	frag2	frag_rmsd
10	21	10	21	301	298	2.504542
17	28	17	28	59	330	2.244902
21	32	21	32	57	331	2.831093
27	38	27	38	225	194	1.011234
28	39	28	39	51	141	1.428009
30	41	30	41	179	70	2.491249
31	42	31	42	17	12	1.213096
32	43	32	43	168	124	1.824641
36	47	36	47	192	38	2.727471
37	48	37	48	146	378	2.332415
39	50	39	50	301	253	2.483787
