start1	end1	start2	end2	frag1	frag2	frag_rmsd
61	72	62	73	127	368	1.781241
64	75	65	76	287	319	2.297661
65	76	66	77	243	101	2.551150
66	77	67	78	103	160	2.737667
105	116	98	109	273	0	1.419073
106	117	99	110	184	0	1.197355
121	132	114	125	0	35	1.003458
159	170	156	167	60	149	1.545532
165	176	162	173	225	58	1.979801
206	217	203	214	337	160	3.041217
