start1	end1	start2	end2	frag1	frag2	frag_rmsd
169	180	158	169	35	0	1.003458
247	258	257	268	158	176	2.838007
249	260	259	270	391	310	2.889263
255	266	265	276	141	51	1.428009
296	307	303	314	338	235	2.509048
