start1	end1	start2	end2	frag1	frag2	frag_rmsd
16	27	18	29	165	205	2.675090
30	41	31	42	148	388	3.402985
49	60	50	61	342	82	3.543663
51	62	52	63	298	229	2.827005
78	89	79	90	133	272	3.327040
79	90	80	91	57	107	2.508886
146	157	145	156	395	132	2.384097
