start1	end1	start2	end2	frag1	frag2	frag_rmsd
46	57	48	59	239	258	2.457310
49	60	51	62	304	330	2.895056
51	62	53	64	324	365	2.346870
60	71	62	73	78	390	2.515234
71	82	73	84	393	365	2.281657
74	85	76	87	42	178	2.633099
75	86	77	88	357	57	2.268519
76	87	78	89	248	42	2.280307
77	88	79	90	392	126	1.978049
78	89	80	91	297	313	1.957711
100	111	100	111	322	360	1.453720
