start1	end1	start2	end2	frag1	frag2	frag_rmsd
10	21	10	21	16	260	1.076875
44	55	37	48	88	47	2.459632
67	78	61	72	360	61	1.959112
69	80	63	74	28	329	2.589986
71	82	65	76	213	181	2.005427
111	122	99	110	126	356	2.644557
135	146	123	134	129	252	3.521532
142	153	130	141	4	111	0.994513
156	167	144	155	105	169	1.732125
232	243	232	243	278	341	2.186340
