start1	end1	start2	end2	frag1	frag2	frag_rmsd
19	30	19	30	161	338	2.232406
31	42	31	42	27	196	1.059651
