start1	end1	start2	end2	frag1	frag2	frag_rmsd
60	71	55	66	3	302	2.726615
101	112	95	106	256	6	2.076516
