start1	end1	start2	end2	frag1	frag2	frag_rmsd
3	14	5	16	61	258	1.652270
4	15	6	17	167	158	1.812316
7	18	9	20	89	309	1.629779
77	88	79	90	357	322	2.219787
81	92	83	94	83	150	1.761815
181	192	180	191	111	4	0.994513
184	195	183	194	184	0	1.197355
185	196	184	195	121	35	1.375045
195	206	194	205	49	149	2.219763
198	209	197	208	31	76	2.946583
209	220	208	219	61	322	1.532523
213	224	212	223	334	309	2.439331
214	225	213	224	246	241	3.025596
216	227	215	226	190	315	2.402201
222	233	221	232	52	37	2.237752
243	254	242	253	180	249	1.782972
246	257	245	256	366	290	1.667042
251	262	250	261	138	150	2.867148
262	273	261	272	16	0	0.775259
308	319	306	317	106	211	2.524223
310	321	308	319	357	395	2.192089
333	344	331	342	344	130	2.207961
334	345	332	343	214	78	3.276416
337	348	335	346	14	39	2.574435
341	352	339	350	57	357	2.268519
366	377	363	374	203	167	2.862371
372	383	369	380	164	363	1.880850
390	401	387	398	357	253	2.742849
392	403	389	400	132	322	1.945705
393	404	390	401	322	360	1.453720
439	450	437	448	27	273	1.481073
441	452	439	450	0	121	0.992640
460	471	458	469	262	120	3.770574
462	473	460	471	372	81	3.350542
