start1	end1	start2	end2	frag1	frag2	frag_rmsd
7	18	11	22	227	129	2.576417
24	35	28	39	322	379	2.785664
128	139	133	144	248	395	1.997362
129	140	134	145	204	391	2.478372
130	141	135	146	204	323	2.129611
131	142	136	147	92	40	1.759016
132	143	137	148	183	163	2.424667
170	181	174	185	351	185	2.540310
176	187	180	191	238	333	3.196294
180	191	184	195	23	220	1.761846
