start1	end1	start2	end2	frag1	frag2	frag_rmsd
20	31	15	26	162	373	2.879983
36	47	31	42	161	338	2.232406
46	57	41	52	315	388	2.940666
49	60	44	55	165	140	2.870630
50	61	45	56	370	334	2.333925
