start1	end1	start2	end2	frag1	frag2	frag_rmsd
88	99	87	98	329	38	2.609070
96	107	95	106	45	353	1.252194
98	109	97	108	338	180	1.985909
101	112	100	111	6	14	3.100379
