start1	end1	start2	end2	frag1	frag2	frag_rmsd
3	14	4	15	382	30	3.419959
10	21	11	22	331	157	2.546407
14	25	15	26	357	248	1.838513
24	35	25	36	367	306	3.174957
25	36	26	37	256	156	2.527395
31	42	32	43	51	141	1.428009
33	44	34	45	111	4	0.994513
50	61	51	62	246	162	2.344445
91	102	96	107	16	184	1.241286
93	104	98	109	196	27	1.059651
116	127	121	132	114	374	1.630636
252	263	228	239	106	360	2.403800
254	265	230	241	313	360	3.213606
286	297	279	290	45	147	1.713468
287	298	280	291	4	23	1.335798
