start1	end1	start2	end2	frag1	frag2	frag_rmsd
38	49	38	49	329	122	1.972439
61	72	61	72	128	82	2.999468
97	108	97	108	77	90	3.129594
98	109	98	109	79	175	3.008817
109	120	109	120	37	44	1.535786
110	121	110	121	219	224	2.310836
112	123	112	123	55	124	3.298000
