start1	end1	start2	end2	frag1	frag2	frag_rmsd
237	248	288	299	114	215	2.396636
239	250	290	301	58	334	2.620803
242	253	293	304	85	214	2.252746
243	254	294	305	354	358	3.071152
245	256	296	307	367	59	2.032515
