start1	end1	start2	end2	frag1	frag2	frag_rmsd
12	23	12	23	0	16	0.775259
53	64	55	66	223	371	1.695846
74	85	76	87	232	283	2.925845
85	96	87	98	127	0	0.813264
114	125	119	130	98	222	2.557250
