start1	end1	start2	end2	frag1	frag2	frag_rmsd
33	44	33	44	126	322	2.289807
85	96	85	96	94	245	1.654793
143	154	143	154	30	230	1.728147
147	158	147	158	156	201	3.032845
157	168	157	168	386	162	1.905714
167	178	167	178	338	166	1.595083
175	186	175	186	71	67	2.839506
213	224	213	224	366	232	2.061297
244	255	244	255	345	31	1.281039
