start1	end1	start2	end2	frag1	frag2	frag_rmsd
4	15	4	15	176	374	2.511074
20	31	20	31	0	16	0.775259
21	32	21	32	0	16	0.775259
109	120	94	105	234	22	2.465340
167	178	133	144	223	147	1.957202
259	270	175	186	196	0	1.046929
296	307	205	216	357	322	2.219787
317	328	228	239	363	174	2.440306
323	334	234	245	58	192	1.504351
351	362	260	271	51	141	1.428009
395	406	287	298	343	374	3.146685
411	422	303	314	16	49	2.075512
418	429	310	321	35	127	1.273794
