start1	end1	start2	end2	frag1	frag2	frag_rmsd
33	44	32	43	2	343	1.502106
67	78	63	74	239	299	3.351538
69	80	65	76	119	139	2.402640
89	100	84	95	232	93	2.165914
90	101	85	96	103	34	3.089630
91	102	86	97	160	337	3.041217
95	106	90	101	326	372	2.686344
