start1	end1	start2	end2	frag1	frag2	frag_rmsd
49	60	27	38	282	352	3.082572
109	120	86	97	375	393	2.214683
112	123	89	100	57	151	2.517792
121	132	98	109	386	320	2.245005
176	187	153	164	15	289	3.117307
177	188	154	165	371	216	1.502072
179	190	156	167	161	77	2.629786
180	191	157	168	321	287	2.655492
185	196	162	173	165	331	2.338736
