start1	end1	start2	end2	frag1	frag2	frag_rmsd
77	88	58	69	329	328	2.430959
107	118	86	97	69	100	1.602674
123	134	102	113	16	0	0.775259
133	144	112	123	256	144	3.254147
134	145	113	124	98	256	2.625404
135	146	114	125	165	315	2.306175
139	150	118	129	391	143	2.707484
184	195	164	175	111	217	1.647502
185	196	165	176	35	217	1.424302
186	197	166	177	368	118	1.491748
198	209	179	190	0	127	0.813264
201	212	182	193	87	37	1.559357
202	213	183	194	110	260	1.495754
203	214	184	195	279	49	1.758674
204	215	185	196	228	52	1.946289
206	217	187	198	131	44	3.295067
207	218	188	199	369	376	2.558911
208	219	189	200	394	396	2.782183
209	220	190	201	123	223	1.416700
210	221	191	202	23	224	2.008855
211	222	192	203	273	184	1.674643
250	261	233	244	92	38	2.065054
256	267	239	250	305	268	3.681377
257	268	240	251	136	347	2.515518
266	277	249	260	338	180	1.985909
280	291	262	273	268	112	2.830405
