start1	end1	start2	end2	frag1	frag2	frag_rmsd
58	69	51	62	33	277	2.543323
71	82	64	75	127	0	0.813264
