start1	end1	start2	end2	frag1	frag2	frag_rmsd
87	98	81	92	181	269	3.376943
90	101	84	95	156	256	2.527395
92	103	86	97	152	112	2.996887
96	107	90	101	97	253	2.618413
