start1	end1	start2	end2	frag1	frag2	frag_rmsd
16	27	9	20	196	27	1.059651
20	31	13	24	27	0	0.813956
26	37	19	30	0	196	1.046929
53	64	50	61	0	27	0.813956
54	65	51	62	27	0	0.813956
55	66	52	63	0	27	0.813956
