start1	end1	start2	end2	frag1	frag2	frag_rmsd
4	15	3	14	247	246	2.037135
5	16	4	15	213	92	2.705920
6	17	5	16	155	14	2.198745
7	18	6	17	152	189	3.017370
8	19	7	18	136	236	2.411020
10	21	9	20	9	231	3.150263
11	22	10	21	129	326	2.641751
12	23	11	22	396	371	2.117919
13	24	12	23	45	353	1.252194
20	31	19	30	16	0	0.775259
21	32	20	31	87	149	1.474472
30	41	29	40	313	389	2.390236
36	47	35	46	133	285	1.901995
39	50	38	49	130	358	2.067353
43	54	42	53	396	65	2.073749
44	55	43	54	223	371	1.695846
46	57	45	56	24	18	1.529172
58	69	57	68	322	61	1.532523
59	70	58	69	126	389	2.201165
