start1	end1	start2	end2	frag1	frag2	frag_rmsd
20	31	19	30	129	65	2.521098
43	54	42	53	91	151	2.263245
51	62	50	61	314	120	2.716567
55	66	54	65	61	313	2.398675
144	155	141	152	111	4	0.994513
