start1	end1	start2	end2	frag1	frag2	frag_rmsd
12	23	13	24	0	16	0.775259
32	43	33	44	322	42	2.200412
65	76	66	77	392	322	2.364933
66	77	67	78	389	126	2.201165
67	78	68	79	374	258	2.198304
70	81	71	82	148	225	2.702154
79	90	80	91	199	286	2.983576
81	92	82	93	5	43	3.229069
91	102	92	103	377	100	1.241297
99	110	100	111	84	126	1.909341
100	111	101	112	360	322	1.453720
133	144	134	145	397	76	3.060985
134	145	135	146	289	291	3.130604
135	146	136	147	264	282	2.783197
152	163	157	168	162	374	2.026859
155	166	160	171	141	51	1.428009
182	193	187	198	130	358	2.067353
185	196	190	201	376	340	2.433654
210	221	215	226	328	2	1.547551
218	229	223	234	245	368	1.282466
220	231	225	236	170	287	1.992976
226	237	231	242	39	97	2.692864
291	302	296	307	35	0	1.003458
