start1	end1	start2	end2	frag1	frag2	frag_rmsd
29	40	62	73	293	204	2.075474
33	44	66	77	129	276	2.280948
34	45	67	78	347	65	2.308913
53	64	86	97	183	54	2.143825
97	108	129	140	0	16	0.775259
145	156	175	186	0	16	0.775259
147	158	177	188	16	0	0.775259
