start1	end1	start2	end2	frag1	frag2	frag_rmsd
23	34	22	33	372	273	2.799160
25	36	24	35	43	326	2.228664
42	53	41	52	196	27	1.059651
55	66	54	65	49	170	2.018496
56	67	55	66	37	87	1.559357
57	68	56	67	317	338	2.297368
63	74	62	73	4	111	0.994513
80	91	79	90	295	170	2.405701
