start1	end1	start2	end2	frag1	frag2	frag_rmsd
14	25	14	25	107	356	1.430031
27	38	26	37	151	91	2.263245
52	63	54	65	389	61	1.926015
54	65	56	67	204	391	2.478372
56	67	58	69	138	364	3.034605
57	68	59	70	32	86	3.279815
58	69	60	71	177	345	2.480500
59	70	61	72	388	22	2.479205
60	71	62	73	263	388	3.405484
62	73	64	75	208	165	3.080046
