start1	end1	start2	end2	frag1	frag2	frag_rmsd
17	28	16	27	360	126	2.237959
18	29	17	28	61	360	1.959112
20	31	19	30	215	258	2.499323
74	85	78	89	191	386	2.742571
79	90	83	94	255	388	3.189637
81	92	85	96	208	362	2.774113
83	94	87	98	57	392	2.274546
