start1	end1	start2	end2	frag1	frag2	frag_rmsd
75	86	78	89	198	211	2.273368
101	112	102	113	210	266	2.948233
130	141	132	143	174	331	1.879546
135	146	137	148	28	293	2.419510
139	150	141	152	281	274	2.910238
167	178	168	179	138	274	2.648986
246	257	242	253	161	79	2.349571
286	297	256	267	223	45	1.647681
287	298	257	268	111	4	0.994513
