start1	end1	start2	end2	frag1	frag2	frag_rmsd
26	37	25	36	127	368	1.781241
44	55	43	54	375	365	1.934439
46	57	45	56	272	218	2.652558
85	96	84	95	60	127	1.135321
90	101	89	100	175	76	3.069916
94	105	93	104	164	189	3.769417
