start1	end1	start2	end2	frag1	frag2	frag_rmsd
5	16	7	18	0	127	0.813264
28	39	26	37	126	360	2.237959
40	51	38	49	95	265	2.317507
99	110	95	106	360	126	2.237959
