start1	end1	start2	end2	frag1	frag2	frag_rmsd
32	43	46	57	329	323	3.000292
37	48	51	62	363	365	2.484110
38	49	52	63	302	133	2.836895
66	77	117	128	361	234	3.173908
