start1	end1	start2	end2	frag1	frag2	frag_rmsd
107	118	68	79	229	163	3.007538
109	120	70	81	331	298	2.671131
111	122	72	83	246	247	2.037135
115	126	76	87	274	364	1.999522
