start1	end1	start2	end2	frag1	frag2	frag_rmsd
1	12	1	12	392	126	1.978049
27	38	27	38	7	386	2.587679
58	69	58	69	322	360	1.453720
68	79	68	79	256	361	2.627081
83	94	83	94	158	198	2.252765
101	112	101	112	3	272	2.548933
143	154	143	154	10	40	1.570300
176	187	176	187	122	266	2.336820
204	215	204	215	3	91	2.746684
206	217	206	217	126	395	1.849402
238	249	238	249	103	385	2.712681
271	282	275	286	360	322	1.453720
279	290	283	294	285	133	1.901995
