start1	end1	start2	end2	frag1	frag2	frag_rmsd
54	65	54	65	45	123	1.488609
60	71	60	71	16	0	0.775259
71	82	71	82	132	57	1.551260
72	83	72	83	132	356	2.067486
75	86	75	86	258	374	2.198304
76	87	76	87	297	80	2.266320
106	117	108	119	213	194	2.844009
117	128	119	130	180	18	1.503133
