start1	end1	start2	end2	frag1	frag2	frag_rmsd
14	25	15	26	39	331	2.341424
18	29	19	30	270	61	2.370076
23	34	24	35	195	276	1.460134
59	70	67	78	274	358	2.773524
64	75	72	83	4	111	0.994513
80	91	88	99	327	304	3.089213
82	93	90	101	156	385	2.695774
88	99	96	107	40	357	2.500053
96	107	104	115	248	392	2.328470
104	115	112	123	132	84	2.205557
105	116	113	124	322	126	2.289807
107	118	115	126	395	42	2.168523
109	120	117	128	203	343	3.025640
114	125	122	133	367	200	3.473017
118	129	126	137	395	91	2.501168
150	161	158	169	153	364	2.657412
170	181	178	189	16	0	0.775259
186	197	194	205	33	311	2.256244
194	205	202	213	357	198	2.385976
221	232	229	240	44	238	2.179609
236	247	244	255	95	66	1.609657
246	257	254	265	133	174	1.804231
251	262	259	270	117	358	2.136260
292	303	300	311	147	45	1.713468
298	309	306	317	0	16	0.775259
309	320	317	328	57	208	2.152129
346	357	352	363	194	213	2.844009
355	366	361	372	0	127	0.813264
363	374	369	380	3	253	3.152019
364	375	370	381	173	398	2.666717
369	380	375	386	276	195	1.460134
