start1	end1	start2	end2	frag1	frag2	frag_rmsd
15	26	22	33	37	44	1.535786
51	62	58	69	395	151	2.369932
53	64	60	71	210	28	2.476754
123	134	137	148	223	281	2.033707
146	157	160	171	16	184	1.241286
155	166	169	180	265	21	2.183885
162	173	176	187	138	150	2.867148
200	211	214	225	0	127	0.813264
201	212	215	226	188	144	1.413047
208	219	222	233	57	54	2.433783
210	221	224	235	74	61	2.933300
214	225	228	239	85	78	2.925317
239	250	248	259	392	203	2.667348
240	251	249	260	297	211	2.408413
