start1	end1	start2	end2	frag1	frag2	frag_rmsd
42	53	39	50	140	58	2.200384
48	59	45	56	59	306	2.781003
60	71	57	68	198	395	2.491422
62	73	59	70	392	379	2.375143
63	74	60	71	297	80	2.266320
91	102	88	99	54	395	2.541594
95	106	92	103	126	167	2.697257
102	113	99	110	331	253	1.801250
128	139	125	136	328	309	2.369121
130	141	127	138	214	275	3.077813
132	143	129	140	48	6	2.130417
136	147	133	144	356	57	1.996521
139	150	136	147	167	28	2.361477
162	173	159	170	149	368	1.387412
163	174	160	171	110	260	1.495754
167	178	164	175	384	75	2.525540
170	181	167	178	342	14	2.230074
172	183	169	180	364	274	1.999522
195	206	192	203	222	21	2.522860
204	215	201	212	9	321	3.472688
213	224	210	221	391	248	2.056378
217	228	214	225	54	253	1.914846
225	236	222	233	98	393	2.507349
249	260	246	257	278	372	2.928331
255	266	252	263	35	0	1.003458
280	291	277	288	202	292	2.911072
285	296	282	293	196	121	1.241736
295	306	292	303	138	86	2.641346
307	318	304	315	396	280	2.777156
313	324	310	321	262	189	1.671553
316	327	313	324	150	20	2.215790
322	333	319	330	322	84	1.955336
324	335	321	332	162	28	1.560721
329	340	326	337	264	284	2.027927
344	355	341	352	144	368	1.335465
402	413	401	412	80	74	2.193283
404	415	403	414	351	176	2.600279
413	424	412	423	240	16	1.850213
441	452	439	450	126	360	2.237959
471	482	469	480	123	4	1.970873
487	498	485	496	0	35	1.003458
522	533	520	531	16	121	1.372802
527	538	525	536	37	196	1.126710
557	568	555	566	22	44	2.734853
558	569	556	567	111	147	1.632036
598	609	596	607	257	19	3.162339
601	612	599	610	358	112	2.837148
693	704	691	702	350	273	1.848315
712	723	710	721	102	358	2.219381
713	724	711	722	275	292	2.022552
754	765	752	763	146	64	1.629420
771	782	769	780	237	195	2.078780
772	783	770	781	141	227	1.668724
828	839	825	836	29	247	2.961390
