start1	end1	start2	end2	frag1	frag2	frag_rmsd
26	37	26	37	30	133	3.311750
29	40	29	40	296	211	2.885790
53	64	53	64	393	375	2.214683
71	82	71	82	131	195	3.375561
79	90	79	90	258	357	1.886183
81	92	81	92	318	357	2.179797
89	100	89	100	157	302	1.373132
106	117	106	117	221	146	2.415835
143	154	143	154	370	334	2.333925
