start1	end1	start2	end2	frag1	frag2	frag_rmsd
23	34	26	37	162	7	2.741569
30	41	33	44	395	248	1.997362
36	47	39	50	361	394	3.656721
45	56	48	59	377	168	1.816464
46	57	49	60	307	71	2.794466
68	79	73	84	115	296	3.706191
95	106	97	108	57	302	2.286634
142	153	147	158	14	301	2.582257
143	154	148	159	302	174	2.621173
193	204	207	218	342	301	2.307304
194	205	208	219	302	331	2.430370
198	209	212	223	61	322	1.532523
214	225	228	239	39	182	2.830746
215	226	229	240	263	349	2.146382
216	227	230	241	302	205	2.722936
224	235	238	249	132	357	1.964894
