start1	end1	start2	end2	frag1	frag2	frag_rmsd
67	78	82	93	128	300	3.067607
85	96	100	111	0	35	1.003458
127	138	144	155	0	127	0.813264
146	157	175	186	70	4	1.352136
153	164	182	193	0	5	1.445826
164	175	193	204	95	141	1.602886
179	190	208	219	75	366	2.604008
181	192	210	221	336	102	2.764402
182	193	211	222	304	336	2.812236
184	195	213	224	288	34	2.778345
187	198	216	227	122	337	3.131304
191	202	220	231	363	133	1.994719
212	223	241	252	0	127	0.813264
216	227	245	256	127	273	1.542975
219	230	248	259	188	149	1.382009
222	233	251	262	321	139	1.880186
223	234	252	263	93	232	2.165914
224	235	253	264	254	34	2.752501
228	239	257	268	43	1	2.128343
232	243	261	272	27	184	1.585485
233	244	262	273	0	184	1.197355
236	247	265	276	0	35	1.003458
244	255	273	284	110	264	2.589130
246	257	275	286	228	317	2.344245
247	258	276	287	385	277	2.774178
259	270	288	299	87	11	3.299294
273	284	305	316	121	0	0.992640
274	285	306	317	121	0	0.992640
275	286	307	318	121	0	0.992640
278	289	310	321	0	127	0.813264
279	290	311	322	368	149	1.387412
310	321	369	380	392	126	1.978049
333	344	394	405	162	7	2.741569
340	351	401	412	395	248	1.997362
346	357	407	418	361	394	3.656721
355	366	416	427	377	168	1.816464
356	367	417	428	307	71	2.794466
378	389	441	452	115	296	3.706191
405	416	465	476	57	302	2.286634
452	463	515	526	14	301	2.582257
453	464	516	527	302	174	2.621173
503	514	575	586	342	301	2.307304
504	515	576	587	302	331	2.430370
508	519	580	591	61	322	1.532523
524	535	596	607	39	182	2.830746
525	536	597	608	263	349	2.146382
526	537	598	609	302	205	2.722936
534	545	606	617	132	357	1.964894
596	607	666	677	117	213	2.137352
597	608	667	678	361	112	3.296315
