start1	end1	start2	end2	frag1	frag2	frag_rmsd
101	112	142	153	297	348	2.452514
126	137	169	180	322	356	2.017159
136	147	179	190	367	365	3.314064
157	168	201	212	288	33	1.743390
177	188	221	232	141	65	2.029741
221	232	267	278	354	274	2.423985
