start1	end1	start2	end2	frag1	frag2	frag_rmsd
22	33	22	33	392	360	2.657878
50	61	51	62	33	104	2.171568
64	75	66	77	180	21	2.867789
89	100	93	104	360	84	1.521872
98	109	102	113	289	67	3.500050
114	125	119	130	279	176	3.005703
127	138	132	143	332	287	3.495987
128	139	133	144	131	50	2.684386
135	146	140	151	126	61	2.069075
136	147	141	152	360	126	2.237959
