start1	end1	start2	end2	frag1	frag2	frag_rmsd
7	18	3	14	20	150	2.215790
16	27	12	23	236	56	2.123746
21	32	17	28	79	359	2.929854
25	36	21	32	9	123	3.493968
89	100	85	96	172	385	3.618329
91	102	87	98	117	78	2.088043
96	107	92	103	107	91	2.649081
114	125	110	121	353	45	1.252194
117	128	113	124	233	380	2.132465
118	129	114	125	243	75	1.677825
121	132	117	128	369	194	1.775960
122	133	118	129	347	227	2.229226
123	134	119	130	147	223	1.957202
169	180	165	176	48	171	2.554755
172	183	168	179	163	8	2.633204
175	186	171	182	372	202	2.168379
179	190	175	186	48	243	3.458659
184	195	180	191	333	347	2.707234
186	197	182	193	315	362	1.653795
191	202	187	198	346	31	1.101450
238	249	234	245	161	271	1.954501
274	285	270	281	93	339	3.393461
321	332	317	328	125	23	2.388269
377	388	373	384	189	267	3.781739
382	393	378	389	66	95	1.609657
383	394	379	390	147	45	1.713468
392	403	388	399	110	251	1.356883
397	408	393	404	214	364	3.076702
425	436	421	432	27	111	1.266595
426	437	422	433	0	27	0.813956
