start1	end1	start2	end2	frag1	frag2	frag_rmsd
48	59	48	59	75	52	2.667684
49	60	49	60	6	317	2.803946
51	62	51	62	21	93	3.008583
53	64	53	64	143	178	1.650270
54	65	54	65	151	318	2.401869
55	66	55	66	316	348	2.823182
57	68	57	68	309	92	2.978946
58	69	58	69	192	78	2.516625
