start1	end1	start2	end2	frag1	frag2	frag_rmsd
64	75	63	74	252	254	2.346974
70	81	69	80	226	91	2.048829
71	82	70	81	151	318	2.401869
72	83	71	82	356	106	3.003070
73	84	72	83	61	258	1.652270
98	109	94	105	317	175	3.223471
144	155	140	151	138	292	2.059222
160	171	156	167	331	183	2.314556
182	193	180	191	214	21	3.389406
184	195	182	193	325	226	2.023575
190	201	188	199	132	322	1.945705
