start1	end1	start2	end2	frag1	frag2	frag_rmsd
19	30	19	30	0	127	0.813264
22	33	22	33	368	188	1.404624
23	34	23	34	18	338	1.332509
27	38	27	38	331	253	1.801250
28	39	28	39	302	91	2.022399
45	56	45	56	58	207	2.282401
49	60	49	60	337	160	3.041217
55	66	55	66	16	0	0.775259
