start1	end1	start2	end2	frag1	frag2	frag_rmsd
6	17	22	33	325	52	3.063108
29	40	42	53	227	141	1.668724
54	65	64	75	127	121	1.288055
108	119	125	136	27	111	1.266595
114	125	131	142	319	49	2.099008
122	133	139	150	117	138	3.037470
123	134	140	151	358	82	3.114150
129	140	146	157	114	246	2.430257
131	142	148	159	346	345	1.850387
134	145	151	162	119	238	2.352658
188	199	205	216	315	319	1.797098
264	275	281	292	35	0	1.003458
