start1	end1	start2	end2	frag1	frag2	frag_rmsd
3	14	13	24	360	132	2.169218
5	16	15	26	61	322	1.532523
6	17	16	27	313	389	2.390236
7	18	17	28	215	28	2.173200
52	63	59	70	277	104	2.095889
114	125	145	156	281	45	1.651716
116	127	147	158	240	16	1.850213
