start1	end1	start2	end2	frag1	frag2	frag_rmsd
5	16	8	19	371	51	1.963017
7	18	10	21	4	23	1.335798
13	24	16	27	35	0	1.003458
26	37	29	40	149	368	1.387412
