start1	end1	start2	end2	frag1	frag2	frag_rmsd
32	43	31	42	54	80	2.926915
41	52	40	51	348	74	2.456740
42	53	41	52	374	162	2.026859
56	67	55	66	365	375	1.934439
57	68	56	67	133	363	1.994719
65	76	64	75	40	92	1.759016
93	104	93	104	73	116	2.465220
