start1	end1	start2	end2	frag1	frag2	frag_rmsd
48	59	31	42	323	204	2.129611
52	63	35	46	367	390	3.609774
67	78	51	62	38	328	2.338801
90	101	74	85	268	382	3.248898
111	122	95	106	348	313	2.381382
112	123	96	107	329	73	2.227621
125	136	109	120	242	8	2.372447
126	137	110	121	8	372	3.438036
166	177	150	161	174	302	2.621173
206	217	189	200	121	0	0.992640
249	260	232	243	126	61	2.069075
258	269	241	252	69	12	2.012075
309	320	292	303	206	136	1.496459
337	348	320	331	16	0	0.775259
344	355	327	338	149	60	1.545532
361	372	339	350	386	309	2.239280
443	454	415	426	61	357	2.416361
444	455	416	427	322	126	2.289807
453	464	425	436	261	268	2.624343
524	535	494	505	380	79	1.921925
525	536	495	506	88	139	1.759590
527	538	497	508	254	171	2.333644
567	578	543	554	3	57	2.271934
574	585	550	561	111	193	2.592531
576	587	552	563	188	87	1.255021
578	589	554	565	377	168	1.816464
586	597	562	573	216	45	1.903162
648	659	611	622	239	28	2.289206
652	663	615	626	280	112	2.702842
659	670	622	633	225	125	2.024259
663	674	626	637	27	127	1.019607
664	675	627	638	0	16	0.775259
