start1	end1	start2	end2	frag1	frag2	frag_rmsd
25	36	22	33	384	372	3.586228
30	41	27	38	121	0	0.992640
32	43	29	40	0	16	0.775259
48	59	44	55	95	51	1.563872
54	65	50	61	127	149	1.616553
62	73	58	69	179	144	2.704096
71	82	67	78	0	121	0.992640
125	136	141	152	57	395	2.786043
142	153	158	169	97	282	3.967544
