start1	end1	start2	end2	frag1	frag2	frag_rmsd
42	53	4	15	187	167	2.121763
94	105	56	67	351	28	2.541163
111	122	73	84	243	101	2.551150
113	124	75	86	237	32	2.615781
118	129	80	91	37	44	1.535786
119	130	81	92	144	325	3.094241
120	131	82	93	17	24	1.630905
121	132	83	94	315	272	2.717818
199	210	161	172	121	216	1.107965
219	230	181	192	356	360	2.206112
263	274	216	227	392	143	2.200380
