start1	end1	start2	end2	frag1	frag2	frag_rmsd
9	20	35	46	82	292	2.425930
18	29	44	55	260	16	1.076875
20	31	46	57	87	37	1.559357
21	32	47	58	338	144	2.236887
22	33	48	59	41	284	2.164096
23	34	49	60	33	104	2.171568
24	35	50	61	361	232	2.306906
25	36	51	62	363	164	1.880850
56	67	87	98	248	357	1.838513
57	68	88	99	178	379	1.774921
58	69	89	100	204	383	2.676536
59	70	90	101	68	204	1.976625
65	76	96	107	4	123	1.970873
85	96	119	130	22	358	2.875909
90	101	124	135	147	111	1.632036
92	103	126	137	27	0	0.813956
