start1	end1	start2	end2	frag1	frag2	frag_rmsd
37	48	43	54	29	182	1.423903
64	75	69	80	185	351	2.540310
74	85	79	90	167	374	2.251345
79	90	84	95	398	173	2.666717
94	105	99	110	323	29	2.895201
104	115	109	120	61	158	2.386508
114	125	119	130	360	322	1.453720
