start1	end1	start2	end2	frag1	frag2	frag_rmsd
8	19	9	20	174	314	3.099533
14	25	15	26	2	86	1.884148
