start1	end1	start2	end2	frag1	frag2	frag_rmsd
22	33	25	36	216	371	1.502072
33	44	36	47	0	16	0.775259
