start1	end1	start2	end2	frag1	frag2	frag_rmsd
19	30	19	30	17	60	2.255803
27	38	27	38	362	164	2.884091
31	42	31	42	316	158	2.680885
32	43	32	43	357	395	2.192089
36	47	36	47	322	356	2.017159
38	49	38	49	313	258	2.044899
71	82	69	80	144	188	1.413047
75	86	73	84	97	256	3.276438
77	88	75	86	334	208	2.931144
86	97	84	95	21	46	2.987258
103	114	101	112	111	23	1.303435
111	122	109	120	117	83	1.919939
147	158	146	157	392	178	1.899502
148	159	147	158	356	57	1.996521
149	160	148	159	374	323	2.760700
150	161	149	160	246	28	2.083931
172	183	171	182	379	140	3.065725
174	185	173	184	218	143	2.049999
175	186	174	185	187	318	2.503665
