start1	end1	start2	end2	frag1	frag2	frag_rmsd
27	38	27	38	136	282	3.223454
28	39	28	39	21	177	1.869818
70	81	70	81	35	0	1.003458
85	96	85	96	167	391	2.154784
87	98	87	98	328	7	1.961591
91	102	91	102	223	123	1.416700
