start1	end1	start2	end2	frag1	frag2	frag_rmsd
32	43	8	19	393	314	2.541582
37	48	13	24	2	86	1.884148
44	55	20	31	288	33	1.743390
49	60	25	36	141	95	1.602886
50	61	26	37	388	45	1.950228
51	62	27	38	179	144	2.704096
56	67	32	43	31	257	1.958695
61	72	37	48	103	82	2.827219
104	115	80	91	357	132	1.964894
