start1	end1	start2	end2	frag1	frag2	frag_rmsd
12	23	6	17	246	323	2.173724
14	25	8	19	358	13	2.540778
15	26	9	20	378	117	2.521934
16	27	10	21	229	159	3.767443
17	28	11	22	71	218	2.918654
20	31	14	25	248	334	2.628843
23	34	17	28	316	389	2.563569
24	35	18	29	374	158	1.692551
28	39	22	33	128	375	2.998520
82	93	76	87	91	107	2.649081
