start1	end1	start2	end2	frag1	frag2	frag_rmsd
14	25	14	25	349	263	2.146382
22	33	22	33	331	253	1.801250
23	34	23	34	92	331	3.167743
25	36	25	36	204	379	2.231430
27	38	27	38	210	352	2.751478
50	61	50	61	236	364	2.630626
52	63	52	63	141	85	2.594244
68	79	68	79	152	155	3.294148
90	101	90	101	58	7	2.590663
