start1	end1	start2	end2	frag1	frag2	frag_rmsd
29	40	22	33	85	134	2.879175
68	79	52	63	117	20	2.395954
70	81	54	65	128	375	2.998520
101	112	87	98	57	107	2.508886
106	117	92	103	322	389	2.292898
157	168	140	151	3	29	3.056839
179	190	163	174	213	146	2.652739
182	193	166	177	32	19	3.330046
185	196	169	180	255	183	1.975114
197	208	181	192	322	356	2.017159
200	211	184	195	258	61	1.652270
203	214	187	198	358	38	2.528073
223	234	269	280	342	97	2.606591
