start1	end1	start2	end2	frag1	frag2	frag_rmsd
52	63	31	42	228	52	1.946289
61	72	40	51	9	269	2.802775
68	79	47	58	57	310	2.973413
106	117	85	96	0	16	0.775259
108	119	87	98	368	149	1.387412
117	128	96	107	18	271	1.069917
137	148	116	127	297	313	1.957711
139	150	118	129	266	122	2.336820
144	155	123	134	363	331	2.590972
153	164	132	143	239	293	2.280486
182	193	161	172	277	104	2.095889
185	196	164	175	333	230	2.013015
189	200	168	179	169	325	2.660518
193	204	172	183	193	153	1.727407
195	206	174	185	95	141	1.602886
197	208	176	187	4	23	1.335798
