start1	end1	start2	end2	frag1	frag2	frag_rmsd
29	40	29	40	313	389	2.390236
31	42	31	42	13	266	1.425161
50	61	50	61	220	341	2.084164
61	72	61	72	127	0	0.813264
90	101	90	101	391	383	2.783941
