start1	end1	start2	end2	frag1	frag2	frag_rmsd
30	41	27	38	345	224	2.212150
35	46	32	43	127	0	0.813264
41	52	38	49	363	164	1.880850
42	53	39	50	91	302	2.022399
51	62	48	59	347	65	2.308913
59	70	56	67	321	33	2.658565
