start1	end1	start2	end2	frag1	frag2	frag_rmsd
68	79	57	68	379	151	2.133956
69	80	58	69	356	173	3.062883
71	82	60	71	395	343	3.599987
