start1	end1	start2	end2	frag1	frag2	frag_rmsd
12	23	3	14	126	42	2.008935
49	60	40	51	247	38	2.150232
57	68	48	59	356	132	2.067486
66	77	57	68	374	28	1.355458
84	95	75	86	161	256	2.832333
105	116	96	107	355	361	2.615853
134	145	125	136	104	78	3.449849
139	150	130	141	158	167	1.812316
148	159	139	150	345	31	1.281039
150	161	141	152	199	388	3.430746
154	165	145	156	363	97	1.939160
155	166	146	157	173	363	3.695638
159	170	150	161	198	258	1.817841
172	183	163	174	185	3	2.630626
201	212	192	203	35	0	1.003458
207	218	198	209	290	260	3.454283
231	242	222	233	198	258	1.817841
240	251	231	242	322	126	2.289807
301	312	292	303	6	366	1.707860
302	313	293	304	250	385	3.261729
343	354	334	345	95	81	1.894859
352	363	343	354	389	61	1.926015
376	387	367	378	388	223	2.599823
377	388	368	379	18	267	2.129569
378	389	369	380	168	69	1.769267
381	392	372	383	219	273	2.290114
383	394	374	385	89	135	2.463317
385	396	376	387	169	244	2.161606
393	404	384	395	98	195	3.388451
395	406	386	397	172	11	2.939472
405	416	396	407	61	360	1.959112
408	419	399	410	187	167	2.121763
