start1	end1	start2	end2	frag1	frag2	frag_rmsd
9	20	9	20	235	277	1.734496
26	37	26	37	16	260	1.076875
119	130	120	131	15	95	1.966391
146	157	147	158	308	309	2.317700
