start1	end1	start2	end2	frag1	frag2	frag_rmsd
12	23	12	23	369	224	2.917059
13	24	13	24	227	65	2.070036
15	26	15	26	4	111	0.994513
26	37	26	37	174	54	2.729182
30	41	30	41	73	122	2.767988
37	48	37	48	57	356	1.996521
