start1	end1	start2	end2	frag1	frag2	frag_rmsd
6	17	6	17	107	57	2.508886
11	22	11	22	360	322	1.453720
29	40	34	45	91	392	2.022503
32	43	37	48	360	322	1.453720
55	66	60	71	61	374	2.524894
74	85	81	92	126	84	1.909341
79	90	86	97	83	20	2.024528
82	93	89	100	133	314	2.775255
83	94	90	101	157	91	2.006819
116	127	122	133	336	9	3.660687
117	128	123	134	321	305	4.147515
119	130	125	136	252	269	3.303428
124	135	130	141	370	229	2.552060
126	137	132	143	54	91	2.270861
145	156	151	162	61	322	1.532523
160	171	166	177	151	140	2.863118
161	172	167	178	54	253	1.914846
163	174	169	180	395	392	1.956324
192	203	196	207	267	282	2.231416
193	204	197	208	79	77	2.104037
196	207	200	211	34	6	2.330814
197	208	201	212	171	48	2.554755
205	216	209	220	360	126	2.237959
206	217	210	221	322	360	1.453720
209	220	213	224	126	322	2.289807
210	221	214	225	322	61	1.532523
224	235	228	239	167	246	2.265205
293	304	303	314	298	91	2.033592
304	315	314	325	40	263	2.668788
311	322	321	332	3	97	2.451993
312	323	322	333	3	173	2.825676
315	326	325	336	392	395	1.956324
