start1	end1	start2	end2	frag1	frag2	frag_rmsd
51	62	47	58	131	192	2.850174
74	85	70	81	151	387	3.087795
92	103	88	99	392	395	1.956324
120	131	116	127	215	351	2.640680
121	132	117	128	313	207	3.584592
123	134	119	130	266	214	3.562657
125	136	121	132	82	103	2.827219
128	139	124	135	226	67	2.858493
148	159	143	154	395	357	2.192089
181	192	181	192	117	112	2.722193
257	268	257	268	384	328	2.693983
