start1	end1	start2	end2	frag1	frag2	frag_rmsd
6	17	6	17	138	292	2.059222
7	18	7	18	276	195	1.460134
41	52	44	55	42	395	2.168523
71	82	76	87	164	355	2.821670
74	85	79	90	322	132	1.945705
123	134	130	141	152	274	2.290286
126	137	133	144	227	141	1.668724
