start1	end1	start2	end2	frag1	frag2	frag_rmsd
21	32	21	32	70	4	1.352136
32	43	32	43	191	282	3.049172
66	77	66	77	4	169	1.747250
68	79	68	79	184	170	1.844017
69	80	69	80	196	44	1.689019
73	84	73	84	366	6	1.707860
96	107	96	107	209	146	2.713352
107	118	107	118	358	82	3.114150
112	123	112	123	199	282	2.668389
115	126	115	126	232	6	1.900358
