start1	end1	start2	end2	frag1	frag2	frag_rmsd
11	22	8	19	16	0	0.775259
17	28	14	25	385	280	2.491078
21	32	18	29	45	394	1.792183
23	34	20	31	188	144	1.413047
31	42	28	39	141	95	1.602886
