start1	end1	start2	end2	frag1	frag2	frag_rmsd
126	137	119	130	0	27	0.813956
137	148	130	141	0	16	0.775259
142	153	135	146	144	166	1.768288
155	166	148	159	121	0	0.992640
