start1	end1	start2	end2	frag1	frag2	frag_rmsd
8	19	10	21	111	4	0.994513
69	80	68	79	253	331	1.801250
94	105	93	104	380	69	1.745337
