start1	end1	start2	end2	frag1	frag2	frag_rmsd
1	12	7	18	126	357	2.400813
37	48	43	54	323	258	2.705881
53	64	59	70	149	127	1.616553
