start1	end1	start2	end2	frag1	frag2	frag_rmsd
39	50	39	50	247	38	2.150232
42	53	42	53	342	364	3.197909
43	54	43	54	247	19	2.288725
46	57	46	57	112	14	2.476924
67	78	66	77	179	364	3.180896
