start1	end1	start2	end2	frag1	frag2	frag_rmsd
4	15	5	16	391	357	1.962426
10	21	11	22	268	152	2.157053
22	33	23	34	0	16	0.775259
29	40	30	41	222	174	2.234287
81	92	82	93	326	43	2.228664
