start1	end1	start2	end2	frag1	frag2	frag_rmsd
1	12	1	12	292	213	2.564850
3	14	3	14	227	268	2.475782
51	62	51	62	140	19	3.175322
52	63	52	63	191	92	2.547382
53	64	53	64	85	358	2.758759
60	71	60	71	0	27	0.813956
94	105	96	107	386	167	2.284802
95	106	97	108	293	246	2.307992
116	127	116	127	272	91	2.404085
