start1	end1	start2	end2	frag1	frag2	frag_rmsd
113	124	115	126	28	374	1.355458
182	193	184	195	299	236	1.995469
201	212	203	214	364	386	3.187185
290	301	293	304	0	16	0.775259
314	325	317	328	167	187	2.121763
