start1	end1	start2	end2	frag1	frag2	frag_rmsd
66	77	64	75	31	179	2.953053
69	80	67	78	339	168	1.861038
70	81	68	79	154	208	3.152696
77	88	75	86	297	258	2.601028
79	90	77	88	329	7	2.127910
84	95	82	93	393	164	2.491372
121	132	120	131	57	178	1.951934
253	264	254	265	28	374	1.355458
322	333	323	334	299	236	1.995469
341	352	342	353	364	386	3.187185
430	441	432	443	0	16	0.775259
454	465	456	467	167	187	2.121763
