start1	end1	start2	end2	frag1	frag2	frag_rmsd
39	50	32	43	3	165	2.983817
63	74	56	67	375	367	2.523916
65	76	58	69	298	133	3.008662
79	90	72	83	27	184	1.585485
137	148	121	132	198	239	2.233619
202	213	190	201	178	157	2.103654
282	293	277	288	390	14	3.227577
284	295	279	290	97	133	1.973700
286	297	281	292	391	178	2.455732
