start1	end1	start2	end2	frag1	frag2	frag_rmsd
11	22	13	24	264	12	2.476974
12	23	14	25	87	279	1.895856
16	27	18	29	361	78	3.012149
49	60	55	66	234	390	2.898259
52	63	58	69	383	29	2.194744
53	64	59	70	246	373	2.083918
83	94	90	101	39	263	1.670447
84	95	91	102	165	383	2.427258
85	96	92	103	310	334	2.654164
105	116	112	123	271	380	2.448575
111	122	118	129	165	315	2.306175
112	123	119	130	325	307	2.398407
120	131	127	138	158	248	2.329879
124	135	131	142	116	73	2.465220
129	140	136	147	120	365	2.590663
218	229	226	237	2	343	1.502106
219	230	227	238	58	225	1.979801
222	233	230	241	238	37	2.320296
324	335	348	359	217	4	1.467713
327	338	351	362	27	0	0.813956
340	351	365	376	367	200	3.473017
388	399	414	425	100	377	1.241297
453	464	479	490	197	373	3.627514
459	470	485	496	290	366	1.667042
513	524	538	549	16	0	0.775259
