start1	end1	start2	end2	frag1	frag2	frag_rmsd
14	25	66	77	262	352	3.276034
101	112	164	175	253	183	1.817367
135	146	205	216	0	127	0.813264
136	147	206	217	16	260	1.076875
137	148	207	218	121	170	1.774213
155	166	228	239	327	367	2.658463
264	275	313	324	293	10	1.943477
271	282	320	331	304	181	3.135355
310	321	351	362	16	0	0.775259
320	331	361	372	322	126	2.289807
323	334	364	375	374	28	1.355458
324	335	365	376	246	320	2.330997
325	336	366	377	117	213	2.137352
328	339	369	380	171	254	2.333644
330	341	371	382	153	206	2.010158
331	342	372	383	72	53	1.827392
333	344	374	385	26	216	1.454310
385	396	426	437	102	13	2.280470
389	400	430	441	97	29	2.744655
392	403	433	444	203	211	1.857122
394	405	435	446	329	7	2.127910
425	436	450	461	191	155	2.826986
432	443	457	468	356	132	2.067486
435	446	460	471	322	360	1.453720
462	473	490	501	360	356	2.206112
482	493	509	520	359	295	2.633742
499	510	526	537	166	25	1.364085
501	512	528	539	277	294	2.827017
505	516	532	543	95	66	1.609657
573	584	604	615	110	249	1.575234
586	597	617	628	91	226	2.048829
