start1	end1	start2	end2	frag1	frag2	frag_rmsd
13	24	14	25	330	304	2.895056
18	29	19	30	84	360	1.521872
52	63	53	64	80	183	2.396931
53	64	54	65	246	297	2.516265
60	71	61	72	80	357	2.082122
102	113	109	120	38	329	2.609070
193	204	203	214	324	301	3.092973
212	223	216	227	91	57	2.021486
237	248	241	252	297	313	1.957711
276	287	285	296	167	313	2.555667
277	288	286	297	92	28	2.580877
281	292	290	301	174	301	2.796572
290	301	299	310	112	38	2.815804
303	314	312	323	254	305	3.179005
327	338	341	352	16	127	1.158335
