start1	end1	start2	end2	frag1	frag2	frag_rmsd
90	101	80	91	178	383	2.575768
93	104	83	94	102	19	3.139195
