start1	end1	start2	end2	frag1	frag2	frag_rmsd
42	53	16	27	116	158	3.190239
56	67	30	41	328	343	1.513701
60	71	34	45	91	226	2.048829
115	126	93	104	335	48	2.158443
129	140	107	118	151	272	2.886798
140	151	118	129	59	327	2.076427
149	160	127	138	155	64	2.661934
150	161	128	139	189	182	2.177050
219	230	208	219	91	255	2.289949
221	232	210	221	107	356	1.430031
238	249	227	238	84	360	1.521872
240	251	229	240	40	198	1.579973
241	252	230	241	198	391	2.242897
