start1	end1	start2	end2	frag1	frag2	frag_rmsd
66	77	30	41	132	91	2.241050
69	80	33	44	357	322	2.219787
80	91	44	55	107	84	2.480937
109	120	73	84	375	128	2.998520
168	179	131	142	329	7	2.127910
