start1	end1	start2	end2	frag1	frag2	frag_rmsd
22	33	40	51	216	121	1.107965
25	36	43	54	0	27	0.813956
43	54	61	72	82	119	2.841019
55	66	73	84	346	231	1.531187
61	72	79	90	0	16	0.775259
