start1	end1	start2	end2	frag1	frag2	frag_rmsd
1	12	2	13	205	391	2.622841
2	13	3	14	183	178	1.884271
9	20	10	21	91	298	2.033592
24	35	25	36	360	356	2.206112
30	41	31	42	261	150	2.865888
76	87	81	92	322	132	1.945705
101	112	106	117	155	191	2.826986
117	128	122	133	383	302	2.329043
