start1	end1	start2	end2	frag1	frag2	frag_rmsd
15	26	60	71	45	216	1.903162
16	27	61	72	4	111	0.994513
42	53	91	102	236	63	3.768463
