start1	end1	start2	end2	frag1	frag2	frag_rmsd
4	15	3	14	370	242	2.324730
45	56	44	55	132	57	1.551260
50	61	49	60	112	14	2.476924
52	63	51	62	112	382	3.301635
