start1	end1	start2	end2	frag1	frag2	frag_rmsd
3	14	31	42	123	223	1.416700
6	17	34	45	35	0	1.003458
137	148	154	165	240	341	2.604435
138	149	155	166	121	81	2.403403
140	151	157	168	251	180	1.423305
160	171	178	189	164	363	1.880850
169	180	187	198	390	34	3.331273
199	210	220	231	6	355	2.242598
