start1	end1	start2	end2	frag1	frag2	frag_rmsd
9	20	10	21	322	61	1.532523
11	22	12	23	28	10	2.196024
12	23	13	24	92	163	2.362957
23	34	27	38	196	0	1.046929
43	54	44	55	211	198	2.273368
44	55	45	56	10	246	2.424507
60	71	62	73	0	16	0.775259
78	89	80	91	141	22	1.438165
80	91	82	93	70	4	1.352136
