start1	end1	start2	end2	frag1	frag2	frag_rmsd
159	170	171	182	150	138	2.867148
161	172	173	184	276	227	2.723059
162	173	174	185	223	394	1.646543
185	196	199	210	292	82	2.425930
