start1	end1	start2	end2	frag1	frag2	frag_rmsd
15	26	17	28	126	360	2.237959
30	41	33	44	0	127	0.813264
57	68	55	66	22	274	2.668632
62	73	60	71	27	111	1.266595
63	74	61	72	16	0	0.775259
65	76	63	74	16	0	0.775259
