start1	end1	start2	end2	frag1	frag2	frag_rmsd
41	52	42	53	355	232	2.143807
49	60	50	61	132	392	1.839294
50	61	51	62	258	61	1.652270
55	66	56	67	47	229	3.271436
56	67	57	68	325	221	2.157297
81	92	82	93	284	380	2.250347
83	94	84	95	366	311	2.430439
121	132	122	133	40	386	2.633785
162	173	163	174	256	361	2.627081
167	178	168	179	186	342	2.347317
168	179	169	180	54	174	2.729182
