start1	end1	start2	end2	frag1	frag2	frag_rmsd
19	30	19	30	73	28	2.597259
28	39	28	39	54	205	2.287349
37	48	37	48	247	246	2.037135
50	61	50	61	158	322	2.437978
54	65	54	65	263	163	2.299503
83	94	83	94	89	334	2.780269
92	103	92	103	251	110	1.356883
95	106	95	106	398	39	3.218841
98	109	98	109	360	198	2.868520
99	110	99	110	106	310	2.751529
100	111	100	111	357	208	2.490627
