start1	end1	start2	end2	frag1	frag2	frag_rmsd
3	14	5	16	17	124	2.100408
105	116	102	113	144	87	1.904188
125	136	121	132	223	371	1.695846
134	145	130	141	17	110	1.336081
139	150	135	146	275	22	2.910979
140	151	136	147	32	238	3.304354
143	154	139	150	371	216	1.502072
145	156	141	152	196	184	1.667884
146	157	142	153	196	27	1.059651
147	158	143	154	273	220	1.810163
150	161	146	157	27	0	0.813956
175	186	173	184	259	76	1.996031
183	194	181	192	238	111	1.998903
184	195	182	193	273	0	1.419073
