start1	end1	start2	end2	frag1	frag2	frag_rmsd
51	62	51	62	18	251	1.457612
55	66	55	66	131	30	3.161369
59	70	59	70	224	70	1.307761
61	72	61	72	216	121	1.107965
78	89	78	89	35	188	1.339917
83	94	83	94	280	290	1.950923
180	191	180	191	397	147	2.282721
183	194	183	194	0	16	0.775259
185	196	185	196	0	16	0.775259
233	244	240	251	35	0	1.003458
234	245	241	252	166	188	1.839547
275	286	282	293	0	27	0.813956
276	287	283	294	0	16	0.775259
277	288	284	295	0	121	0.992640
304	315	311	322	118	76	1.975835
