start1	end1	start2	end2	frag1	frag2	frag_rmsd
2	13	1	12	111	4	0.994513
27	38	26	37	93	376	2.792367
46	57	45	56	364	373	2.435927
77	88	74	85	84	107	2.480937
79	90	76	87	322	61	1.532523
83	94	80	91	247	92	2.407521
88	99	85	96	240	326	2.154623
108	119	105	116	392	126	1.978049
111	122	108	119	320	329	2.324045
114	125	111	122	128	390	2.944982
121	132	118	129	4	23	1.335798
129	140	126	137	91	3	2.746684
130	141	127	138	316	391	2.590413
149	160	146	157	203	395	2.413404
152	163	149	160	343	2	1.502106
154	165	151	162	191	148	2.267190
188	199	185	196	69	100	1.602674
237	248	234	245	92	10	1.712565
239	250	236	247	155	209	2.902832
244	255	241	252	279	185	3.027543
246	257	243	254	138	292	2.059222
284	295	280	291	34	6	2.330814
287	298	283	294	261	138	2.494118
288	299	284	295	276	369	1.368954
321	332	317	328	11	244	2.600936
335	346	330	341	178	392	1.899502
336	347	331	342	356	57	1.996521
340	351	335	346	198	239	2.233619
345	356	340	351	342	174	2.548424
423	434	417	428	157	218	2.398060
428	439	422	433	84	391	3.230631
