start1	end1	start2	end2	frag1	frag2	frag_rmsd
102	113	102	113	322	360	1.453720
119	130	119	130	360	322	1.453720
127	138	127	138	71	315	2.524974
132	143	132	143	292	82	2.425930
135	146	135	146	272	71	2.393472
