start1	end1	start2	end2	frag1	frag2	frag_rmsd
11	22	9	20	111	4	0.994513
12	23	10	21	0	27	0.813956
13	24	11	22	0	16	0.775259
14	25	12	23	121	0	0.992640
