start1	end1	start2	end2	frag1	frag2	frag_rmsd
18	29	23	34	253	151	2.347071
21	32	26	37	328	138	2.615349
32	43	37	48	260	271	1.852839
33	44	38	49	170	104	2.447681
40	51	45	56	2	193	2.176784
41	52	46	57	194	225	1.011234
