start1	end1	start2	end2	frag1	frag2	frag_rmsd
13	24	13	24	355	146	2.939947
60	71	67	78	129	376	1.562683
83	94	90	101	215	28	2.173200
86	97	93	104	358	78	2.344151
89	100	96	107	213	358	2.035530
93	104	100	111	142	372	3.269970
180	191	189	200	132	360	2.169218
239	250	248	259	118	18	1.480048
243	254	252	263	91	107	2.649081
245	256	254	265	360	84	1.521872
254	265	263	274	250	363	2.347188
255	266	264	275	157	302	1.373132
278	289	287	298	120	250	1.731988
