start1	end1	start2	end2	frag1	frag2	frag_rmsd
5	16	1	12	56	138	1.966884
33	44	32	43	73	68	2.957185
74	85	73	84	348	187	2.633419
78	89	77	88	13	150	2.220546
79	90	78	89	330	59	2.244902
83	94	82	93	39	363	2.574459
92	103	91	102	374	28	1.355458
104	115	103	114	24	180	1.017167
142	153	139	150	4	111	0.994513
150	161	147	158	46	218	2.542644
200	211	187	198	302	218	2.840334
201	212	188	199	316	143	2.409167
202	213	189	200	187	246	2.528512
235	246	222	233	394	281	1.908381
237	248	224	235	350	219	2.416799
238	249	225	236	180	350	1.431378
244	255	231	242	392	356	2.525602
248	259	235	246	258	357	1.886183
253	264	240	251	83	117	1.919939
260	271	247	258	371	216	1.502072
