start1	end1	start2	end2	frag1	frag2	frag_rmsd
52	63	34	45	132	360	2.169218
56	67	38	49	28	386	1.926117
57	68	39	50	138	328	2.615349
58	69	40	51	78	213	2.359219
75	86	57	68	235	161	1.099262
289	300	256	267	280	268	2.159615
297	308	264	275	0	127	0.813264
314	325	304	315	45	371	1.366556
315	326	305	316	4	111	0.994513
