start1	end1	start2	end2	frag1	frag2	frag_rmsd
78	89	47	58	95	141	1.602886
86	97	55	66	17	110	1.336081
89	100	58	69	290	29	2.914221
92	103	61	72	117	213	2.137352
94	105	63	74	14	301	2.582257
113	124	82	93	111	4	0.994513
115	126	84	95	0	127	0.813264
116	127	85	96	0	149	2.014982
181	192	142	153	61	322	1.532523
185	196	146	157	58	7	2.590663
262	273	213	224	0	16	0.775259
281	292	228	239	174	331	1.879546
284	295	231	242	54	248	2.082630
318	329	271	282	173	74	2.685678
333	344	288	299	313	351	3.345246
341	352	296	307	43	326	2.228664
363	374	346	357	360	318	2.599279
455	466	436	447	60	127	1.135321
466	477	447	458	323	383	2.702322
471	482	452	463	11	388	2.864817
473	484	454	465	79	380	1.921925
475	486	456	467	337	139	3.192359
476	487	457	468	336	303	4.520548
477	488	458	469	181	9	2.710060
480	491	461	472	396	65	2.073749
481	492	462	473	394	223	1.646543
534	545	509	520	35	0	1.003458
545	556	520	531	27	0	0.813956
567	578	549	560	238	243	3.340900
571	582	553	564	45	394	1.792183
