start1	end1	start2	end2	frag1	frag2	frag_rmsd
19	30	19	30	160	206	2.043909
20	31	20	31	145	31	2.519372
21	32	21	32	397	125	2.152504
58	69	58	69	154	339	2.724389
