start1	end1	start2	end2	frag1	frag2	frag_rmsd
4	15	3	14	349	39	1.813420
5	16	4	15	263	349	2.146382
17	28	16	27	388	85	2.543328
19	30	18	29	153	172	2.695999
31	42	30	41	0	27	0.813956
38	49	37	48	0	121	0.992640
44	55	43	54	217	196	1.508921
