start1	end1	start2	end2	frag1	frag2	frag_rmsd
2	13	3	14	258	316	2.660770
124	135	126	137	311	288	1.718799
129	140	131	142	57	379	2.336006
