start1	end1	start2	end2	frag1	frag2	frag_rmsd
29	40	24	35	294	33	2.272830
30	41	25	36	134	335	1.552550
74	85	69	80	142	63	3.345190
80	91	75	86	178	151	2.176709
