start1	end1	start2	end2	frag1	frag2	frag_rmsd
100	111	81	92	235	161	1.099262
109	120	90	101	326	15	2.391490
114	125	95	106	27	35	1.219104
125	136	106	117	33	321	2.658565
152	163	133	144	382	171	3.786459
187	198	168	179	76	249	2.100778
189	200	170	181	291	387	2.790625
215	226	196	207	284	271	2.057730
220	231	201	212	296	74	2.874013
225	236	206	217	383	3	2.586232
227	238	208	219	357	248	1.838513
270	281	251	262	287	79	1.970184
274	285	255	266	371	45	1.366556
304	315	285	296	37	27	1.805376
305	316	286	297	4	217	1.467713
308	319	289	300	245	118	1.562188
309	320	290	301	18	69	2.017054
310	321	291	302	249	168	1.762725
311	322	292	303	75	134	2.771284
315	326	296	307	95	141	1.602886
329	340	310	321	0	35	1.003458
333	344	314	325	69	161	1.879688
377	388	358	369	27	127	1.019607
405	416	386	397	45	371	1.366556
407	418	388	399	240	184	1.274780
431	442	412	423	111	4	0.994513
