start1	end1	start2	end2	frag1	frag2	frag_rmsd
35	46	40	51	331	174	1.879546
38	49	43	54	322	132	1.945705
