start1	end1	start2	end2	frag1	frag2	frag_rmsd
22	33	23	34	229	146	2.331807
23	34	24	35	301	8	2.795090
27	38	28	39	210	96	2.685790
48	59	49	60	254	335	2.549212
53	64	54	65	115	199	3.233007
56	67	57	68	264	172	2.692434
63	74	64	75	110	97	2.974894
68	79	69	80	95	141	1.602886
81	92	82	93	33	104	2.171568
90	101	91	102	132	360	2.169218
124	135	122	133	84	360	1.521872
