start1	end1	start2	end2	frag1	frag2	frag_rmsd
3	14	2	13	124	362	2.182590
7	18	6	17	356	84	1.970757
8	19	7	18	389	126	2.201165
14	25	13	24	111	4	0.994513
31	42	30	41	92	329	2.645551
36	47	35	46	116	274	2.804429
37	48	36	47	210	96	2.685790
40	51	39	50	200	367	3.473017
41	52	40	51	250	365	2.607868
64	75	63	74	80	357	2.082122
65	76	64	75	209	297	2.490138
69	80	68	79	22	14	3.289240
122	133	121	132	98	131	2.711170
130	141	129	140	28	114	1.637541
140	151	139	150	0	121	0.992640
146	157	145	156	6	232	1.900358
160	171	159	170	59	128	2.692989
192	203	191	202	133	285	1.901995
194	205	193	204	398	173	2.666717
230	241	229	240	147	371	1.829059
248	259	247	258	322	61	1.532523
250	261	249	260	80	343	2.835991
264	275	263	274	360	322	1.453720
268	279	267	278	167	293	1.284317
271	282	270	281	138	261	2.494118
290	301	289	300	355	307	2.511192
340	351	339	350	366	311	2.430439
342	353	341	352	48	333	3.006052
347	358	346	357	53	216	2.785158
353	364	352	363	385	131	2.652572
354	365	353	364	112	342	2.771983
357	368	356	367	310	107	3.602196
373	384	372	383	6	232	1.900358
391	402	390	401	123	45	1.488609
402	413	401	412	127	35	1.273794
