start1	end1	start2	end2	frag1	frag2	frag_rmsd
57	68	57	68	393	375	2.214683
59	70	59	70	91	298	2.033592
62	73	62	73	356	248	2.969552
79	90	75	86	106	360	2.403800
82	93	78	89	392	132	1.839294
84	95	80	91	28	162	1.560721
90	101	86	97	31	271	2.794120
106	117	102	113	338	25	1.152231
107	118	103	114	100	161	0.978809
111	122	107	118	174	3	2.344203
113	124	109	120	392	132	1.839294
114	125	110	121	356	126	2.644557
