start1	end1	start2	end2	frag1	frag2	frag_rmsd
8	19	9	20	218	262	3.151306
9	20	10	21	318	173	2.752165
10	21	11	22	106	198	2.191348
13	24	14	25	53	11	2.534167
25	36	26	37	164	363	1.880850
27	38	28	39	57	316	2.064021
39	50	40	51	65	268	3.010671
53	64	54	65	152	56	2.913323
96	107	93	104	234	214	2.710700
97	108	94	105	119	238	2.352658
106	117	103	114	235	100	1.231875
142	153	140	151	0	127	0.813264
143	154	141	152	0	16	0.775259
144	155	142	153	0	121	0.992640
145	156	143	154	0	196	1.046929
146	157	144	155	127	273	1.542975
148	159	146	157	0	121	0.992640
149	160	147	158	37	27	1.805376
167	178	163	174	396	65	2.073749
169	180	165	176	118	169	2.120396
170	181	166	177	249	110	1.575234
171	182	167	178	233	168	2.546631
172	183	168	179	325	154	3.383898
173	184	169	180	218	209	2.745118
177	188	173	184	128	367	2.784997
179	190	175	186	108	314	3.357189
