start1	end1	start2	end2	frag1	frag2	frag_rmsd
5	16	6	17	262	182	1.903492
34	45	35	46	174	97	2.041055
67	78	68	79	151	91	2.263245
75	86	76	87	51	148	2.873766
77	88	78	89	267	274	3.806426
82	93	83	94	70	4	1.352136
110	121	111	122	247	38	2.150232
112	123	113	124	112	13	3.478374
115	126	116	127	200	112	3.304526
118	129	119	130	116	352	1.676554
123	134	124	135	133	365	2.941455
129	140	130	141	351	114	2.335949
150	161	151	162	74	392	2.779359
167	178	168	179	311	50	1.521786
176	187	177	188	106	61	2.496793
177	188	178	189	318	395	2.216742
201	212	202	213	318	74	2.154001
203	214	204	215	239	176	2.693058
207	218	208	219	334	37	3.153925
210	221	211	222	7	380	3.763503
211	222	212	223	378	88	2.803925
214	225	215	226	268	171	2.686227
216	227	217	228	177	19	2.898574
217	228	218	229	229	192	3.180170
218	229	219	230	47	218	3.092602
219	230	220	231	341	296	3.540327
220	231	221	232	202	372	2.168379
258	269	259	270	274	138	2.648986
265	276	266	277	16	60	1.442604
285	296	286	297	279	124	2.389898
288	299	289	300	143	157	2.115800
291	302	292	303	140	203	3.090049
292	303	293	304	191	148	2.267190
293	304	294	305	286	299	2.143065
