start1	end1	start2	end2	frag1	frag2	frag_rmsd
44	55	32	43	360	126	2.237959
45	56	33	44	61	132	2.583583
46	57	34	45	389	126	2.201165
47	58	35	46	215	28	2.173200
48	59	36	47	38	329	2.609070
50	61	38	49	112	186	2.325844
53	64	41	52	39	263	1.670447
56	67	44	55	178	392	1.899502
57	68	45	56	84	322	1.955336
118	129	107	118	322	357	2.219787
