start1	end1	start2	end2	frag1	frag2	frag_rmsd
13	24	13	24	360	84	1.521872
18	29	18	29	328	7	1.961591
28	39	28	39	322	356	2.017159
38	49	38	49	132	318	1.806699
46	57	46	57	281	388	2.197854
48	59	48	59	362	222	2.312123
58	69	58	69	164	324	2.993645
61	72	61	72	57	208	2.152129
69	80	69	80	363	314	2.815277
