start1	end1	start2	end2	frag1	frag2	frag_rmsd
46	57	78	89	250	365	2.607868
50	61	82	93	68	176	2.753663
52	63	84	95	172	210	2.924096
53	64	85	96	131	192	2.850174
54	65	86	97	78	378	1.620040
56	67	88	99	305	298	4.221436
90	101	124	135	45	147	1.713468
91	102	125	136	4	23	1.335798
101	112	135	146	0	35	1.003458
102	113	136	147	149	368	1.387412
103	114	137	148	251	235	2.623560
