start1	end1	start2	end2	frag1	frag2	frag_rmsd
5	16	6	17	48	189	2.810875
8	19	9	20	117	213	2.137352
9	20	10	21	229	78	2.235105
10	21	11	22	301	361	2.339875
11	22	12	23	29	182	1.423903
19	30	20	31	165	391	2.745950
21	32	22	33	214	130	3.033766
23	34	24	35	336	234	3.263454
29	40	30	41	1	43	2.128343
30	41	31	42	95	51	1.563872
36	47	37	48	24	110	1.015908
40	51	41	52	325	39	2.782637
42	53	43	54	14	155	2.198745
46	57	47	58	117	213	2.137352
47	58	48	59	361	229	2.596208
48	59	49	60	361	301	2.339875
49	60	50	61	250	29	3.021097
55	66	56	67	88	50	1.439321
