start1	end1	start2	end2	frag1	frag2	frag_rmsd
34	45	26	37	9	269	2.802775
75	86	64	75	360	61	1.959112
88	99	76	87	395	132	2.384097
111	122	91	102	15	43	2.733590
132	143	112	123	218	250	3.143706
137	148	117	128	54	302	1.822938
142	153	122	133	395	126	1.849402
251	262	235	246	161	275	3.242933
255	266	239	250	236	160	2.962962
277	288	259	270	35	0	1.003458
