start1	end1	start2	end2	frag1	frag2	frag_rmsd
17	28	16	27	126	84	1.909341
24	35	23	34	334	391	2.539872
30	41	29	40	78	390	2.515234
33	44	32	43	57	132	1.551260
41	52	40	51	386	28	1.926117
44	55	43	54	186	361	3.160218
47	58	46	57	383	54	2.585327
48	59	47	58	316	178	2.242694
59	70	58	69	374	389	2.460334
60	71	59	70	28	320	2.315284
61	72	60	71	122	329	1.972439
62	73	61	72	117	83	1.919939
66	77	65	76	302	363	2.467216
67	78	66	77	316	178	2.242694
69	80	68	79	126	322	2.289807
70	81	69	80	318	126	2.511599
71	82	70	81	61	258	1.652270
73	84	72	83	357	248	1.838513
77	88	76	87	198	357	2.385976
78	89	77	88	357	395	2.192089
79	90	78	89	248	357	1.838513
81	92	80	91	116	28	2.850008
82	93	81	92	96	329	1.925419
88	99	87	98	126	42	2.008935
89	100	88	99	132	357	1.964894
95	106	94	105	386	374	2.195278
96	107	95	106	86	343	2.099547
97	108	96	107	55	225	3.212553
98	109	97	108	115	51	3.073896
100	111	99	110	88	179	3.280114
101	112	100	111	280	180	3.667635
102	113	101	112	333	380	3.483491
103	114	102	113	19	88	2.815908
104	115	103	114	21	93	3.008583
105	116	104	115	378	113	2.843566
106	117	105	116	47	108	2.614443
107	118	106	117	311	85	3.307862
108	119	107	118	48	247	3.082328
109	120	108	119	186	155	3.279323
113	124	112	123	82	304	2.886945
115	126	114	125	34	232	2.464867
119	130	118	129	248	379	1.639302
122	133	121	132	248	84	2.774836
123	134	122	133	392	360	2.657878
125	136	124	135	162	28	1.560721
126	137	125	136	7	38	2.699184
130	141	129	140	160	206	2.043909
131	142	130	141	31	179	2.953053
135	146	134	145	97	355	3.225446
141	152	140	151	357	322	2.219787
143	154	142	153	132	322	1.945705
144	155	143	154	322	126	2.289807
