start1	end1	start2	end2	frag1	frag2	frag_rmsd
3	14	4	15	73	96	2.402429
8	19	9	20	363	298	2.950286
14	25	15	26	309	248	2.728816
16	27	17	28	302	310	2.918408
17	28	18	29	178	143	1.650270
31	42	32	43	132	322	1.945705
33	44	34	45	28	374	1.355458
37	48	38	49	388	22	2.479205
43	54	44	55	57	356	1.996521
75	86	76	87	313	28	2.755945
79	90	80	91	390	238	3.772960
96	107	98	109	277	319	2.714954
104	115	106	117	360	84	1.521872
107	118	109	120	61	389	1.926015
110	121	112	123	312	192	2.159358
113	124	115	126	57	3	2.271934
115	126	117	128	357	107	3.338397
116	127	118	129	322	132	1.945705
161	172	160	171	322	360	1.453720
190	201	189	200	126	84	1.909341
197	208	196	207	334	391	2.539872
203	214	202	213	78	390	2.515234
206	217	205	216	57	132	1.551260
214	225	213	224	386	28	1.926117
217	228	216	227	186	361	3.160218
220	231	219	230	383	54	2.585327
221	232	220	231	316	178	2.242694
232	243	231	242	374	389	2.460334
233	244	232	243	28	320	2.315284
234	245	233	244	122	329	1.972439
235	246	234	245	117	83	1.919939
239	250	238	249	302	363	2.467216
240	251	239	250	316	178	2.242694
242	253	241	252	126	322	2.289807
243	254	242	253	318	126	2.511599
244	255	243	254	61	258	1.652270
246	257	245	256	357	248	1.838513
250	261	249	260	198	357	2.385976
251	262	250	261	357	395	2.192089
252	263	251	262	248	357	1.838513
254	265	253	264	116	28	2.850008
255	266	254	265	96	329	1.925419
261	272	260	271	126	42	2.008935
262	273	261	272	132	357	1.964894
268	279	267	278	386	374	2.195278
269	280	268	279	86	343	2.099547
270	281	269	280	55	225	3.212553
271	282	270	281	115	51	3.073896
273	284	272	283	88	179	3.280114
274	285	273	284	280	180	3.667635
275	286	274	285	333	380	3.483491
276	287	275	286	19	88	2.815908
277	288	276	287	21	93	3.008583
278	289	277	288	378	113	2.843566
279	290	278	289	47	108	2.614443
280	291	279	290	311	85	3.307862
281	292	280	291	48	247	3.082328
282	293	281	292	186	155	3.279323
286	297	285	296	82	304	2.886945
288	299	287	298	34	232	2.464867
292	303	291	302	248	379	1.639302
295	306	294	305	248	84	2.774836
296	307	295	306	392	360	2.657878
298	309	297	308	162	28	1.560721
299	310	298	309	7	38	2.699184
303	314	302	313	160	206	2.043909
304	315	303	314	31	179	2.953053
308	319	307	318	97	355	3.225446
314	325	313	324	357	322	2.219787
316	327	315	326	132	322	1.945705
317	328	316	327	322	126	2.289807
