start1	end1	start2	end2	frag1	frag2	frag_rmsd
6	17	12	23	0	27	0.813956
8	19	14	25	127	0	0.813264
