start1	end1	start2	end2	frag1	frag2	frag_rmsd
8	19	9	20	115	371	2.684564
11	22	12	23	273	260	1.686527
33	44	32	43	225	194	1.011234
34	45	33	44	51	141	1.428009
47	58	46	57	311	201	2.767802
48	59	47	58	48	112	2.656263
50	61	49	60	3	387	3.380068
51	62	50	61	263	172	2.306870
60	71	59	70	0	35	1.003458
67	78	66	77	228	142	3.856005
68	79	67	78	332	210	3.615648
81	92	80	91	158	313	2.779261
82	93	81	92	28	374	1.355458
83	94	82	93	328	343	1.513701
96	107	97	108	57	178	1.951934
112	123	114	125	379	204	2.231430
117	128	119	130	114	28	1.637541
120	131	122	133	15	51	2.489994
142	153	144	155	339	233	2.655742
148	159	150	161	379	57	2.336006
154	165	156	167	204	10	2.009667
157	168	159	170	318	91	2.313832
158	169	160	171	258	74	2.771739
159	170	161	172	246	162	2.344445
161	172	163	174	194	68	2.939019
162	173	164	175	22	141	1.438165
186	197	188	199	151	248	2.019566
196	207	198	209	225	129	2.985670
236	247	238	249	0	127	0.813264
238	249	240	251	0	184	1.197355
247	258	249	260	301	71	2.996809
255	266	257	268	357	204	2.675552
288	299	290	301	208	255	1.969801
290	301	292	303	29	398	2.328114
291	302	293	304	116	320	2.494021
292	303	294	305	96	122	1.013426
298	309	300	311	53	398	3.536177
300	311	302	313	11	53	2.534167
311	322	313	324	37	44	1.535786
315	326	317	328	33	88	2.091698
316	327	318	329	355	6	2.242598
318	329	320	331	3	174	2.344203
320	331	322	333	356	322	2.017159
321	332	323	334	84	158	2.726643
322	333	324	335	392	158	2.916314
323	334	325	336	322	258	2.166966
324	335	326	337	84	248	2.774836
325	336	327	338	322	392	2.364933
333	344	335	346	363	156	2.308899
334	345	336	347	174	352	3.703242
337	348	339	350	194	192	2.159491
338	349	340	351	141	21	2.843916
380	391	381	392	18	271	1.069917
381	392	382	393	69	259	1.858443
404	415	405	416	216	23	2.334395
405	416	406	417	111	27	1.266595
412	423	413	424	127	0	0.813264
413	424	414	425	149	188	1.382009
433	444	452	463	123	0	2.826189
434	445	453	464	4	0	1.783926
436	447	455	466	196	0	1.046929
437	448	456	467	273	0	1.419073
438	449	457	468	184	0	1.197355
439	450	458	469	121	0	0.992640
445	456	464	475	164	34	2.524144
447	458	466	477	143	57	2.304628
448	459	467	478	167	395	2.258216
449	460	468	479	40	357	2.500053
450	461	469	480	391	167	2.154784
