start1	end1	start2	end2	frag1	frag2	frag_rmsd
1	12	1	12	141	51	1.428009
58	69	58	69	338	25	1.152231
66	77	66	77	106	391	2.814692
68	79	68	79	208	395	2.850289
72	83	72	83	322	132	1.945705
76	87	76	87	150	96	2.639101
105	116	105	116	161	100	0.978809
110	121	110	121	95	65	2.348324
135	146	135	146	35	0	1.003458
138	149	138	149	381	319	2.208030
139	150	139	150	283	354	2.234505
142	153	142	153	66	95	1.609657
