start1	end1	start2	end2	frag1	frag2	frag_rmsd
26	37	26	37	230	136	2.068366
51	62	51	62	137	172	3.000208
57	68	57	68	17	168	1.555351
59	70	59	70	339	325	3.275784
61	72	61	72	286	299	2.143065
65	76	65	76	388	45	1.950228
66	77	66	77	282	105	3.482203
67	78	67	78	79	18	2.946881
68	79	68	79	139	41	2.392095
70	81	70	81	254	335	2.549212
71	82	71	82	268	236	2.349861
73	84	73	84	231	194	2.031382
74	85	74	85	95	141	1.602886
