start1	end1	start2	end2	frag1	frag2	frag_rmsd
56	67	39	50	0	35	1.003458
57	68	40	51	149	368	1.387412
69	80	52	63	24	18	1.529172
70	81	53	64	362	168	1.985841
71	82	54	65	387	124	3.400101
72	83	55	66	172	62	3.184500
73	84	56	67	56	116	2.818130
74	85	57	68	292	192	3.151852
75	86	58	69	276	181	2.984554
76	87	59	70	227	85	3.080004
77	88	60	71	223	268	3.190629
78	89	61	72	70	160	2.513107
79	90	62	73	220	31	2.840521
80	91	63	74	121	95	2.233114
81	92	64	75	27	45	2.627501
82	93	65	76	0	4	1.783926
84	95	67	78	0	16	0.775259
85	96	68	79	0	16	0.775259
94	105	77	88	103	160	2.737667
97	108	80	91	51	396	1.709799
120	131	103	114	240	95	2.379651
121	132	104	115	241	371	2.038166
125	136	108	119	0	27	0.813956
135	146	118	129	16	5	1.629181
139	150	122	133	0	16	0.775259
145	156	128	139	283	359	2.495380
