start1	end1	start2	end2	frag1	frag2	frag_rmsd
11	22	13	24	120	314	2.716567
43	54	53	64	121	0	0.992640
44	55	54	65	27	0	0.813956
47	58	57	68	0	35	1.003458
48	59	58	69	188	35	1.339917
49	60	59	70	25	166	1.364085
50	61	60	71	235	338	2.509048
63	74	71	82	40	204	2.160416
66	77	74	85	138	292	2.059222
75	86	83	94	184	220	1.359897
88	99	95	106	328	2	1.547551
91	102	98	109	281	45	1.651716
92	103	99	110	70	4	1.352136
120	131	112	123	248	379	1.639302
122	133	114	125	28	210	2.476754
124	135	116	127	213	342	2.983105
126	137	118	129	301	253	2.483787
128	139	120	131	348	313	2.381382
146	157	139	150	222	133	2.615971
149	160	142	153	84	356	1.970757
191	202	177	188	0	184	1.197355
192	203	178	189	0	121	0.992640
193	204	179	190	0	27	0.813956
240	251	206	217	0	23	1.327063
241	252	207	218	0	121	0.992640
