start1	end1	start2	end2	frag1	frag2	frag_rmsd
59	70	41	52	292	83	3.159868
64	75	46	57	226	91	2.048829
85	96	67	78	126	42	2.008935
105	116	84	95	91	398	2.828573
108	119	87	98	140	391	2.255408
134	145	108	119	84	126	1.909341
142	153	116	127	314	363	2.815277
144	155	118	129	107	132	2.350722
145	156	119	130	360	126	2.237959
146	157	120	131	322	126	2.289807
147	158	121	132	360	357	2.658914
148	159	122	133	322	126	2.289807
149	160	123	134	61	132	2.583583
150	161	124	135	158	61	2.386508
151	162	125	136	239	198	2.233619
152	163	126	137	152	58	3.756919
153	164	127	138	292	358	2.903140
154	165	128	139	82	117	2.768293
155	166	129	140	390	103	3.683477
156	167	130	141	9	219	2.705960
157	168	131	142	305	237	3.104197
158	169	132	143	303	305	3.299957
159	170	133	144	303	90	3.630042
160	171	134	145	214	115	3.008133
161	172	135	146	47	259	3.073503
162	173	136	147	34	93	2.237220
175	186	149	160	133	363	1.994719
177	188	151	162	383	316	2.436672
185	196	159	170	298	226	2.107868
190	201	164	175	198	40	1.579973
192	203	166	177	10	191	2.654085
193	204	167	178	183	325	2.530662
194	205	168	179	253	151	2.347071
197	208	171	182	389	248	2.208556
198	209	172	183	204	167	2.302888
199	210	173	184	198	40	1.579973
201	212	175	186	334	54	2.234965
202	213	176	187	263	178	3.086012
204	215	178	189	379	80	2.718480
206	217	180	191	351	106	3.883980
209	220	183	194	85	358	2.758759
216	227	190	201	316	258	2.660770
218	229	192	203	42	357	2.024226
223	234	197	208	167	158	1.812316
224	235	198	209	10	92	1.712565
226	237	200	211	155	14	2.198745
236	247	210	221	16	0	0.775259
239	250	213	224	12	24	1.462726
240	251	214	225	124	168	1.824641
243	254	217	228	165	131	2.913443
244	255	218	229	64	334	2.485784
269	280	243	254	164	222	2.252756
273	284	247	258	313	74	2.543058
302	313	278	289	106	158	2.646198
304	315	280	291	325	140	2.356799
308	319	284	295	360	84	1.521872
321	332	296	307	218	46	2.542644
323	334	298	309	7	202	2.900703
329	340	304	315	379	395	2.439526
330	341	305	316	84	132	2.205557
331	342	306	317	258	61	1.652270
332	343	307	318	323	389	2.182032
339	350	314	325	383	57	2.505220
340	351	315	326	379	84	2.971486
341	352	316	327	42	84	2.426355
342	353	317	328	80	258	2.273429
390	401	363	374	73	28	2.597259
396	407	369	380	272	314	2.456653
416	427	384	395	395	370	2.639038
417	428	385	396	203	80	1.863941
418	429	386	397	2	296	2.831276
419	430	387	398	225	372	2.657355
433	444	403	414	370	71	2.349638
