start1	end1	start2	end2	frag1	frag2	frag_rmsd
16	27	10	21	390	378	2.617645
17	28	11	22	301	146	2.719791
31	42	27	38	391	253	2.736532
34	45	30	41	392	391	2.580232
35	46	31	42	297	80	2.266320
36	47	32	43	162	296	2.783193
37	48	33	44	122	7	2.510319
40	51	36	47	375	367	2.523916
41	52	37	48	393	156	2.724048
42	53	38	49	363	156	2.308899
43	54	39	50	54	174	2.729182
44	55	40	51	57	253	2.589846
45	56	41	52	84	57	2.559962
46	57	42	53	126	84	1.909341
64	75	59	70	375	300	2.169523
67	78	62	73	64	247	2.636218
68	79	63	74	48	262	2.274893
70	81	65	76	112	138	3.231930
72	83	67	78	229	21	2.030465
73	84	68	79	301	71	2.996809
76	87	71	82	389	348	2.657845
77	88	72	83	28	246	2.083931
78	89	73	84	38	138	2.473026
