start1	end1	start2	end2	frag1	frag2	frag_rmsd
28	39	16	27	122	329	1.972439
47	58	36	47	303	139	3.603223
49	60	38	49	252	113	1.744519
51	62	40	51	263	151	2.775709
