start1	end1	start2	end2	frag1	frag2	frag_rmsd
3	14	4	15	222	164	2.252756
5	16	6	17	29	297	3.221468
30	41	31	42	337	103	2.644158
