start1	end1	start2	end2	frag1	frag2	frag_rmsd
19	30	16	27	328	343	1.513701
23	34	20	31	105	169	1.732125
24	35	21	32	24	110	1.015908
25	36	22	33	124	279	2.389898
30	41	27	38	14	342	2.230074
34	45	31	42	225	194	1.011234
35	46	32	43	51	141	1.428009
48	59	45	56	183	255	1.975114
49	60	46	57	29	151	2.588701
50	61	47	58	248	395	1.997362
51	62	48	59	392	357	2.035569
