start1	end1	start2	end2	frag1	frag2	frag_rmsd
17	28	18	29	164	156	1.408711
18	29	19	30	174	156	2.549268
38	49	40	51	0	27	0.813956
44	55	46	57	171	254	2.333644
48	59	50	61	216	371	1.502072
56	67	58	69	0	127	0.813264
57	68	59	70	127	149	1.616553
88	99	80	91	127	0	0.813264
89	100	81	92	35	0	1.003458
91	102	83	94	25	338	1.152231
92	103	84	95	235	100	1.231875
93	104	85	96	277	33	2.543323
95	106	87	98	164	156	1.408711
96	107	88	99	156	112	3.015267
97	108	89	100	236	261	2.895586
98	109	90	101	86	364	2.849955
99	110	91	102	372	219	2.685481
102	113	94	105	147	353	1.930020
104	115	96	107	16	0	0.775259
105	116	97	108	16	121	1.372802
106	117	98	109	0	127	0.813264
121	132	112	123	100	161	0.978809
122	133	113	124	33	294	2.272830
124	135	115	126	63	286	3.733839
126	137	117	128	53	43	2.117948
128	139	119	130	371	45	1.366556
129	140	120	131	111	4	0.994513
