start1	end1	start2	end2	frag1	frag2	frag_rmsd
5	16	3	14	17	24	1.630905
6	17	4	15	124	168	1.824641
7	18	5	16	208	307	2.658720
9	20	7	18	356	157	2.870994
17	28	15	26	173	272	2.804773
19	30	17	28	211	351	3.164557
21	32	19	30	312	140	1.998926
22	33	20	31	78	378	1.620040
23	34	21	32	390	234	2.898259
28	39	26	37	178	91	1.731687
30	41	28	39	323	167	1.943224
35	46	33	44	298	54	2.540643
53	64	50	61	389	158	2.036257
58	69	55	66	182	268	2.810253
59	70	56	67	226	97	3.237994
63	74	60	71	278	220	1.552050
82	93	80	91	298	272	2.306193
83	94	81	92	357	178	2.306823
84	95	82	93	392	322	2.364933
85	96	83	94	313	389	2.390236
86	97	84	95	351	374	2.405416
88	99	86	97	225	1	1.414968
103	114	104	115	16	0	0.775259
104	115	105	116	184	0	1.197355
