start1	end1	start2	end2	frag1	frag2	frag_rmsd
3	14	1	12	96	38	2.838484
40	51	38	49	392	379	2.375143
41	52	39	50	318	392	2.172813
57	68	54	65	351	114	2.335949
