start1	end1	start2	end2	frag1	frag2	frag_rmsd
4	15	4	15	0	127	0.813264
16	27	16	27	180	115	3.160373
19	30	19	30	93	32	3.607854
25	36	25	36	45	353	1.252194
48	59	48	59	0	121	0.992640
49	60	49	60	0	27	0.813956
59	70	59	70	251	271	1.346902
66	77	66	77	141	22	1.438165
82	93	82	93	41	77	2.591421
86	97	86	97	222	363	2.706564
97	108	97	108	50	44	2.330439
100	111	100	111	171	262	2.758530
101	112	101	112	268	299	2.793043
119	130	119	130	165	363	2.999148
121	132	121	132	183	178	1.884271
122	133	122	133	272	107	3.064142
128	139	128	139	147	241	1.629783
130	141	130	141	0	273	1.419073
131	142	131	142	16	184	1.241286
132	143	132	143	16	121	1.372802
133	144	133	144	127	27	1.019607
134	145	134	145	149	188	1.382009
135	146	135	146	180	25	2.193725
153	164	156	167	0	16	0.775259
154	165	157	168	127	16	1.158335
166	177	168	179	193	160	2.129072
189	200	193	204	207	15	2.853261
190	201	194	205	51	121	2.568903
191	202	195	206	45	196	2.637224
192	203	196	207	166	188	1.839547
205	216	208	219	121	0	0.992640
206	217	209	220	27	0	0.813956
