start1	end1	start2	end2	frag1	frag2	frag_rmsd
8	19	8	19	12	60	1.701483
10	21	10	21	295	52	2.563711
17	28	17	28	107	398	3.078266
19	30	19	30	329	73	2.227621
29	40	29	40	26	89	2.309990
48	59	48	59	206	238	2.694661
52	63	52	63	27	111	1.266595
56	67	56	67	294	339	2.275774
64	75	64	75	16	184	1.241286
65	76	65	76	0	184	1.197355
70	81	70	81	307	325	2.398407
75	86	75	86	2	328	1.547551
76	87	76	87	225	58	1.979801
