start1	end1	start2	end2	frag1	frag2	frag_rmsd
2	13	1	12	178	143	1.650270
4	15	3	14	258	203	2.291121
5	16	4	15	167	297	2.343013
12	23	11	22	301	390	3.094662
15	26	14	25	255	178	1.895190
17	28	16	27	348	61	2.472281
18	29	17	28	162	374	2.026859
37	48	35	46	126	258	2.311822
43	54	41	52	40	10	1.570300
45	56	43	54	351	299	2.013905
46	57	44	55	56	11	2.640226
47	58	45	56	145	207	2.665798
55	66	53	64	32	345	2.402503
58	69	56	67	257	263	2.355703
80	91	78	89	283	268	2.579274
82	93	80	91	31	231	1.286233
90	101	88	99	367	261	3.639139
93	104	91	102	8	108	3.416108
100	111	98	109	23	4	1.335798
110	121	108	119	0	35	1.003458
114	125	112	123	249	284	1.930090
119	130	117	128	227	277	3.375358
131	142	129	140	228	52	1.946289
136	147	134	145	314	237	3.425009
200	211	187	198	162	215	2.221407
201	212	188	199	162	246	2.344445
221	232	202	213	23	4	1.335798
239	250	220	231	1	125	1.934180
247	258	228	239	112	268	2.830405
260	271	240	251	4	23	1.335798
278	289	258	269	217	16	1.673517
279	290	259	270	196	0	1.046929
280	291	260	271	127	37	1.685836
281	292	261	272	149	144	1.522937
285	296	265	276	201	160	2.530382
288	299	268	279	108	214	2.527123
290	301	270	281	172	382	3.291233
292	303	272	283	306	59	2.781003
295	306	275	286	174	363	2.440306
298	309	278	289	162	296	2.783193
300	311	280	291	225	326	2.488373
313	324	293	304	310	11	3.310269
314	325	294	305	3	46	3.549594
315	326	295	306	299	197	2.979666
317	328	297	308	72	244	2.184129
318	329	298	309	191	282	3.049172
319	330	299	310	26	79	2.404775
