start1	end1	start2	end2	frag1	frag2	frag_rmsd
2	13	1	12	126	360	2.237959
3	14	2	13	106	61	2.496793
8	19	7	18	181	32	2.913043
10	21	9	20	394	347	2.069388
11	22	10	21	70	147	2.128268
12	23	11	22	240	220	1.948939
15	26	14	25	0	16	0.775259
53	64	90	101	143	178	1.650270
54	65	91	102	395	318	2.216742
55	66	92	103	203	318	2.348379
56	67	93	104	167	246	2.265205
57	68	94	105	274	329	3.085507
58	69	95	106	138	292	2.059222
60	71	97	108	129	141	2.508890
61	72	98	109	289	388	3.568139
62	73	99	110	199	267	2.403822
67	78	104	115	123	147	1.240679
76	87	113	124	34	250	3.249436
78	89	115	126	19	364	2.548030
82	93	119	130	136	11	1.955935
