start1	end1	start2	end2	frag1	frag2	frag_rmsd
26	37	26	37	258	323	2.705881
31	42	31	42	31	195	2.276867
32	43	32	43	240	66	1.969179
37	48	37	48	196	44	1.689019
48	59	48	59	0	35	1.003458
72	83	71	82	126	389	2.201165
86	97	85	96	6	355	2.242598
91	102	90	101	330	59	2.244902
102	113	101	112	194	32	2.595090
103	114	102	113	289	129	3.181687
104	115	103	114	371	223	1.695846
110	121	109	120	27	0	0.813956
