start1	end1	start2	end2	frag1	frag2	frag_rmsd
79	90	77	88	360	126	2.237959
106	117	103	114	258	132	2.635888
108	119	105	116	42	84	2.426355
143	154	143	154	338	180	1.985909
148	159	148	159	3	63	3.117989
160	171	159	170	91	395	2.501168
161	172	160	171	132	357	1.964894
162	173	161	172	126	395	1.849402
163	174	162	173	322	357	2.219787
169	180	168	179	225	1	1.414968
196	207	193	204	60	127	1.135321
201	212	198	209	280	101	2.023902
205	216	202	213	223	371	1.695846
206	217	203	214	105	169	1.732125
209	220	206	217	168	307	3.280383
210	221	207	218	307	298	3.042097
213	224	210	221	61	357	2.416361
232	243	226	237	276	195	1.460134
245	256	239	250	285	171	2.895382
246	257	240	251	39	349	1.813420
247	258	241	252	163	263	2.299503
248	259	242	253	248	391	2.056378
249	260	243	254	392	54	2.623411
250	261	244	255	57	208	2.152129
251	262	245	256	258	398	3.228814
252	263	246	257	167	158	1.812316
254	265	248	259	274	138	2.648986
267	278	261	272	260	16	1.076875
273	284	267	278	243	88	1.746085
282	293	276	287	389	316	2.563569
285	296	279	290	114	28	1.637541
292	303	286	297	168	17	1.555351
298	309	292	303	306	390	4.058854
300	311	294	305	30	142	2.885515
