start1	end1	start2	end2	frag1	frag2	frag_rmsd
7	18	7	18	16	0	0.775259
14	25	14	25	363	164	1.880850
34	45	39	50	158	389	2.036257
35	46	40	51	204	158	2.660397
36	47	41	52	10	40	1.570300
39	50	44	55	247	342	2.991336
45	56	50	61	132	356	2.067486
47	58	52	63	158	176	2.838007
48	59	53	64	198	176	2.736363
51	62	56	67	11	278	3.340421
52	63	57	68	397	27	2.276513
53	64	58	69	216	121	1.107965
54	65	59	70	111	0	1.805292
59	70	64	75	339	294	2.275774
61	72	66	77	142	63	3.345190
101	112	91	102	312	58	2.499082
198	209	137	148	127	16	1.158335
200	211	139	150	121	0	0.992640
204	215	143	154	127	121	1.288055
206	217	145	156	338	180	1.985909
209	220	148	159	139	101	3.285203
210	221	149	160	269	336	4.190215
211	222	150	161	336	304	2.812236
217	228	156	167	95	15	1.966391
218	229	157	168	45	371	1.366556
235	246	174	185	0	35	1.003458
236	247	175	186	0	35	1.003458
259	270	190	201	367	390	3.609774
260	271	191	202	365	301	2.827489
287	298	204	215	0	4	1.783926
340	351	232	243	20	150	2.215790
344	355	236	247	226	91	2.048829
385	396	269	280	0	35	1.003458
504	515	343	354	94	5	1.412501
506	517	345	356	5	217	1.208122
508	519	347	358	217	4	1.467713
509	520	348	359	0	49	1.806828
510	521	349	360	27	196	1.059651
511	522	350	361	0	273	1.419073
512	523	351	362	0	16	0.775259
513	524	352	363	0	121	0.992640
