start1	end1	start2	end2	frag1	frag2	frag_rmsd
5	16	7	18	14	48	2.518260
12	23	14	25	376	129	1.562683
27	38	28	39	126	84	1.909341
30	41	31	42	61	258	1.652270
34	45	35	46	15	135	2.451359
35	46	36	47	371	388	2.205221
36	47	37	48	105	282	3.482203
37	48	38	49	338	380	2.898174
38	49	39	50	100	76	2.740938
39	50	40	51	33	93	2.502357
40	51	41	52	134	254	2.526557
41	52	42	53	236	268	2.349861
42	53	43	54	230	193	2.885908
43	54	44	55	225	346	2.125128
44	55	45	56	51	95	1.563872
61	72	62	73	25	338	1.152231
88	99	85	96	377	100	1.241297
91	102	88	99	156	164	1.408711
96	107	93	104	357	258	1.886183
97	108	94	105	42	389	2.149086
104	115	101	112	123	223	1.416700
126	137	125	136	266	312	3.450461
127	138	126	137	112	234	3.162463
131	142	130	141	207	43	2.180942
135	146	134	145	109	295	1.123468
143	154	142	153	247	364	2.424579
149	160	148	159	0	27	0.813956
164	175	160	171	392	322	2.364933
166	177	162	173	248	126	2.586560
201	212	207	218	223	123	1.416700
213	224	219	230	217	37	1.935612
214	225	220	231	16	260	1.076875
215	226	221	232	170	341	2.416545
217	228	223	234	368	273	1.870733
224	235	230	241	336	311	2.821394
226	237	232	243	113	108	3.238703
229	240	235	246	370	255	2.568025
236	247	242	253	25	338	1.152231
239	250	245	256	33	93	2.502357
250	261	256	267	35	0	1.003458
266	277	275	286	121	0	0.992640
267	278	276	287	27	0	0.813956
284	295	293	304	376	340	2.433654
298	309	306	317	12	168	2.061194
306	317	314	325	141	95	1.602886
355	366	363	374	95	141	1.602886
357	368	365	376	111	23	1.303435
358	369	366	377	0	27	0.813956
382	393	390	401	376	119	2.593517
398	409	405	416	371	45	1.366556
401	412	408	419	368	245	1.282466
406	417	413	424	31	44	3.860324
409	420	416	427	371	397	2.825224
410	421	417	428	371	23	2.562026
413	424	420	431	79	287	1.970184
416	427	423	434	65	98	2.939651
417	428	424	435	388	281	2.197854
418	429	425	436	110	24	1.015908
444	455	448	459	40	198	1.579973
