start1	end1	start2	end2	frag1	frag2	frag_rmsd
5	16	5	16	300	367	3.208377
10	21	10	21	84	360	1.521872
28	39	28	39	326	225	2.488373
30	41	30	41	45	371	1.366556
31	42	31	42	111	105	1.800114
44	55	43	54	392	178	1.899502
46	57	45	56	126	84	1.909341
47	58	46	57	357	61	2.416361
55	66	54	65	356	316	2.665484
56	67	55	66	360	322	1.453720
57	68	56	67	360	84	1.521872
69	80	67	78	42	126	2.008935
70	81	68	79	357	126	2.400813
80	91	78	89	322	126	2.289807
83	94	81	92	215	313	2.543151
88	99	86	97	128	300	3.067607
92	103	90	101	362	310	2.791292
103	114	101	112	34	324	2.516852
119	130	117	128	215	28	2.173200
135	146	133	144	86	19	2.784581
147	158	145	156	181	376	3.336328
148	159	146	157	181	93	2.886996
162	173	162	173	328	343	1.513701
168	179	168	179	387	154	3.114350
