start1	end1	start2	end2	frag1	frag2	frag_rmsd
6	17	8	19	100	235	1.231875
9	20	11	22	63	171	3.101650
12	23	14	25	55	21	2.054944
13	24	15	26	71	209	3.071330
27	38	29	40	353	147	1.930020
