start1	end1	start2	end2	frag1	frag2	frag_rmsd
5	16	4	15	322	132	1.945705
6	17	5	16	126	322	2.289807
7	18	6	17	258	61	1.652270
11	22	10	21	138	117	3.037470
12	23	11	22	177	78	2.489769
13	24	12	23	227	361	3.523109
18	29	17	28	371	216	1.502072
25	36	24	35	124	17	2.100408
30	41	29	40	390	229	2.341461
35	46	34	45	126	248	2.586560
37	48	36	47	126	322	2.289807
38	49	37	48	258	84	2.915962
39	50	38	49	167	313	2.555667
40	51	39	50	293	162	2.889570
45	56	44	55	314	120	2.716567
47	58	46	57	107	57	2.508886
48	59	47	58	132	84	2.205557
50	61	49	60	360	322	1.453720
52	63	51	62	258	357	1.886183
53	64	52	63	293	389	2.078620
54	65	53	64	73	114	2.858654
56	67	55	66	117	130	2.630877
57	68	56	67	390	177	2.707335
58	69	57	68	171	254	2.333644
59	70	58	69	299	268	2.793043
61	72	60	71	137	43	2.930668
62	73	61	72	397	51	2.972136
63	74	62	73	353	45	1.252194
65	76	64	75	27	0	0.813956
71	82	70	81	44	139	2.557292
72	83	71	82	139	50	1.891742
75	86	74	85	14	97	2.674511
77	88	76	87	302	310	2.918408
81	92	80	91	258	357	1.886183
