start1	end1	start2	end2	frag1	frag2	frag_rmsd
10	21	7	18	388	108	2.582574
14	25	11	22	378	229	1.841616
24	35	21	32	250	349	3.416743
25	36	22	33	8	331	2.506271
29	40	26	37	392	178	1.899502
30	41	27	38	248	126	2.586560
32	43	29	40	258	61	1.652270
33	44	30	41	386	215	2.923910
34	45	31	42	329	73	2.227621
35	46	32	43	96	83	1.987429
36	47	33	44	20	327	2.071002
37	48	34	45	59	375	3.613962
38	49	35	46	375	393	2.214683
39	50	36	47	363	298	2.950286
40	51	37	48	91	157	2.006819
46	57	43	54	80	258	2.273429
51	62	48	59	367	59	2.032515
54	65	51	62	331	302	2.430370
56	67	53	64	126	395	1.849402
65	76	62	73	151	318	2.401869
68	79	65	76	322	360	1.453720
71	82	68	79	360	322	1.453720
72	83	69	80	126	42	2.008935
78	89	75	86	163	204	2.282314
79	90	76	87	323	68	2.650394
111	122	109	120	221	301	2.892481
115	126	113	124	258	357	1.886183
