start1	end1	start2	end2	frag1	frag2	frag_rmsd
5	16	8	19	0	35	1.003458
31	42	30	41	0	127	0.813264
32	43	31	42	127	60	1.135321
34	45	33	44	35	49	1.783586
36	47	35	46	271	161	1.954501
38	49	37	48	354	268	2.147233
44	55	43	54	273	0	1.419073
46	57	45	56	121	0	0.992640
47	58	46	57	27	127	1.019607
48	59	47	58	0	16	0.775259
54	65	53	64	52	228	1.946289
56	67	55	66	44	230	2.806219
69	80	68	79	127	368	1.781241
94	105	94	105	277	294	2.827017
96	107	96	107	256	156	2.527395
107	118	107	118	118	166	2.028517
123	134	123	134	235	338	2.509048
127	138	127	138	393	164	2.491372
130	141	130	141	143	395	2.173947
134	145	134	145	369	225	2.174537
135	146	135	146	22	141	1.438165
136	147	136	147	123	45	1.488609
174	185	169	180	216	196	1.905582
175	186	170	181	111	27	1.266595
176	187	171	182	0	16	0.775259
177	188	172	183	0	121	0.992640
178	189	173	184	0	27	0.813956
186	197	181	192	76	339	2.745218
