start1	end1	start2	end2	frag1	frag2	frag_rmsd
1	12	1	12	158	61	2.386508
2	13	2	13	198	258	1.817841
3	14	3	14	10	167	2.163335
4	15	4	15	54	40	3.172050
5	16	5	16	183	391	2.447973
6	17	6	17	218	54	2.756434
7	18	7	18	151	183	2.579834
11	22	11	22	392	357	2.035569
13	24	13	24	392	395	1.956324
15	26	15	26	176	162	2.557893
19	30	19	30	216	45	1.903162
24	35	24	35	16	0	0.775259
25	36	25	36	16	0	0.775259
31	42	31	42	201	232	3.007421
32	43	32	43	342	164	2.542474
36	47	36	47	198	40	1.579973
40	51	40	51	274	299	2.462843
41	52	41	52	364	56	2.930249
44	55	44	55	396	22	2.425487
119	130	124	135	121	216	1.107965
160	171	168	179	111	23	1.303435
161	172	169	180	0	27	0.813956
163	174	171	182	0	127	0.813264
166	177	174	185	127	37	1.685836
167	178	175	186	144	149	1.522937
172	183	180	191	164	365	2.534748
209	220	220	231	126	374	2.937961
210	221	221	232	258	198	1.817841
211	222	222	233	293	10	1.943477
212	223	223	234	92	54	3.128165
213	224	224	235	163	255	2.521993
224	235	236	247	162	176	2.557893
230	241	242	253	0	273	1.419073
231	242	243	254	0	184	1.197355
232	243	244	255	0	121	0.992640
233	244	245	256	0	27	0.813956
235	246	247	258	0	35	1.003458
236	247	248	259	188	144	1.413047
238	249	250	261	235	277	1.734496
239	250	251	262	33	288	1.743390
241	252	253	264	164	363	1.880850
243	254	255	266	218	143	2.049999
244	255	256	267	395	187	2.388178
245	256	257	268	40	187	2.485770
266	277	281	292	174	133	1.804231
303	314	312	323	121	184	1.193672
305	316	314	325	0	16	0.775259
306	317	315	326	0	121	0.992640
307	318	316	327	127	196	1.155792
308	319	317	328	149	144	1.522937
309	320	318	329	180	338	1.985909
312	323	321	332	232	6	1.900358
313	324	322	333	256	164	2.413952
330	341	345	356	27	0	0.813956
331	342	346	357	121	0	0.992640
338	349	353	364	174	133	1.804231
346	357	361	372	314	133	2.775255
348	359	363	374	395	126	1.849402
350	361	365	376	293	167	1.284317
351	362	366	377	92	40	1.759016
353	364	368	379	54	370	2.155444
355	366	370	381	151	331	2.619964
356	367	371	382	391	395	2.221324
357	368	372	383	183	357	2.467299
368	379	384	395	0	16	0.775259
369	380	385	396	0	16	0.775259
382	393	397	408	143	167	3.059042
383	394	398	409	198	40	1.579973
385	396	400	411	89	309	1.629779
389	400	404	415	111	23	1.303435
390	401	405	416	144	25	1.398598
393	404	408	419	119	238	2.352658
394	405	409	420	273	341	2.353515
395	406	410	421	240	81	2.752876
396	407	411	422	53	216	2.785158
398	409	413	424	216	121	1.107965
399	410	414	425	111	27	1.266595
