start1	end1	start2	end2	frag1	frag2	frag_rmsd
4	15	2	13	313	74	2.543058
9	20	7	18	375	367	2.523916
11	22	9	20	298	285	2.888822
14	25	12	23	322	158	2.437978
36	47	31	42	351	162	2.473278
39	50	34	45	55	21	2.054944
40	51	35	46	388	214	2.708895
63	74	62	73	84	360	1.521872
64	75	63	74	360	126	2.237959
66	77	65	76	167	293	1.284317
