start1	end1	start2	end2	frag1	frag2	frag_rmsd
3	14	5	16	28	258	2.447437
15	26	23	34	220	0	1.838539
16	27	24	35	216	0	1.961923
17	28	25	36	111	0	1.805292
19	30	27	38	35	0	1.003458
22	33	30	41	284	235	2.316448
23	34	31	42	104	33	2.171568
25	36	33	44	164	363	1.880850
26	37	34	45	302	363	2.467216
28	39	36	47	187	318	2.503665
48	59	53	64	35	0	1.003458
49	60	54	65	368	127	1.781241
50	61	55	66	118	149	1.094155
51	62	56	67	249	17	1.089644
52	63	57	68	319	279	1.889850
53	64	58	69	354	295	1.529198
54	65	59	70	160	153	2.634094
55	66	60	71	31	231	1.286233
96	107	134	145	0	27	0.813956
138	149	178	189	322	360	1.453720
150	161	207	218	74	80	2.193283
157	168	214	225	178	331	2.377337
159	170	216	227	132	318	1.806699
174	185	227	238	122	329	1.972439
181	192	234	245	379	132	2.789939
182	193	235	246	42	360	2.763434
183	194	236	247	258	389	2.040431
184	195	237	248	386	28	1.926117
185	196	238	249	102	329	2.502959
187	198	240	251	390	229	2.341461
189	200	242	253	91	298	2.033592
190	201	243	254	356	107	1.430031
191	202	244	255	126	107	2.640432
192	203	245	256	389	313	2.390236
201	212	254	265	288	283	2.531015
204	215	257	268	314	21	3.257425
205	216	258	269	226	71	2.608111
208	219	261	272	360	107	2.749925
210	221	263	274	126	360	2.237959
225	236	276	287	322	360	1.453720
227	238	278	289	322	61	1.532523
228	239	279	290	322	389	2.292898
230	241	281	292	374	162	2.026859
231	242	282	293	198	38	3.319103
232	243	283	294	140	312	1.998926
