start1	end1	start2	end2	frag1	frag2	frag_rmsd
11	22	13	24	260	284	1.981488
14	25	16	27	256	103	2.482641
15	26	17	28	98	177	2.962494
31	42	32	43	192	56	3.050698
37	48	38	49	22	141	1.438165
