start1	end1	start2	end2	frag1	frag2	frag_rmsd
1	12	1	12	357	248	1.838513
27	38	26	37	132	178	2.174432
28	39	27	38	84	132	2.205557
29	40	28	39	126	84	1.909341
30	41	29	40	360	322	1.453720
43	54	42	53	322	360	1.453720
47	58	46	57	358	117	2.136260
64	75	63	74	392	126	1.978049
69	80	68	79	323	239	2.260356
78	89	77	88	132	357	1.964894
