start1	end1	start2	end2	frag1	frag2	frag_rmsd
3	14	1	12	360	392	2.657878
4	15	2	13	258	322	2.166966
5	16	3	14	258	360	2.306964
10	21	8	19	395	391	2.221324
11	22	9	20	318	80	2.387008
16	27	14	25	32	82	2.553400
21	32	19	30	168	69	1.769267
22	33	20	31	307	339	2.624244
25	36	23	34	395	302	2.496823
32	43	30	41	322	357	2.219787
34	45	32	43	28	114	1.637541
35	46	33	44	2	309	2.074374
60	71	58	69	0	127	0.813264
64	75	62	73	168	377	1.816464
65	76	63	74	47	75	2.398635
68	79	66	77	274	152	2.290286
70	81	68	79	195	276	1.460134
73	84	71	82	4	23	1.335798
92	103	91	102	356	84	1.970757
93	104	92	103	322	360	1.453720
95	106	94	105	374	158	1.692551
109	120	110	121	132	322	1.945705
