start1	end1	start2	end2	frag1	frag2	frag_rmsd
59	70	66	77	108	337	3.660818
65	76	72	83	266	382	3.541655
115	126	119	130	98	385	1.817464
118	129	122	133	209	218	2.745118
119	130	123	134	364	241	2.839923
120	131	124	135	202	122	3.595808
136	147	139	150	386	323	2.469135
137	148	140	151	92	246	2.434579
