start1	end1	start2	end2	frag1	frag2	frag_rmsd
8	19	21	32	121	0	0.992640
9	20	22	33	27	0	0.813956
11	22	24	35	16	0	0.775259
14	25	27	38	25	338	1.152231
15	26	28	39	161	235	1.099262
29	40	41	52	380	319	2.054582
39	50	51	62	16	0	0.775259
40	51	52	63	16	0	0.775259
41	52	53	64	121	0	0.992640
42	53	54	65	196	0	1.046929
