start1	end1	start2	end2	frag1	frag2	frag_rmsd
1	12	1	12	61	258	1.652270
2	13	2	13	374	386	2.195278
9	20	9	20	41	380	1.363415
55	66	48	59	97	363	1.939160
57	68	50	61	178	57	1.951934
88	99	75	86	0	111	1.805292
89	100	76	87	188	368	1.404624
91	102	78	89	100	377	1.241297
92	103	79	90	294	307	2.981011
93	104	80	91	134	335	1.552550
94	105	81	92	382	236	2.787446
104	115	91	102	239	293	2.280486
107	118	94	105	276	195	1.460134
