start1	end1	start2	end2	frag1	frag2	frag_rmsd
73	84	30	41	107	318	2.418216
91	102	50	61	376	9	2.546357
92	103	51	62	376	129	1.562683
93	104	52	63	394	223	1.646543
94	105	53	64	394	147	2.672883
95	106	54	65	4	23	1.335798
96	107	55	66	188	368	1.404624
99	110	58	69	288	33	1.743390
125	136	87	98	132	248	2.493342
126	137	88	99	132	84	2.205557
138	149	101	112	395	107	2.432305
139	150	102	113	132	392	1.839294
153	164	117	128	95	51	1.563872
154	165	118	129	353	45	1.252194
161	172	125	136	0	35	1.003458
162	173	126	137	0	368	2.061254
163	174	127	138	0	16	0.775259
164	175	128	139	0	170	1.959205
165	176	129	140	127	196	1.155792
166	177	130	141	118	273	2.245766
