start1	end1	start2	end2	frag1	frag2	frag_rmsd
18	29	8	19	16	0	0.775259
43	54	33	44	118	144	1.639526
47	58	37	48	305	376	2.683719
48	59	38	49	303	269	1.007020
51	62	41	52	366	355	2.496573
52	63	42	53	364	349	3.061133
