start1	end1	start2	end2	frag1	frag2	frag_rmsd
15	26	15	26	339	233	2.655742
16	27	16	27	307	134	2.897128
23	34	23	34	232	355	2.143807
43	54	43	54	81	3	3.573667
52	63	52	63	115	43	2.777695
57	68	57	68	216	121	1.107965
63	74	63	74	338	25	1.152231
67	78	67	78	156	164	1.408711
70	81	70	81	178	143	1.650270
80	91	80	91	228	52	1.946289
81	92	81	92	341	264	2.042352
83	94	83	94	82	327	3.147020
89	100	89	100	125	326	2.778073
108	119	108	119	302	174	2.621173
110	121	110	121	322	389	2.292898
113	124	113	124	80	74	2.193283
124	135	124	135	161	69	1.879688
129	140	129	140	9	275	2.970815
130	141	130	141	129	9	2.467110
133	144	133	144	147	223	1.957202
144	155	144	155	35	0	1.003458
145	156	145	156	245	368	1.282466
146	157	146	157	16	260	1.076875
149	160	149	160	166	256	3.230247
152	163	152	163	232	325	3.339524
157	168	157	168	74	84	2.819412
176	187	176	187	375	365	1.934439
183	194	183	194	45	223	1.647681
210	221	210	221	91	302	2.022399
212	223	212	223	270	84	2.302063
213	224	213	224	360	84	1.521872
214	225	214	225	126	42	2.008935
220	231	220	231	258	61	1.652270
244	255	244	255	0	5	1.445826
245	256	245	256	196	35	1.146322
250	261	250	261	283	288	2.531015
257	268	257	268	45	216	1.903162
258	269	258	269	4	111	0.994513
262	273	262	273	338	25	1.152231
266	277	266	277	314	363	2.815277
271	282	271	282	2	343	1.502106
272	283	272	283	194	225	1.011234
278	289	278	289	124	60	2.161067
280	291	280	291	398	154	2.760865
283	294	283	294	163	331	1.919656
286	297	286	297	318	126	2.511599
288	299	288	299	198	42	2.139345
289	300	289	300	391	42	2.281049
311	322	309	320	74	198	3.018816
312	323	310	321	374	28	1.355458
314	325	312	323	391	140	2.255408
321	332	319	330	375	200	3.058529
328	339	326	337	147	241	1.629783
347	358	344	355	318	106	2.386148
351	362	348	359	360	126	2.237959
393	404	389	400	392	74	2.779359
394	405	390	401	356	360	2.206112
406	417	402	413	59	268	3.847842
424	435	420	431	157	272	2.542345
426	437	422	433	211	162	2.462839
439	450	435	446	88	33	2.091698
