start1	end1	start2	end2	frag1	frag2	frag_rmsd
2	13	17	28	0	16	0.775259
4	15	19	30	0	196	1.046929
5	16	20	31	0	27	0.813956
6	17	21	32	0	16	0.775259
12	23	27	38	0	16	0.775259
15	26	30	41	118	24	1.501714
16	27	31	42	79	69	2.592754
17	28	32	43	139	75	2.112541
18	29	33	44	139	337	3.192359
19	30	34	45	269	336	4.190215
20	31	35	46	269	304	4.301696
22	33	37	48	376	304	4.142643
23	34	38	49	128	101	3.332496
24	35	39	50	367	103	3.695424
30	41	45	56	78	222	3.077120
31	42	46	57	120	342	3.028426
32	43	47	58	182	29	1.423903
40	51	55	66	304	390	2.928597
51	62	66	77	111	4	0.994513
73	84	90	101	27	0	0.813956
81	92	98	109	16	0	0.775259
112	123	132	143	10	140	1.985493
117	128	137	148	56	80	3.303919
119	130	139	150	190	326	2.057006
135	146	155	166	0	35	1.003458
136	147	156	167	188	35	1.339917
137	148	157	168	25	166	1.364085
139	150	159	170	294	277	2.827017
163	174	195	206	52	144	1.886184
182	193	214	225	45	371	1.366556
190	201	222	233	0	16	0.775259
191	202	223	234	0	16	0.775259
192	203	224	235	0	196	1.046929
193	204	225	236	0	196	1.046929
194	205	226	237	0	273	1.419073
195	206	227	238	0	184	1.197355
196	207	228	239	0	121	0.992640
198	209	230	241	338	25	1.152231
210	221	244	255	196	0	1.046929
214	225	248	259	27	0	0.813956
241	252	285	296	216	89	2.255267
246	257	290	301	127	0	0.813264
266	277	309	320	129	376	1.562683
275	286	318	329	16	0	0.775259
276	287	319	330	127	0	0.813264
277	288	320	331	16	0	0.775259
283	294	326	337	139	119	2.402640
300	311	341	352	172	38	2.710375
302	313	343	354	78	342	2.611060
322	333	368	379	0	121	0.992640
324	335	370	381	0	27	0.813956
329	340	375	386	188	166	1.839547
341	352	388	399	238	45	2.079714
374	385	431	442	0	16	0.775259
377	388	434	445	0	16	0.775259
378	389	435	446	0	184	1.197355
379	390	436	447	0	121	0.992640
384	395	441	452	180	249	1.782972
386	397	443	454	228	387	1.467269
388	399	445	456	131	332	3.010832
392	403	449	460	222	285	2.219445
412	423	469	480	371	45	1.366556
