start1	end1	start2	end2	frag1	frag2	frag_rmsd
33	44	42	53	253	151	2.347071
34	45	43	54	379	302	2.457672
35	46	44	55	132	143	2.277784
36	47	45	56	126	167	2.697257
67	78	78	89	61	360	1.959112
89	100	105	116	4	0	1.783926
112	123	131	142	81	220	2.536266
150	161	172	183	258	61	1.652270
151	162	173	184	357	392	2.035569
196	207	240	251	0	127	0.813264
197	208	241	252	0	16	0.775259
215	226	262	273	191	148	2.267190
228	239	279	290	229	8	2.359772
229	240	280	291	47	325	2.065922
236	247	287	298	239	389	2.206659
237	248	288	299	374	215	2.387500
239	250	290	301	205	334	2.027607
242	253	293	304	75	214	2.776051
243	254	294	305	354	358	3.071152
244	255	295	306	82	336	2.722974
249	260	300	311	302	165	2.626395
250	261	301	312	74	392	2.779359
256	267	307	318	310	140	3.331833
269	280	340	351	212	70	2.734556
