start1	end1	start2	end2	frag1	frag2	frag_rmsd
5	16	8	19	338	18	1.332509
9	20	12	23	156	164	1.408711
10	21	13	24	174	331	1.879546
17	28	20	31	28	386	1.926117
22	33	25	36	363	365	2.484110
23	34	26	37	302	272	2.325891
34	45	37	48	193	273	2.726192
35	46	38	49	231	15	2.801572
36	47	39	50	95	353	3.070335
37	48	40	51	267	166	2.613315
38	49	41	52	267	271	2.239087
41	52	44	55	173	298	3.246915
42	53	45	56	107	173	2.657406
43	54	46	57	389	395	2.168049
44	55	47	58	114	392	3.314967
45	56	48	59	309	248	2.728816
46	57	49	60	58	258	3.180917
47	58	50	61	297	246	2.516265
48	59	51	62	214	329	3.499733
49	60	52	63	139	336	3.236431
50	61	53	64	311	304	3.131613
51	62	54	65	34	390	3.331273
52	63	55	66	171	254	2.333644
53	64	56	67	268	254	3.395604
54	65	57	68	136	30	2.124963
55	66	58	69	131	192	2.850174
56	67	59	70	234	181	2.745695
57	68	60	71	301	361	2.339875
60	71	63	74	356	208	3.016373
61	72	64	75	322	132	1.945705
64	75	67	78	374	386	2.195278
81	92	84	95	57	42	2.914878
85	96	88	99	42	322	2.200412
86	97	89	100	158	389	2.036257
87	98	90	101	73	28	2.597259
88	99	91	102	210	73	2.056321
102	113	105	116	111	4	0.994513
134	145	137	148	356	84	1.970757
136	147	139	150	313	258	2.044899
143	154	146	157	57	356	1.996521
146	157	149	160	61	389	1.926015
147	158	150	161	28	374	1.355458
148	159	151	162	329	38	2.609070
149	160	152	163	344	130	2.207961
185	196	191	202	15	220	1.671599
196	207	202	213	235	161	1.099262
220	231	226	237	68	204	1.976625
223	234	229	240	276	194	2.357682
242	253	248	259	338	25	1.152231
251	262	257	268	155	92	2.896754
255	266	261	272	122	50	3.364020
263	274	269	280	126	84	1.909341
269	280	275	286	239	389	2.206659
274	285	280	291	159	200	2.404390
275	286	281	292	30	133	3.311750
303	314	310	321	27	196	1.059651
309	320	316	327	79	317	2.788446
312	323	319	330	227	22	2.276264
314	325	321	332	169	224	2.223352
315	326	322	333	60	127	1.135321
330	341	337	348	117	32	3.281039
331	342	338	349	358	304	3.637177
333	344	340	351	304	336	2.812236
335	346	342	353	336	304	2.812236
336	347	343	354	128	304	3.480455
337	348	344	355	361	232	2.306906
356	367	364	375	309	114	2.217575
357	368	365	376	193	99	2.061111
363	374	371	382	95	66	1.609657
364	375	372	383	45	216	1.903162
382	393	390	401	316	272	2.636248
385	396	393	404	248	84	2.774836
386	397	394	405	258	158	2.560971
406	417	414	425	297	239	3.061159
415	426	423	434	0	35	1.003458
421	432	429	440	240	273	2.192594
425	436	433	444	161	79	2.349571
427	438	435	446	93	376	2.792367
