start1	end1	start2	end2	frag1	frag2	frag_rmsd
12	23	18	29	54	248	2.082630
14	25	20	31	297	348	2.452514
16	27	22	33	13	266	1.425161
44	55	54	65	57	174	3.312263
