start1	end1	start2	end2	frag1	frag2	frag_rmsd
7	18	7	18	65	227	2.070036
8	19	8	19	223	123	1.416700
9	20	9	20	111	4	0.994513
39	50	37	48	27	121	1.355932
41	52	39	50	25	338	1.152231
105	116	102	113	25	338	1.152231
109	120	106	117	164	363	1.880850
110	121	107	118	174	302	2.621173
112	123	109	120	126	84	1.909341
114	125	111	122	389	158	2.036257
115	126	112	123	28	215	2.173200
194	205	237	248	27	0	0.813956
241	252	275	286	118	149	1.094155
242	253	276	287	251	180	1.423305
243	254	277	288	233	380	2.132465
245	256	279	290	164	355	2.821670
249	260	283	294	204	163	2.282314
250	261	284	295	323	38	3.071655
253	264	287	298	369	129	2.160628
255	266	289	300	123	45	1.488609
261	272	295	306	100	235	1.231875
280	291	311	322	111	121	2.181384
281	292	312	323	0	27	0.813956
282	293	313	324	196	0	1.046929
283	294	314	325	273	0	1.419073
284	295	315	326	16	0	0.775259
286	297	317	328	25	338	1.152231
287	298	318	329	161	235	1.099262
289	300	320	331	33	288	1.743390
320	331	352	363	0	16	0.775259
322	333	354	365	0	127	0.813264
323	334	355	366	127	149	1.616553
