start1	end1	start2	end2	frag1	frag2	frag_rmsd
3	14	3	14	363	63	3.064121
5	16	5	16	356	310	3.182179
6	17	6	17	132	208	2.303221
33	44	38	49	84	395	2.768522
54	65	60	71	174	331	1.879546
59	70	65	76	28	386	1.926117
65	76	71	82	277	235	1.734496
69	80	75	86	272	91	2.404085
70	81	76	87	132	356	2.067486
73	84	79	90	122	96	1.013426
87	98	92	103	4	70	1.352136
88	99	93	104	0	16	0.775259
89	100	94	105	0	121	0.992640
90	101	95	106	0	196	1.046929
