start1	end1	start2	end2	frag1	frag2	frag_rmsd
24	35	21	32	263	172	2.306870
56	67	55	66	192	213	2.401294
61	72	60	71	64	146	1.629420
