start1	end1	start2	end2	frag1	frag2	frag_rmsd
1	12	5	16	61	258	1.652270
2	13	6	17	389	323	2.182032
38	49	40	51	174	97	2.041055
58	69	60	71	121	0	0.992640
59	70	61	72	27	0	0.813956
75	86	78	89	152	268	2.157053
79	90	82	93	396	227	2.329098
87	98	90	101	294	277	2.827017
88	99	91	102	6	232	1.900358
90	101	93	104	97	363	1.939160
93	104	96	107	187	162	2.227353
94	105	97	108	211	343	2.532802
95	106	98	109	125	1	1.934180
108	119	111	122	188	35	1.339917
144	155	153	164	16	0	0.775259
149	160	158	169	104	33	2.171568
152	163	161	172	331	174	1.879546
155	166	164	175	248	57	2.232921
158	169	167	178	343	328	1.513701
160	171	169	180	81	95	1.894859
163	174	172	183	235	41	1.883375
164	175	173	184	33	311	2.256244
165	176	174	185	355	6	2.242598
167	178	176	187	174	171	3.123809
168	179	177	188	218	145	2.631050
169	180	178	189	2	125	2.365365
171	182	180	191	135	397	2.702491
174	185	183	194	27	16	1.218469
176	187	185	196	35	196	1.146322
177	188	186	197	166	118	2.028517
178	189	187	198	338	251	2.138871
179	190	188	199	277	41	1.800987
180	191	189	200	288	311	1.718799
181	192	190	201	6	256	2.076516
182	193	191	202	156	342	2.734524
184	195	193	204	54	253	1.914846
185	196	194	205	143	74	2.114755
190	201	199	210	152	274	2.290286
192	203	201	212	32	292	2.035472
193	204	202	213	129	369	2.160628
194	205	203	214	396	227	2.329098
195	206	204	215	123	223	1.416700
214	225	217	228	348	187	2.633419
215	226	218	229	343	211	2.532802
222	233	225	236	376	93	2.792367
