start1	end1	start2	end2	frag1	frag2	frag_rmsd
13	24	2	13	397	95	2.597544
14	25	3	14	216	45	1.903162
34	45	27	38	121	0	0.992640
56	67	49	60	338	25	1.152231
58	69	51	62	288	277	3.161444
62	73	55	66	261	250	3.502151
63	74	56	67	275	364	2.895333
67	78	60	71	45	147	1.713468
71	82	64	75	127	0	0.813264
