start1	end1	start2	end2	frag1	frag2	frag_rmsd
16	27	9	20	0	27	0.813956
17	28	10	21	0	16	0.775259
18	29	11	22	0	16	0.775259
24	35	17	28	0	16	0.775259
25	36	18	29	0	121	0.992640
26	37	19	30	0	196	1.046929
29	40	22	33	0	127	0.813264
50	61	47	58	0	27	0.813956
53	64	50	61	0	27	0.813956
55	66	52	63	0	27	0.813956
