start1	end1	start2	end2	frag1	frag2	frag_rmsd
12	23	8	19	196	121	1.241736
13	24	9	20	217	127	1.598774
14	25	10	21	0	16	0.775259
15	26	11	22	0	121	0.992640
16	27	12	23	35	196	1.146322
45	56	49	60	16	0	0.775259
46	57	50	61	16	0	0.775259
47	58	51	62	196	0	1.046929
48	59	52	63	27	0	0.813956
49	60	53	64	16	0	0.775259
50	61	54	65	121	0	0.992640
51	62	55	66	27	0	0.813956
