start1	end1	start2	end2	frag1	frag2	frag_rmsd
3	14	5	16	27	0	0.813956
36	47	38	49	127	35	1.273794
50	61	54	65	208	151	2.827388
51	62	55	66	173	185	3.029200
52	63	56	67	348	351	3.054554
62	73	66	77	99	160	2.486686
76	87	80	91	196	0	1.046929
78	89	82	93	16	273	1.325929
80	91	84	95	196	121	1.241736
86	97	90	101	240	184	1.274780
92	103	96	107	101	337	3.289438
104	115	108	119	0	111	1.805292
159	170	150	161	0	127	0.813264
160	171	151	162	127	35	1.273794
161	172	152	163	149	35	1.967607
162	173	153	164	251	166	2.755078
163	174	154	165	287	277	1.480842
