start1	end1	start2	end2	frag1	frag2	frag_rmsd
9	20	9	20	49	170	2.018496
11	22	11	22	144	166	1.768288
13	24	13	24	377	104	1.491193
18	29	18	29	369	225	2.174537
19	30	19	30	141	51	1.428009
23	34	23	34	235	338	2.509048
24	35	24	35	131	277	2.669107
26	37	26	37	268	280	2.159615
37	48	37	48	235	338	2.509048
46	57	46	57	111	4	0.994513
57	68	57	68	35	0	1.003458
60	71	60	71	251	18	1.457612
61	72	61	72	287	377	2.089698
64	75	64	75	385	236	3.334269
67	78	67	78	141	95	1.602886
73	84	73	84	33	277	2.543323
77	88	77	88	136	230	2.068366
89	100	89	100	283	288	2.531015
91	102	91	102	341	63	2.923597
96	107	96	107	118	179	2.651788
101	112	101	112	164	98	2.496244
102	113	102	113	19	179	2.850280
103	114	103	114	218	193	3.177545
104	115	104	115	203	24	3.908169
105	116	105	116	140	148	2.641357
106	117	106	117	71	208	2.491031
