start1	end1	start2	end2	frag1	frag2	frag_rmsd
1	12	2	13	389	258	2.040431
2	13	3	14	386	28	1.926117
12	23	13	24	0	16	0.775259
21	32	22	33	35	0	1.003458
22	33	23	34	166	188	1.839547
28	39	29	40	331	174	1.879546
30	41	31	42	84	392	2.236722
46	57	47	58	30	156	2.417655
64	75	65	76	395	132	2.384097
65	76	66	77	392	322	2.364933
66	77	67	78	389	126	2.201165
67	78	68	79	374	258	2.198304
68	79	69	80	374	80	2.774244
72	83	73	84	388	353	1.838631
73	84	74	85	110	180	1.207298
78	89	79	90	275	265	3.680481
79	90	80	91	9	286	3.579374
81	92	82	93	376	43	3.034280
85	96	86	97	0	121	0.992640
91	102	92	103	377	100	1.241297
95	106	96	107	331	3	2.648256
96	107	97	108	248	57	2.232921
97	108	98	109	392	132	1.839294
99	110	100	111	84	126	1.909341
100	111	101	112	360	322	1.453720
105	116	106	117	312	225	2.907145
108	119	109	120	70	179	2.491249
109	120	110	121	25	180	2.193725
110	121	111	122	79	41	1.603240
111	122	112	123	311	88	2.062164
112	123	113	124	335	134	1.552550
115	126	116	127	195	31	2.276867
134	145	135	146	289	291	3.130604
135	146	136	147	154	282	3.165032
152	163	157	168	162	374	2.026859
155	166	160	171	141	51	1.428009
167	178	172	183	35	0	1.003458
169	180	174	185	338	166	1.595083
182	193	187	198	130	358	2.067353
185	196	190	201	376	340	2.433654
188	199	193	204	4	111	0.994513
197	208	202	213	121	196	1.241736
210	221	215	226	328	2	1.547551
218	229	223	234	245	368	1.282466
220	231	225	236	170	287	1.992976
226	237	231	242	39	97	2.692864
236	247	241	252	0	16	0.775259
240	251	245	256	16	0	0.775259
242	253	247	258	16	0	0.775259
243	254	248	259	87	188	1.255021
245	256	250	261	380	100	1.630511
252	263	257	268	91	208	2.279860
256	267	261	272	258	389	2.040431
257	268	262	273	329	73	2.227621
262	273	267	278	133	285	1.901995
264	275	269	280	158	389	2.036257
282	293	287	298	125	137	2.378921
291	302	296	307	35	0	1.003458
335	346	345	356	0	16	0.775259
