start1	end1	start2	end2	frag1	frag2	frag_rmsd
13	24	9	20	360	84	1.521872
55	66	50	61	107	57	2.508886
57	68	52	63	61	258	1.652270
