start1	end1	start2	end2	frag1	frag2	frag_rmsd
10	21	10	21	213	117	2.137352
14	25	14	25	57	356	1.996521
15	26	15	26	84	126	1.909341
27	38	26	37	151	91	2.263245
30	41	29	40	389	158	2.036257
31	42	30	41	158	73	3.518814
32	43	31	42	210	13	3.365089
44	55	46	57	329	28	2.589986
52	63	54	65	158	61	2.386508
54	65	56	67	163	391	2.193995
55	66	57	68	209	386	1.853397
56	67	58	69	138	364	3.034605
57	68	59	70	32	86	3.279815
58	69	60	71	21	345	3.043927
59	70	61	72	388	22	2.479205
60	71	62	73	255	388	3.189637
62	73	64	75	208	165	3.080046
63	74	65	76	208	248	2.462286
64	75	66	77	178	57	1.951934
