start1	end1	start2	end2	frag1	frag2	frag_rmsd
2	13	6	17	106	215	2.703324
4	15	8	19	248	309	2.728816
5	16	9	20	379	310	2.615701
6	17	10	21	310	334	2.654164
7	18	11	22	204	19	3.057682
8	19	12	23	358	274	2.773524
19	30	23	34	126	360	2.237959
24	35	28	39	150	20	2.215790
29	40	33	44	364	218	2.605485
33	44	37	48	91	54	2.270861
34	45	38	49	132	57	1.551260
55	66	56	67	200	375	3.058529
66	77	67	78	112	361	3.296315
70	81	71	82	356	57	1.996521
