start1	end1	start2	end2	frag1	frag2	frag_rmsd
11	22	18	29	246	167	2.265205
31	42	45	56	389	297	2.558400
32	43	46	57	73	323	3.012506
37	48	51	62	363	365	2.484110
38	49	52	63	302	133	2.836895
40	51	54	65	61	84	2.287400
62	73	113	124	351	296	2.893150
66	77	117	128	378	234	2.028958
68	79	119	130	108	370	3.055142
89	100	166	177	106	258	2.446350
90	101	167	178	106	248	2.711562
91	102	168	179	398	68	3.301122
94	105	171	182	58	192	1.504351
99	110	176	187	178	383	2.575768
101	112	178	189	61	389	1.926015
102	113	179	190	374	114	1.630636
116	127	202	213	169	4	1.747250
134	145	220	231	360	176	3.064982
136	147	222	233	374	58	3.047663
137	148	223	234	10	205	2.408549
148	159	246	257	71	370	2.349638
149	160	247	258	325	246	2.941551
150	161	248	259	290	247	2.658070
155	166	253	264	341	262	2.794272
173	184	278	289	338	25	1.152231
182	193	287	298	61	360	1.959112
183	194	288	299	374	176	2.511074
185	196	290	301	293	58	2.721404
186	197	291	302	205	68	3.218533
233	244	356	367	0	35	1.003458
238	249	361	372	277	100	1.693324
242	253	365	376	331	174	1.879546
245	256	368	379	318	187	2.503665
246	257	369	380	389	239	2.206659
249	260	372	383	192	125	3.062435
250	261	373	384	21	220	3.523034
261	272	407	418	95	396	2.153849
262	273	408	419	45	123	1.488609
264	275	410	421	0	127	0.813264
307	318	457	468	27	0	0.813956
365	376	498	509	173	398	2.666717
367	378	500	511	211	203	1.857122
368	379	501	512	344	80	3.286867
369	380	502	513	344	296	2.480295
