start1	end1	start2	end2	frag1	frag2	frag_rmsd
11	22	18	29	246	167	2.265205
29	40	43	54	132	84	2.205557
31	42	45	56	389	297	2.558400
32	43	46	57	73	323	3.012506
37	48	51	62	363	365	2.484110
38	49	52	63	302	133	2.836895
52	63	73	84	322	126	2.289807
66	77	117	128	378	234	2.028958
