start1	end1	start2	end2	frag1	frag2	frag_rmsd
4	15	1	12	23	4	1.335798
7	18	4	15	235	277	1.734496
12	23	9	20	194	346	1.855001
18	29	15	26	271	338	1.431102
19	30	16	27	69	100	1.602674
20	31	17	28	139	321	1.880186
21	32	18	29	243	288	2.652879
22	33	19	30	34	252	1.711268
23	34	20	31	256	221	3.344590
25	36	22	33	268	274	2.562781
27	38	24	35	345	194	1.854317
30	41	27	38	111	4	0.994513
