start1	end1	start2	end2	frag1	frag2	frag_rmsd
137	148	162	173	392	178	1.899502
138	149	163	174	360	395	3.113222
139	150	164	175	360	126	2.237959
167	178	193	204	0	217	1.425276
168	179	194	205	0	16	0.775259
