start1	end1	start2	end2	frag1	frag2	frag_rmsd
16	27	16	27	139	181	3.391212
17	28	17	28	288	128	3.102168
22	33	22	33	57	157	2.214777
33	44	33	44	356	84	1.970757
39	50	39	50	181	83	3.273488
41	52	41	52	128	367	2.784997
47	58	47	58	158	379	2.555747
50	61	50	61	150	292	3.273534
52	63	52	63	276	129	2.280948
56	67	56	67	25	18	1.880110
57	68	57	68	161	69	1.879688
59	70	59	70	134	254	2.526557
60	71	60	71	254	63	3.182244
62	73	62	73	192	58	1.504351
69	80	69	80	322	360	1.453720
74	85	74	85	306	276	3.285215
76	87	76	87	156	30	2.417655
105	116	105	116	371	388	2.205221
106	117	106	117	387	110	2.636318
107	118	107	118	264	319	1.327043
115	126	115	126	0	121	0.992640
129	140	129	140	35	0	1.003458
137	148	137	148	63	156	3.190909
166	177	166	177	253	370	2.112806
167	178	167	178	54	302	1.822938
168	179	168	179	143	383	3.040044
169	180	169	180	151	167	2.485552
181	192	181	192	109	354	1.258230
183	194	183	194	340	219	2.504074
185	196	185	196	47	108	2.614443
186	197	186	197	119	47	3.102701
187	198	187	198	376	119	2.593517
190	201	190	201	214	115	3.008133
200	211	200	211	148	204	2.544218
202	213	202	213	74	185	3.393445
203	214	203	214	162	351	2.473278
212	223	212	223	3	54	2.845258
229	240	229	240	189	296	3.667035
257	268	257	268	340	70	2.315250
266	277	266	277	16	0	0.775259
277	288	277	288	356	398	3.148517
294	305	294	305	74	154	3.415103
295	306	295	306	162	62	3.293879
310	321	310	321	119	294	1.937601
312	323	312	323	396	65	2.073749
330	341	330	341	365	393	2.281657
334	345	334	345	322	132	1.945705
335	346	335	346	42	126	2.008935
340	351	340	351	126	357	2.400813
352	363	352	363	84	322	1.955336
367	378	367	378	258	389	2.040431
368	379	368	379	114	158	2.238975
371	382	371	382	152	155	3.294148
374	385	374	385	177	213	2.398173
378	389	378	389	57	132	1.551260
379	390	379	390	395	126	1.849402
394	405	394	405	178	392	1.899502
395	406	395	406	356	126	2.644557
406	417	407	418	301	174	2.796572
423	434	424	435	302	91	2.022399
431	442	432	443	204	323	2.129611
