start1	end1	start2	end2	frag1	frag2	frag_rmsd
10	21	1	12	56	286	2.115586
11	22	2	13	86	193	1.791219
12	23	3	14	125	72	2.135122
15	26	6	17	169	325	2.660518
19	30	10	21	143	183	1.720893
49	60	46	57	132	356	2.067486
72	83	64	75	126	258	2.311822
73	84	65	76	297	389	2.558400
74	85	66	77	246	28	2.083931
78	89	70	81	300	367	3.208377
102	113	86	97	10	357	2.250248
104	115	88	99	152	73	2.865449
133	144	114	125	215	210	2.059582
134	145	115	126	152	38	2.741259
148	159	128	139	0	127	0.813264
149	160	129	140	0	16	0.775259
150	161	130	141	0	49	1.806828
151	162	131	142	188	144	1.413047
152	163	132	143	25	24	2.346644
