start1	end1	start2	end2	frag1	frag2	frag_rmsd
35	46	34	45	6	232	1.900358
36	47	35	46	335	254	2.549212
50	61	49	60	58	192	1.504351
61	72	60	71	388	179	2.378828
65	76	64	75	182	29	1.423903
71	82	70	81	100	377	1.241297
90	101	89	100	63	296	3.504255
99	110	98	109	127	35	1.273794
105	116	104	115	98	222	2.557250
131	142	130	141	144	149	1.522937
137	148	136	147	299	286	2.143065
140	151	139	150	181	21	3.029226
141	152	140	151	113	71	2.980143
159	170	158	169	59	306	2.781003
163	174	162	173	116	236	2.621661
164	175	163	174	38	19	2.252345
169	180	168	179	370	272	2.686182
178	189	177	188	272	3	2.548933
179	190	178	189	318	173	2.752165
188	199	187	198	285	108	3.598882
196	207	195	206	126	248	2.586560
204	215	203	214	70	169	2.251334
213	224	212	223	181	9	2.710060
216	227	215	226	305	283	3.861263
219	230	218	229	282	259	2.499811
224	235	223	234	223	371	1.695846
