start1	end1	start2	end2	frag1	frag2	frag_rmsd
1	12	2	13	126	395	1.849402
2	13	3	14	297	80	2.266320
4	15	5	16	13	122	2.315071
9	20	10	21	57	3	2.271934
10	21	11	22	132	57	1.551260
13	24	14	25	73	329	2.227621
19	30	20	31	316	272	2.636248
20	31	21	32	248	132	2.493342
49	60	60	71	0	127	0.813264
82	93	83	94	4	0	1.783926
96	107	96	107	29	182	1.423903
110	121	110	121	227	22	2.276264
116	127	116	127	16	0	0.775259
123	134	123	134	280	290	1.950923
125	136	125	136	281	138	2.588324
126	137	126	137	177	275	3.045684
130	141	130	141	137	63	3.500306
133	144	133	144	278	154	2.519580
134	145	134	145	116	75	3.564635
143	154	143	154	122	213	3.114971
145	156	145	156	268	385	2.894825
146	157	146	157	261	230	2.771442
147	158	147	158	31	346	1.101450
154	165	154	165	188	0	1.887540
