start1	end1	start2	end2	frag1	frag2	frag_rmsd
18	29	15	26	121	0	0.992640
26	37	23	34	69	161	1.879688
28	39	25	36	359	396	2.970426
32	43	29	40	111	169	1.734636
55	66	58	69	45	147	1.713468
56	67	59	70	70	4	1.352136
57	68	60	71	184	121	1.193672
58	69	61	72	121	27	1.355932
59	70	62	73	27	0	0.813956
88	99	97	108	353	45	1.252194
89	100	98	109	70	105	2.130748
90	101	99	110	180	25	2.193725
102	113	112	123	23	278	1.527936
114	125	124	135	60	127	1.135321
117	128	127	138	44	196	1.689019
120	131	130	141	216	121	1.107965
146	157	142	153	376	340	2.433654
148	159	144	155	223	216	2.223151
154	165	150	161	127	0	0.813264
155	166	151	162	16	0	0.775259
156	167	152	163	127	0	0.813264
157	168	153	164	16	0	0.775259
158	169	154	165	16	0	0.775259
159	170	155	166	196	0	1.046929
160	171	156	167	27	0	0.813956
161	172	157	168	273	0	1.419073
162	173	158	169	121	0	0.992640
163	174	159	170	27	0	0.813956
182	193	178	189	211	40	2.543938
183	194	179	190	163	38	2.391719
189	200	185	196	135	141	2.553444
201	212	197	208	301	174	2.796572
202	213	198	209	298	91	2.033592
204	215	200	211	126	74	2.701927
211	222	207	218	388	45	1.950228
212	223	208	219	179	169	2.606904
213	224	209	220	12	110	1.401705
214	225	210	221	362	168	1.985841
215	226	211	222	208	307	2.658720
216	227	212	223	29	290	2.914221
219	230	215	226	117	213	2.137352
222	233	218	229	173	97	3.577423
223	234	219	230	107	383	3.824127
237	248	233	244	54	301	3.091302
307	318	301	312	329	28	2.589986
308	319	302	313	328	343	1.513701
322	333	316	327	174	97	2.041055
324	335	318	329	178	143	1.650270
325	336	319	330	248	318	2.702224
326	337	320	331	392	395	1.956324
