start1	end1	start2	end2	frag1	frag2	frag_rmsd
1	12	1	12	121	0	0.992640
2	13	2	13	27	0	0.813956
16	27	16	27	35	0	1.003458
17	28	17	28	127	0	0.813264
18	29	18	29	16	0	0.775259
39	50	34	45	0	4	1.783926
86	97	81	92	27	0	0.813956
95	106	90	101	127	0	0.813264
130	141	143	154	27	0	0.813956
154	165	168	179	56	371	3.194829
155	166	169	180	155	111	3.674227
156	167	170	181	190	240	2.308842
157	168	171	182	135	121	2.338364
158	169	172	183	241	27	2.394441
159	170	173	184	23	0	1.327063
160	171	174	185	27	0	0.813956
166	177	180	191	0	35	1.003458
184	195	198	209	27	0	0.813956
185	196	199	210	127	0	0.813264
186	197	200	211	35	0	1.003458
200	211	227	238	23	0	1.327063
201	212	228	239	27	196	1.059651
202	213	229	240	0	217	1.425276
