start1	end1	start2	end2	frag1	frag2	frag_rmsd
4	15	4	15	2	38	2.598759
28	39	28	39	133	174	1.804231
29	40	29	40	157	57	2.214777
30	41	30	41	316	322	2.531116
31	42	31	42	389	158	2.036257
33	44	33	44	38	391	3.165708
34	45	34	45	312	10	2.490885
35	46	35	46	112	191	3.596074
36	47	36	47	268	274	2.562781
37	48	37	48	160	292	2.571253
40	51	40	51	371	45	1.366556
41	52	41	52	111	4	0.994513
43	54	43	54	184	0	1.197355
44	55	44	55	121	0	0.992640
48	59	48	59	134	52	2.761327
49	60	49	60	6	317	2.803946
51	62	51	62	331	93	3.584891
52	63	52	63	54	370	2.155444
53	64	53	64	143	178	1.650270
55	66	55	66	316	348	2.823182
57	68	57	68	309	92	2.978946
58	69	58	69	138	78	2.902243
122	133	123	134	0	111	1.805292
126	137	127	138	188	0	1.887540
