start1	end1	start2	end2	frag1	frag2	frag_rmsd
31	42	34	45	114	28	1.637541
38	49	41	52	100	377	1.241297
39	50	42	53	294	339	2.275774
41	52	44	55	199	142	3.274947
43	54	46	57	181	213	2.005427
52	63	55	66	328	343	1.513701
58	69	61	72	187	107	3.273161
75	86	79	90	167	183	3.008533
78	89	82	93	248	395	1.997362
81	92	85	96	320	73	2.671755
95	106	100	111	393	365	2.281657
97	108	102	113	57	132	1.551260
102	113	107	118	328	2	1.547551
113	124	120	131	146	221	2.415835
