start1	end1	start2	end2	frag1	frag2	frag_rmsd
1	12	1	12	360	126	2.237959
20	31	20	31	157	178	2.103654
25	36	25	36	126	360	2.237959
30	41	30	41	117	213	2.137352
34	45	34	45	331	253	1.801250
46	57	46	57	47	108	2.614443
48	59	48	59	263	257	2.355703
54	65	54	65	323	29	2.895201
68	79	68	79	357	198	2.385976
71	82	71	82	56	38	2.363646
76	87	76	87	206	153	2.010158
77	88	77	88	257	349	2.525008
80	91	80	91	91	392	2.022503
105	116	105	116	93	232	2.165914
