start1	end1	start2	end2	frag1	frag2	frag_rmsd
7	18	10	21	4	23	1.335798
13	24	16	27	35	0	1.003458
14	25	17	28	144	188	1.413047
21	32	24	35	238	119	2.352658
25	36	28	39	111	27	1.266595
26	37	29	40	188	368	1.404624
27	38	30	41	271	260	1.852839
28	39	31	42	79	287	1.970184
