start1	end1	start2	end2	frag1	frag2	frag_rmsd
42	53	4	15	187	167	2.121763
47	58	9	20	308	364	1.960465
48	59	10	21	2	202	2.509539
56	67	18	29	27	0	0.813956
62	73	24	35	0	16	0.775259
63	74	25	36	60	16	1.442604
64	75	26	37	149	87	1.474472
65	76	27	38	180	260	1.808175
66	77	28	39	41	170	2.029151
67	78	29	40	88	44	2.193327
69	80	31	42	98	284	3.148468
70	81	32	43	268	22	2.585850
71	82	33	44	193	238	2.882464
72	83	34	45	125	224	1.825593
73	84	35	46	15	184	1.630325
74	85	36	47	371	216	1.502072
75	86	37	48	111	27	1.266595
94	105	56	67	351	28	2.541163
111	122	73	84	243	101	2.551150
113	124	75	86	237	32	2.615781
114	125	76	87	268	129	3.009900
115	126	77	88	347	65	2.308913
117	128	79	90	220	170	2.403817
118	129	80	91	165	44	3.273227
119	130	81	92	244	325	2.504919
120	131	82	93	17	24	1.630905
121	132	83	94	315	272	2.717818
124	135	86	97	178	57	1.951934
168	179	130	141	71	272	2.393472
175	186	137	148	185	351	2.540310
180	191	142	153	91	57	2.021486
181	192	143	154	107	356	1.430031
182	193	144	155	356	322	2.017159
185	196	147	158	122	96	1.013426
193	204	155	166	138	206	2.247993
199	210	161	172	121	216	1.107965
212	223	174	185	247	38	2.150232
219	230	181	192	356	360	2.206112
231	242	193	204	84	395	2.768522
232	243	194	205	132	392	1.839294
263	274	216	227	392	143	2.200380
278	289	231	242	183	391	2.447973
280	291	233	244	178	143	1.650270
283	294	236	247	42	395	2.168523
409	420	305	316	90	265	2.096142
