start1	end1	start2	end2	frag1	frag2	frag_rmsd
26	37	26	37	194	231	2.031382
77	88	77	88	161	100	0.978809
85	96	85	96	373	246	2.083918
90	101	90	101	223	123	1.416700
95	106	95	106	166	245	1.760571
133	144	132	143	391	57	2.913520
141	152	140	151	198	40	1.579973
142	153	141	152	130	192	2.198175
147	158	146	157	369	231	2.572214
151	162	150	161	27	0	0.813956
182	193	181	192	28	328	2.829249
183	194	182	193	50	130	3.239249
184	195	183	194	275	336	3.259623
186	197	185	196	181	221	3.881798
187	198	186	197	129	48	3.148720
188	199	187	198	254	240	3.282717
189	200	188	199	197	30	2.932411
194	205	193	204	0	127	0.813264
195	206	194	205	0	16	0.775259
197	208	196	207	0	27	0.813956
202	213	201	212	166	368	1.571683
217	228	216	227	80	343	2.835991
