start1	end1	start2	end2	frag1	frag2	frag_rmsd
15	26	8	19	173	348	2.362281
22	33	15	26	156	352	3.262476
23	34	16	27	112	38	2.815804
24	35	17	28	334	38	3.006318
27	38	20	31	91	3	2.746684
28	39	21	32	356	57	1.996521
29	40	22	33	322	42	2.200412
30	41	23	34	126	211	3.234412
31	42	24	35	203	297	2.332825
47	58	35	46	371	216	1.502072
50	61	38	49	121	0	0.992640
51	62	39	50	27	0	0.813956
53	64	41	52	127	0	0.813264
54	65	42	53	260	0	1.731263
68	79	56	67	74	185	3.393445
87	98	76	87	396	227	2.329098
92	103	81	92	0	196	1.046929
113	124	102	113	40	328	2.597358
114	125	103	114	343	58	2.571558
115	126	104	115	55	21	2.054944
116	127	105	116	85	229	2.777168
117	128	106	117	354	108	3.197373
118	129	107	118	153	212	2.206831
156	167	134	145	344	56	3.495073
158	169	136	147	225	194	1.011234
177	188	155	166	235	161	1.099262
178	189	156	167	277	33	2.543323
179	190	157	168	232	6	1.900358
181	192	159	170	97	174	2.041055
185	196	163	174	84	74	2.819412
187	198	165	176	162	7	2.741569
188	199	166	177	329	130	2.138251
189	200	167	178	275	181	3.137269
194	205	172	183	123	353	1.745147
195	206	173	184	118	144	1.639526
200	211	178	189	113	252	1.744519
215	226	193	204	341	4	1.639279
263	274	238	249	0	27	0.813956
264	275	239	250	0	127	0.813264
307	318	281	292	23	127	1.517918
308	319	282	293	368	118	1.491748
313	324	287	298	342	156	2.734524
315	326	289	300	143	57	2.304628
316	327	290	301	395	107	2.432305
343	354	317	328	15	95	1.966391
349	360	323	334	335	273	3.312142
351	362	325	336	145	216	2.823184
