start1	end1	start2	end2	frag1	frag2	frag_rmsd
6	17	10	21	210	167	3.568288
7	18	11	22	312	391	3.216255
8	19	12	23	54	357	2.709043
23	34	24	35	10	323	2.248517
24	35	25	36	293	68	1.906648
26	37	27	38	152	150	2.343118
27	38	28	39	160	261	2.707511
73	84	65	76	386	328	2.639548
74	85	66	77	102	358	2.219381
75	86	67	78	213	342	2.983105
77	88	69	80	301	253	2.483787
