start1	end1	start2	end2	frag1	frag2	frag_rmsd
24	35	24	35	127	0	0.813264
25	36	25	36	149	188	1.382009
26	37	26	37	18	25	1.880110
27	38	27	38	69	235	2.391649
28	39	28	39	294	33	2.272830
31	42	31	42	136	30	2.124963
46	57	48	59	0	188	1.887540
