start1	end1	start2	end2	frag1	frag2	frag_rmsd
3	14	3	14	163	140	2.273358
20	31	20	31	302	174	2.621173
36	47	36	47	351	11	3.529047
42	53	42	53	78	177	2.489769
45	56	45	56	253	97	2.618413
