start1	end1	start2	end2	frag1	frag2	frag_rmsd
50	61	37	48	91	302	2.022399
51	62	38	49	132	143	2.277784
52	63	39	50	389	167	1.584191
54	65	41	52	92	163	2.362957
55	66	42	53	163	183	2.424667
56	67	43	54	155	178	3.142790
57	68	44	55	185	398	2.987202
126	137	107	118	356	318	2.664318
129	140	110	121	38	329	2.609070
130	141	111	122	117	213	2.137352
131	142	112	123	14	229	2.682356
133	144	114	125	29	226	2.807261
134	145	115	126	151	398	2.424902
135	146	116	127	40	373	2.734962
137	148	118	129	334	64	2.485784
153	164	136	147	379	151	2.133956
180	191	150	161	140	151	2.863118
181	192	151	162	155	54	2.409934
182	193	152	163	185	74	3.393445
183	194	153	164	142	187	3.553214
184	195	154	165	312	7	3.254391
185	196	155	166	234	213	2.377478
190	201	160	171	151	379	2.133956
191	202	161	172	349	40	3.067019
221	232	174	185	379	208	2.395686
235	246	189	200	183	208	2.236035
272	283	229	240	155	32	3.559849
275	286	232	243	360	310	3.242298
314	325	265	276	379	42	2.539853
315	326	266	277	391	40	2.291833
374	385	335	346	74	158	3.408717
375	386	336	347	351	28	2.541163
379	390	340	351	281	45	1.651716
381	392	342	353	184	16	1.241286
385	396	346	357	350	60	2.003689
388	399	349	360	380	79	1.921925
