start1	end1	start2	end2	frag1	frag2	frag_rmsd
11	22	18	29	356	107	1.430031
16	27	23	34	292	82	2.425930
35	46	42	53	216	121	1.107965
36	47	43	54	27	111	1.266595
60	71	63	74	0	273	1.419073
61	72	64	75	0	184	1.197355
62	73	65	76	127	121	1.288055
76	87	83	94	110	180	1.207298
81	92	88	99	141	66	2.244852
85	96	92	103	16	0	0.775259
86	97	93	104	121	0	0.992640
128	139	127	138	196	0	1.046929
263	274	153	164	328	343	1.513701
264	275	154	165	192	58	1.504351
276	287	166	177	61	360	1.959112
278	289	168	179	61	322	1.532523
293	304	184	195	297	313	1.957711
294	305	185	196	7	329	2.127910
295	306	186	197	102	13	2.280470
297	308	188	199	367	375	2.523916
300	311	191	202	165	383	2.427258
302	313	193	204	297	10	2.722047
303	314	194	205	246	323	2.173724
304	315	195	206	247	274	2.597371
310	321	201	212	219	8	2.941777
311	322	202	213	55	272	2.847699
336	347	225	236	322	258	2.166966
353	364	239	250	57	157	2.214777
370	381	260	271	57	132	1.551260
375	386	265	276	389	313	2.390236
377	388	267	278	96	13	1.738752
437	448	321	332	61	348	2.472281
449	460	333	344	42	158	2.224014
451	462	335	346	248	379	1.639302
452	463	336	347	178	204	2.470310
453	464	337	348	316	383	2.436672
473	484	360	371	356	106	3.003070
477	488	364	375	386	28	1.926117
482	493	369	380	124	325	3.353696
487	498	374	385	209	344	2.693262
488	499	375	386	214	122	3.189775
494	505	381	392	320	297	2.128628
497	508	384	395	378	117	2.521934
779	790	622	633	196	27	1.059651
780	791	623	634	27	196	1.059651
781	792	624	635	121	0	0.992640
782	793	625	636	220	184	1.359897
785	796	628	639	235	100	1.231875
790	801	633	644	132	356	2.067486
792	803	635	646	61	158	2.386508
793	804	636	647	239	320	2.688674
804	815	647	658	164	39	1.807022
806	817	649	660	57	178	1.951934
