start1	end1	start2	end2	frag1	frag2	frag_rmsd
22	33	3	14	364	274	1.999522
23	34	4	15	86	292	2.725013
25	36	6	17	51	141	1.428009
52	63	29	40	322	61	1.532523
55	66	32	43	68	2	2.584832
61	72	38	49	372	202	2.168379
62	73	39	50	55	325	3.035719
65	76	42	53	91	226	2.048829
68	79	45	56	374	215	2.387500
69	80	46	57	329	386	2.809270
72	83	49	60	22	141	1.438165
73	84	50	61	394	45	1.792183
74	85	51	62	267	179	2.950943
92	103	63	74	28	162	1.560721
95	106	66	77	141	51	1.428009
105	116	76	87	127	0	0.813264
122	133	94	105	152	150	2.343118
145	156	117	128	251	271	1.346902
148	159	120	131	151	355	3.568930
151	162	123	134	343	328	1.513701
153	164	125	136	141	51	1.428009
154	165	126	137	388	45	1.950228
180	191	152	163	335	159	2.728124
181	192	153	164	142	30	2.885515
182	193	154	165	112	131	2.361165
184	195	156	167	342	361	2.191841
193	204	165	176	365	375	1.934439
199	210	171	182	312	247	2.616484
200	211	172	183	268	358	3.106093
203	214	175	186	231	194	2.031382
208	219	180	191	0	27	0.813956
214	225	186	197	127	0	0.813264
224	235	196	207	173	3	2.825676
242	253	214	225	389	239	2.206659
262	273	234	245	114	309	2.217575
263	274	235	246	58	192	1.504351
276	287	248	259	158	198	2.252765
277	288	249	260	391	114	2.472373
278	289	250	261	379	334	2.684672
280	291	252	263	57	208	2.152129
281	292	253	264	356	107	1.430031
286	297	258	269	155	68	2.293045
288	299	260	271	308	193	2.072591
289	300	261	272	345	177	2.480500
291	302	263	274	234	101	2.995581
299	310	271	282	317	144	2.413126
318	329	291	302	58	140	2.200384
346	357	318	329	395	272	2.858508
348	359	320	331	334	205	2.027607
350	361	322	333	331	163	1.919656
362	373	334	345	262	182	1.903492
379	390	351	362	168	17	1.555351
394	405	375	386	210	152	2.936843
395	406	376	387	309	136	2.804006
401	412	382	393	48	311	3.296822
422	433	403	414	84	91	2.901645
423	434	404	415	84	356	1.970757
428	439	409	420	391	293	2.396353
439	450	425	436	225	207	1.967256
441	452	427	438	45	216	1.903162
453	464	439	450	347	396	2.691333
460	471	446	457	383	316	2.436672
461	472	447	458	320	386	2.245005
462	473	448	459	122	329	1.972439
469	480	455	466	158	185	2.536032
471	482	457	468	386	297	2.304549
475	486	461	472	85	48	2.776504
477	488	463	474	347	160	2.612646
486	497	472	483	381	233	2.152083
487	498	473	484	294	75	2.540937
489	500	475	486	333	261	2.857609
493	504	479	490	23	111	1.303435
494	505	480	491	27	0	0.813956
