start1	end1	start2	end2	frag1	frag2	frag_rmsd
12	23	12	23	265	21	2.183885
15	26	15	26	137	193	2.219601
27	38	27	38	368	35	2.011347
28	39	28	39	260	368	2.271309
29	40	29	40	170	284	2.372790
30	41	30	41	44	287	2.779828
31	42	31	42	103	311	2.834399
33	44	33	44	229	222	2.786874
34	45	34	45	298	272	2.306193
46	57	46	57	161	100	0.978809
49	60	49	60	333	160	2.412519
51	62	51	62	15	95	1.966391
55	66	55	66	49	121	1.746885
67	78	67	78	360	126	2.237959
69	80	69	80	61	126	2.069075
70	81	70	81	167	258	2.425136
71	82	71	82	40	386	2.633785
72	83	72	83	204	247	2.471062
73	84	73	84	152	38	2.741259
75	86	75	86	117	261	2.951389
76	87	76	87	177	112	3.211665
77	88	77	88	229	361	2.596208
79	90	79	90	91	298	2.033592
80	91	80	91	356	91	2.966574
81	92	81	92	126	395	1.849402
82	93	82	93	322	132	1.945705
83	94	83	94	360	322	1.453720
103	114	103	114	224	70	1.307761
111	122	111	122	273	27	1.481073
125	136	125	136	377	100	1.241297
128	139	128	139	256	34	2.477094
129	140	129	140	186	222	3.271823
130	141	130	141	14	253	2.594932
131	142	131	142	253	178	2.074688
133	144	133	144	84	126	1.909341
134	145	134	145	360	322	1.453720
135	146	135	146	360	322	1.453720
136	147	136	147	126	322	2.289807
138	149	138	149	126	360	2.237959
141	152	141	152	167	374	2.251345
143	154	143	154	102	275	2.474820
144	155	144	155	275	181	3.137269
147	158	147	158	254	189	3.065349
149	160	149	160	142	7	3.637392
167	178	167	178	345	195	2.125554
171	182	171	182	184	240	1.274780
181	192	181	192	184	16	1.241286
183	194	183	194	25	24	2.346644
201	212	201	212	166	368	1.571683
203	214	203	214	381	49	2.069564
205	216	205	216	201	256	2.397156
207	218	207	218	232	104	2.993256
211	222	211	222	348	258	2.128741
212	223	212	223	167	293	1.284317
232	243	232	243	133	302	2.836895
238	249	238	249	28	374	1.355458
268	279	270	281	16	0	0.775259
270	281	272	283	196	127	1.155792
271	282	273	284	127	368	1.781241
272	283	274	285	260	18	1.686863
273	284	275	286	170	377	2.232639
274	285	276	287	52	75	2.667684
275	286	277	288	338	280	3.110332
276	287	278	289	98	131	2.711170
277	288	279	290	33	342	3.506176
278	289	280	291	355	229	3.128281
279	290	281	292	363	3	2.560867
280	291	282	293	57	91	2.021486
281	292	283	294	132	356	2.067486
284	295	286	297	343	207	2.291251
285	296	287	298	207	148	3.087205
