start1	end1	start2	end2	frag1	frag2	frag_rmsd
14	25	13	24	27	184	1.585485
15	26	14	25	184	121	1.193672
16	27	15	26	121	0	0.992640
17	28	16	27	27	0	0.813956
37	48	36	47	0	16	0.775259
51	62	50	61	15	51	2.489994
52	63	51	62	388	45	1.950228
53	64	52	63	267	166	2.613315
55	66	54	65	33	277	2.543323
58	69	57	68	314	363	2.815277
63	74	62	73	369	275	3.168387
71	82	70	81	70	340	2.315250
75	86	74	85	25	359	2.215761
87	98	86	97	127	27	1.019607
91	102	90	101	273	27	1.481073
92	103	91	102	16	0	0.775259
122	133	121	132	132	57	1.551260
123	134	122	133	126	389	2.201165
125	136	124	135	42	258	2.172989
141	152	140	151	187	296	2.946837
160	171	159	170	236	385	3.334269
176	187	176	187	296	173	2.914613
181	192	181	192	330	335	4.336785
182	193	182	193	385	98	1.817464
211	222	211	222	213	68	3.458446
214	225	214	225	250	236	2.891486
215	226	215	226	46	275	3.281317
217	228	217	228	181	390	2.547914
219	230	219	230	301	171	2.965473
230	241	230	241	2	86	1.884148
237	248	237	248	77	338	1.893036
246	257	246	257	27	127	1.019607
271	282	271	282	104	294	2.248622
286	297	286	297	302	107	3.191837
309	320	311	322	274	247	2.597371
312	323	314	325	390	342	2.862403
317	328	319	330	126	392	1.978049
318	329	320	331	392	258	2.406167
321	332	323	334	204	293	2.075474
323	334	325	336	38	163	2.391719
324	335	326	337	155	334	2.463229
326	337	328	339	174	178	2.867621
