start1	end1	start2	end2	frag1	frag2	frag_rmsd
4	15	4	15	174	263	2.638837
29	40	29	40	313	389	2.390236
31	42	31	42	13	266	1.425161
38	49	38	49	132	392	1.839294
53	64	53	64	240	184	1.274780
61	72	61	72	127	0	0.813264
81	92	81	92	247	246	2.037135
90	101	90	101	374	383	3.127014
93	104	93	104	163	178	2.792059
95	106	95	106	392	178	1.899502
