start1	end1	start2	end2	frag1	frag2	frag_rmsd
64	75	53	64	92	40	1.759016
66	77	55	66	370	205	2.172786
69	80	58	69	356	173	3.062883
70	81	59	70	61	258	1.652270
71	82	60	71	126	343	4.132489
72	83	61	72	258	211	2.430006
73	84	62	73	293	140	2.796686
74	85	63	74	122	214	3.189775
75	86	64	75	82	234	2.878314
76	87	65	76	276	48	3.349132
77	88	66	77	128	385	2.824268
78	89	67	78	347	112	3.783231
79	90	68	79	97	342	2.606591
80	91	69	80	362	222	2.312123
81	92	70	81	208	3	2.137017
82	93	71	82	151	91	2.263245
83	94	72	83	157	356	2.870994
84	95	73	84	323	313	2.463705
91	102	80	91	91	302	2.022399
92	103	81	92	356	57	1.996521
94	105	83	94	61	258	1.652270
96	107	85	96	73	68	2.957185
97	108	86	97	96	152	3.340467
98	109	87	98	292	138	2.059222
