start1	end1	start2	end2	frag1	frag2	frag_rmsd
12	23	3	14	126	42	2.008935
40	51	31	42	357	322	2.219787
47	58	38	49	374	167	2.251345
49	60	40	51	92	38	2.065054
57	68	48	59	356	132	2.067486
66	77	57	68	374	28	1.355458
84	95	75	86	161	256	2.832333
89	100	80	91	316	356	2.665484
90	101	81	92	126	360	2.237959
91	102	82	93	258	360	2.306964
95	106	86	97	239	73	2.758258
103	114	94	105	235	277	1.734496
105	116	96	107	232	361	2.306906
106	117	97	108	164	363	1.880850
107	118	98	109	250	29	3.021097
110	121	101	112	213	20	3.173907
111	122	102	113	14	306	3.363662
114	125	105	116	364	296	3.046528
117	128	108	119	95	51	1.563872
120	131	111	122	27	0	0.813956
134	145	125	136	104	78	3.449849
143	154	134	145	21	195	3.499928
149	160	140	151	95	66	1.609657
155	166	146	157	173	363	3.695638
158	169	149	160	74	318	2.154001
159	170	150	161	198	258	1.817841
167	178	158	169	387	279	3.022250
170	181	161	172	207	58	2.282401
172	183	163	174	185	3	2.630626
179	190	170	181	293	389	2.078620
182	193	173	184	131	213	2.617456
201	212	192	203	35	0	1.003458
204	215	195	206	245	271	1.779729
205	216	196	207	249	377	1.673366
206	217	197	208	49	307	2.813060
207	218	198	209	359	260	2.937809
209	220	200	211	231	44	3.867537
229	240	220	231	173	3	2.825676
231	242	222	233	357	258	1.886183
240	251	231	242	322	126	2.289807
290	301	281	292	40	198	1.579973
304	315	295	306	86	202	2.791906
313	324	304	315	51	141	1.428009
314	325	305	316	371	45	1.366556
325	336	316	327	1	225	1.414968
336	347	327	338	183	71	2.699790
337	348	328	339	298	325	2.268278
339	350	330	341	68	379	2.537653
340	351	331	342	28	114	1.637541
343	354	334	345	141	81	2.968569
352	363	343	354	389	61	1.926015
365	376	356	367	8	254	3.520766
367	378	358	369	198	107	3.386299
368	379	359	370	203	391	2.899810
370	381	361	372	297	349	3.348999
371	382	362	373	68	352	3.361852
373	384	364	375	138	292	2.059222
374	385	365	376	195	276	1.460134
376	387	367	378	388	223	2.599823
377	388	368	379	24	267	3.013550
378	389	369	380	168	69	1.769267
381	392	372	383	219	273	2.290114
384	395	375	386	241	89	2.574836
385	396	376	387	169	244	2.161606
387	398	378	389	338	180	1.985909
393	404	384	395	98	195	3.388451
395	406	386	397	172	11	2.939472
396	407	387	398	310	165	2.728742
397	408	388	399	3	334	3.208074
405	416	396	407	61	360	1.959112
408	419	399	410	395	167	2.258216
410	421	401	412	395	242	3.187888
411	422	402	413	173	155	3.795130
414	425	405	416	207	43	2.180942
416	427	407	418	199	388	3.430746
