start1	end1	start2	end2	frag1	frag2	frag_rmsd
14	25	14	25	397	265	2.505493
20	31	20	31	79	287	1.970184
21	32	21	32	50	119	2.667428
28	39	28	39	256	98	2.625404
30	41	30	41	8	14	2.668286
31	42	31	42	370	205	2.172786
51	62	51	62	25	180	2.193725
77	88	77	88	285	133	1.901995
79	90	79	90	351	203	3.597319
