start1	end1	start2	end2	frag1	frag2	frag_rmsd
56	67	10	21	0	127	0.813264
57	68	11	22	0	149	2.014982
105	116	58	69	149	60	1.545532
116	127	82	93	152	150	2.343118
177	188	165	176	147	45	1.713468
198	209	187	198	184	0	1.197355
199	210	188	199	121	0	0.992640
200	211	189	200	220	0	1.838539
201	212	190	201	121	0	0.992640
202	213	191	202	27	0	0.813956
204	215	193	204	60	149	1.545532
206	217	195	206	279	319	1.889850
251	262	240	251	60	127	1.135321
271	282	269	280	125	32	3.258423
272	283	270	281	225	129	2.985670
273	284	271	282	22	51	1.833239
311	322	296	307	35	0	1.003458
338	349	332	343	0	27	0.813956
