start1	end1	start2	end2	frag1	frag2	frag_rmsd
1	12	1	12	94	35	1.741150
7	18	7	18	79	161	2.349571
26	37	26	37	247	274	2.597371
32	43	32	43	299	351	2.013905
40	51	40	51	0	16	0.775259
65	76	65	76	204	163	2.282314
69	80	69	80	304	330	2.895056
74	85	74	85	215	348	2.843101
80	91	80	91	133	298	3.008662
84	95	84	95	313	258	2.044899
96	107	96	107	329	102	2.502959
104	115	104	115	111	4	0.994513
