start1	end1	start2	end2	frag1	frag2	frag_rmsd
23	34	14	25	149	127	1.616553
25	36	16	27	69	168	1.769267
27	38	18	29	298	151	2.505800
30	41	21	32	84	360	1.521872
46	57	37	48	215	293	2.617928
47	58	38	49	38	247	2.150232
49	60	40	51	177	358	2.886131
50	61	41	52	98	229	3.238319
55	66	46	57	339	279	2.637596
56	67	47	58	154	278	2.519580
57	68	48	59	154	168	2.911164
59	70	50	61	370	349	2.701927
61	72	52	63	352	239	2.751219
69	80	60	71	374	42	2.667581
71	82	62	73	68	293	1.906648
75	86	66	77	66	227	2.066214
76	87	67	78	45	223	1.647681
98	109	88	99	363	156	2.308899
99	110	89	100	182	352	3.511797
103	114	93	104	51	240	2.545661
104	115	94	105	45	216	1.903162
105	116	95	106	4	23	1.335798
112	123	102	113	0	16	0.775259
118	129	108	119	77	79	2.104037
122	133	112	123	164	301	2.771518
123	134	113	124	97	182	2.720844
124	135	114	125	157	178	2.103654
125	136	115	126	106	316	2.668001
131	142	121	132	132	61	2.583583
153	164	142	153	247	246	2.037135
155	166	144	155	342	213	2.983105
156	167	145	156	54	14	3.072925
169	180	158	169	0	35	1.003458
170	181	159	170	127	368	1.781241
172	183	161	172	17	249	1.089644
173	184	162	173	279	339	2.637596
174	185	163	174	317	387	2.183617
177	188	166	177	85	191	2.474521
178	189	167	178	268	274	2.562781
189	200	178	189	16	0	0.775259
