start1	end1	start2	end2	frag1	frag2	frag_rmsd
7	18	19	30	248	151	2.019566
8	19	20	31	357	395	2.192089
27	38	39	50	258	313	2.044899
28	39	40	51	386	162	1.905714
29	40	41	52	329	96	1.925419
30	41	42	53	83	20	2.024528
31	42	43	54	327	59	2.076427
33	44	45	56	365	363	2.484110
34	45	46	57	222	331	2.588792
37	48	49	60	132	357	1.964894
87	98	96	107	0	127	0.813264
88	99	97	108	0	16	0.775259
90	101	99	110	0	196	1.046929
91	102	100	111	0	273	1.419073
92	103	101	112	0	184	1.197355
93	104	102	113	0	121	0.992640
94	105	103	114	0	27	0.813956
95	106	104	115	16	0	0.775259
115	126	127	138	118	168	3.197577
116	127	128	139	76	154	3.008804
117	128	129	140	359	154	3.422132
118	129	130	141	76	372	3.437693
