start1	end1	start2	end2	frag1	frag2	frag_rmsd
14	25	11	22	161	100	0.978809
19	30	16	27	1	194	1.635126
20	31	17	28	95	141	1.602886
21	32	18	29	45	394	1.792183
22	33	19	30	111	4	0.994513
23	34	20	31	188	144	1.413047
25	36	22	33	235	277	1.734496
26	37	23	34	33	288	1.743390
31	42	28	39	141	95	1.602886
