start1	end1	start2	end2	frag1	frag2	frag_rmsd
4	15	4	15	150	152	2.343118
51	62	55	66	231	31	1.286233
88	99	97	108	351	185	2.540310
91	102	100	111	85	358	2.758759
92	103	101	112	268	281	2.328089
97	108	106	117	4	111	0.994513
