start1	end1	start2	end2	frag1	frag2	frag_rmsd
14	25	48	59	215	258	2.499323
16	27	50	61	92	329	2.645551
18	29	52	63	117	327	2.673967
23	34	57	68	57	107	2.508886
25	36	59	70	374	386	2.195278
30	41	64	75	160	238	2.349236
31	42	65	76	257	345	1.990762
34	45	68	79	169	144	2.370150
36	47	70	81	17	168	1.555351
48	59	82	93	84	392	2.236722
49	60	83	94	84	132	2.205557
50	61	84	95	322	126	2.289807
55	66	89	100	92	323	2.804706
68	79	103	114	389	313	2.390236
70	81	105	116	266	13	1.425161
86	97	122	133	358	274	2.773524
89	100	125	136	14	301	2.582257
92	103	128	139	356	84	1.970757
94	105	130	141	158	61	2.386508
109	120	146	157	178	143	1.650270
126	137	163	174	322	42	2.200412
127	138	164	175	84	42	2.426355
128	139	165	176	132	357	1.964894
