start1	end1	start2	end2	frag1	frag2	frag_rmsd
86	97	49	60	0	16	0.775259
96	107	59	70	248	395	1.997362
97	108	60	71	392	203	2.667348
98	109	61	72	74	167	3.299370
99	110	62	73	28	92	2.580877
119	130	80	91	235	161	1.099262
