start1	end1	start2	end2	frag1	frag2	frag_rmsd
23	34	1	12	154	124	2.667896
30	41	8	19	322	360	1.453720
79	90	49	60	107	272	3.064142
80	91	50	61	151	208	2.827388
92	103	62	73	0	16	0.775259
94	105	64	75	0	35	1.003458
116	127	78	89	191	26	2.511597
117	128	79	90	246	317	2.843450
118	129	80	91	96	382	3.299191
119	130	81	92	150	131	3.143253
160	171	122	133	223	45	1.647681
165	176	127	138	188	35	1.339917
167	178	129	140	161	235	1.099262
168	179	130	141	33	104	2.171568
