start1	end1	start2	end2	frag1	frag2	frag_rmsd
9	20	6	17	158	239	2.298330
46	57	42	53	40	215	2.196253
52	63	48	59	141	396	2.196376
