start1	end1	start2	end2	frag1	frag2	frag_rmsd
33	44	32	43	57	84	2.559962
37	48	36	47	258	313	2.044899
39	50	38	49	96	13	1.738752
46	57	45	56	126	84	1.909341
49	60	48	59	313	258	2.044899
58	69	57	68	132	360	2.169218
60	71	59	70	28	258	2.447437
68	79	67	78	111	4	0.994513
