start1	end1	start2	end2	frag1	frag2	frag_rmsd
10	21	9	20	220	397	2.113998
11	22	10	21	89	26	2.309990
13	24	12	23	273	27	1.481073
16	27	15	26	27	0	0.813956
28	39	26	37	141	95	1.602886
29	40	27	38	45	216	1.903162
30	41	28	39	4	111	0.994513
33	44	31	42	161	69	1.879688
34	45	32	43	294	33	2.272830
35	46	33	44	134	6	2.159040
36	47	34	45	335	156	3.693428
37	48	35	46	230	152	3.767431
39	50	37	48	276	195	1.460134
42	53	40	51	4	111	0.994513
