start1	end1	start2	end2	frag1	frag2	frag_rmsd
57	68	27	38	111	27	1.266595
58	69	28	39	368	127	1.781241
60	71	30	41	251	259	1.966819
76	87	45	56	56	19	2.866528
77	88	46	57	138	342	3.458108
79	90	48	59	55	47	2.978178
80	91	49	60	85	191	2.474521
81	92	50	61	354	274	2.423985
82	93	51	62	160	138	2.227130
83	94	52	63	31	195	2.276867
84	95	53	64	66	227	2.066214
85	96	54	65	45	223	1.647681
108	119	83	94	3	57	2.271934
109	120	84	95	248	84	2.774836
