start1	end1	start2	end2	frag1	frag2	frag_rmsd
10	21	11	22	268	152	2.157053
22	33	23	34	0	16	0.775259
23	34	24	35	37	87	1.559357
28	39	29	40	256	164	2.413952
29	40	30	41	222	174	2.234287
48	59	49	60	73	68	2.957185
71	82	72	83	57	383	2.505220
81	92	82	93	326	43	2.228664
