start1	end1	start2	end2	frag1	frag2	frag_rmsd
2	13	4	15	92	140	2.371234
5	16	7	18	274	364	1.999522
34	45	36	47	276	195	1.460134
49	60	51	62	104	33	2.171568
55	66	57	68	160	361	3.403618
57	68	59	70	326	190	2.057006
64	75	66	77	179	31	2.953053
67	78	69	80	124	339	1.907543
68	79	70	81	208	154	3.152696
75	86	77	88	258	297	2.601028
77	88	79	90	7	329	2.127910
82	93	84	95	164	393	2.491372
