start1	end1	start2	end2	frag1	frag2	frag_rmsd
35	46	29	40	348	258	2.128741
37	48	31	42	73	68	2.957185
39	50	33	44	82	292	2.425930
46	57	40	51	0	35	1.003458
66	77	56	67	9	82	3.305392
68	79	58	69	396	65	2.073749
71	82	61	72	0	127	0.813264
72	83	62	73	0	16	0.775259
73	84	63	74	0	127	0.813264
88	99	74	85	318	57	2.213565
89	100	75	86	318	356	2.664318
90	101	76	87	126	360	2.237959
91	102	77	88	360	61	1.959112
92	103	78	89	360	126	2.237959
93	104	79	90	84	61	2.287400
95	106	81	92	158	322	2.437978
108	119	95	106	0	35	1.003458
109	120	96	107	0	35	1.003458
111	122	98	109	245	94	1.654793
117	128	104	115	217	0	1.425276
121	132	108	119	127	0	0.813264
122	133	109	120	16	0	0.775259
124	135	111	122	196	0	1.046929
126	137	113	124	16	0	0.775259
127	138	114	125	121	0	0.992640
140	151	128	139	374	28	1.355458
144	155	132	143	110	282	2.391114
146	157	134	145	75	47	2.398635
149	160	137	148	85	358	2.758759
151	162	139	150	160	281	2.582091
152	163	140	151	70	237	2.290181
165	176	153	164	16	0	0.775259
166	177	154	165	16	0	0.775259
167	178	155	166	121	0	0.992640
168	179	156	167	196	35	1.146322
169	180	157	168	273	127	1.542975
171	182	159	170	121	170	1.774213
180	191	168	179	84	360	1.521872
183	194	171	182	167	42	2.323165
184	195	172	183	40	258	2.499938
187	198	175	186	7	344	2.450473
207	218	196	207	287	41	1.672245
208	219	197	208	311	243	1.853647
210	221	199	210	156	200	3.188571
214	225	203	214	86	308	1.954710
215	226	204	215	125	2	2.365365
219	230	208	219	23	4	1.335798
234	245	223	234	88	52	2.740750
236	247	225	236	362	222	2.312123
238	249	227	238	151	91	2.263245
