start1	end1	start2	end2	frag1	frag2	frag_rmsd
19	30	19	30	247	83	3.498348
21	32	21	32	112	306	3.284950
22	33	22	33	261	200	3.724917
23	34	23	34	120	250	1.731988
24	35	24	35	212	296	3.063980
28	39	28	39	120	361	2.508254
33	44	33	44	192	205	2.558501
34	45	34	45	78	191	3.262999
35	46	35	46	281	22	2.225488
36	47	36	47	336	358	3.022842
38	49	38	49	14	98	3.034027
39	50	39	50	200	301	3.247886
