start1	end1	start2	end2	frag1	frag2	frag_rmsd
1	12	1	12	162	28	1.560721
6	17	6	17	250	363	2.347188
7	18	7	18	298	157	2.811881
36	47	34	45	312	140	1.998926
37	48	35	46	155	191	2.826986
