start1	end1	start2	end2	frag1	frag2	frag_rmsd
3	14	31	42	123	223	1.416700
6	17	34	45	35	0	1.003458
18	29	45	56	132	392	1.839294
20	31	47	58	114	28	1.637541
23	34	50	61	78	14	3.228430
24	35	51	62	234	182	3.720749
26	37	53	64	219	202	2.050404
27	38	54	65	345	194	1.854317
28	39	55	66	141	51	1.428009
64	75	87	98	349	178	2.466717
65	76	88	99	383	57	2.505220
135	146	152	163	44	283	2.777961
137	148	154	165	240	341	2.604435
138	149	155	166	121	81	2.403403
140	151	157	168	251	180	1.423305
162	173	180	191	57	132	1.551260
165	176	183	194	328	386	2.639548
166	177	184	195	192	92	2.220201
172	183	190	201	30	11	2.289586
