start1	end1	start2	end2	frag1	frag2	frag_rmsd
3	14	31	42	123	223	1.416700
6	17	34	45	35	0	1.003458
20	31	47	58	114	28	1.637541
23	34	50	61	78	14	3.228430
24	35	51	62	234	182	3.720749
26	37	53	64	219	202	2.050404
27	38	54	65	345	194	1.854317
28	39	55	66	141	51	1.428009
64	75	87	98	349	178	2.466717
65	76	88	99	383	57	2.505220
66	77	89	100	379	84	2.971486
67	78	90	101	357	392	2.035569
