start1	end1	start2	end2	frag1	frag2	frag_rmsd
10	21	4	15	127	0	0.813264
11	22	5	16	16	0	0.775259
22	33	24	35	123	0	2.826189
23	34	25	36	4	0	1.783926
37	48	39	50	231	31	1.286233
95	106	99	110	114	28	1.637541
120	131	124	135	42	84	2.426355
121	132	125	136	132	84	2.205557
122	133	126	137	318	322	2.608682
123	134	127	138	215	61	2.716918
129	140	133	144	129	340	2.658550
131	142	135	146	223	371	1.695846
144	155	148	159	34	363	3.284685
146	157	150	161	253	57	2.589846
147	158	151	162	379	322	2.785664
148	159	152	163	158	389	2.036257
152	163	156	167	276	85	3.208497
156	167	160	171	95	141	1.602886
157	168	161	172	216	45	1.903162
158	169	162	173	111	4	0.994513
171	182	175	186	164	156	1.408711
175	186	179	190	107	356	1.430031
213	224	211	222	61	389	1.926015
219	230	217	228	340	195	2.316145
220	231	218	229	65	240	1.321092
221	232	219	230	223	216	2.223151
231	242	229	240	271	161	1.954501
233	244	231	242	366	232	2.061297
240	251	238	249	360	318	2.599279
242	253	240	251	89	309	1.629779
243	254	241	252	38	192	2.727471
244	255	242	253	130	282	3.166387
245	256	243	254	378	380	2.961256
246	257	244	255	129	88	3.484620
250	261	248	259	15	326	2.391490
251	262	249	260	216	135	1.902274
252	263	250	261	278	15	1.862927
253	264	251	262	121	27	1.355932
254	265	252	263	27	196	1.059651
255	266	253	264	35	273	1.854209
256	267	254	265	368	166	1.571683
257	268	255	266	18	338	1.332509
259	270	257	268	33	288	1.743390
260	271	258	269	6	164	2.989926
261	272	259	270	156	363	2.308899
262	273	260	271	165	174	2.328888
280	291	271	282	194	225	1.011234
281	292	272	283	141	51	1.428009
285	296	276	287	127	188	1.791159
