start1	end1	start2	end2	frag1	frag2	frag_rmsd
7	18	7	18	322	126	2.289807
9	20	9	20	357	126	2.400813
11	22	11	22	389	61	1.926015
12	23	12	23	73	167	3.518435
13	24	13	24	96	40	3.677535
14	25	14	25	150	38	2.863885
15	26	15	26	59	117	3.251776
36	47	40	51	86	343	2.099547
46	57	50	61	16	0	0.775259
95	106	90	101	386	126	3.543460
108	119	118	129	42	126	2.008935
