start1	end1	start2	end2	frag1	frag2	frag_rmsd
4	15	4	15	155	342	3.091294
9	20	9	20	141	95	1.602886
34	45	34	45	107	91	2.649081
