start1	end1	start2	end2	frag1	frag2	frag_rmsd
42	53	42	53	0	121	0.992640
43	54	43	54	0	121	0.992640
45	56	45	56	0	16	0.775259
