start1	end1	start2	end2	frag1	frag2	frag_rmsd
29	40	29	40	210	73	2.056321
32	43	32	43	186	112	2.325844
