start1	end1	start2	end2	frag1	frag2	frag_rmsd
108	119	59	70	127	35	1.273794
110	121	61	72	260	284	1.981488
114	125	65	76	222	131	2.947219
115	126	66	77	301	93	3.203662
117	128	68	79	57	91	2.021486
118	129	69	80	84	132	2.205557
119	130	70	81	61	126	2.069075
121	132	72	83	28	329	2.589986
122	133	73	84	328	102	2.916418
123	134	74	85	276	369	1.368954
127	138	78	89	16	0	0.775259
133	144	84	95	127	0	0.813264
134	145	85	96	16	0	0.775259
138	149	89	100	161	235	1.099262
142	153	93	104	133	174	1.804231
143	154	94	105	383	54	2.585327
144	155	95	106	379	178	1.774921
145	156	96	107	392	395	1.956324
147	158	98	109	151	187	2.600378
148	159	99	110	40	92	1.759016
185	196	136	147	0	121	0.992640
186	197	137	148	0	27	0.813956
191	202	142	153	127	0	0.813264
192	203	143	154	16	0	0.775259
194	205	145	156	149	118	1.094155
252	263	206	217	27	0	0.813956
