start1	end1	start2	end2	frag1	frag2	frag_rmsd
4	15	11	22	395	42	2.168523
6	17	13	24	114	320	2.864605
7	18	14	25	38	274	3.031410
8	19	15	26	358	32	3.148366
10	21	17	28	268	227	2.475782
11	22	18	29	160	147	2.873290
12	23	19	30	125	4	2.464543
23	34	31	42	93	242	3.073048
