start1	end1	start2	end2	frag1	frag2	frag_rmsd
2	13	1	12	111	4	0.994513
27	38	26	37	93	376	2.792367
46	57	45	56	364	373	2.435927
57	68	56	67	127	0	0.813264
62	73	61	72	339	307	2.624244
77	88	74	85	84	107	2.480937
78	89	75	86	126	360	2.237959
80	91	77	88	42	61	2.195955
83	94	80	91	274	92	3.159669
88	99	85	96	240	326	2.154623
92	103	89	100	121	27	1.355932
105	116	102	113	395	42	2.168523
108	119	105	116	42	126	2.008935
110	121	107	118	297	167	2.343013
113	124	110	121	330	304	2.895056
114	125	111	122	128	390	2.944982
131	142	128	139	209	386	1.853397
132	143	129	140	364	246	2.698988
143	154	140	151	104	277	2.095889
152	163	149	160	343	2	1.502106
154	165	151	162	51	148	2.873766
173	184	170	181	79	193	3.430040
183	194	180	191	35	0	1.003458
184	195	181	192	16	0	0.775259
185	196	182	193	16	0	0.775259
186	197	183	194	87	188	1.255021
188	199	185	196	69	100	1.602674
191	202	188	199	164	156	1.408711
196	207	193	204	84	132	2.205557
197	208	194	205	360	322	1.453720
202	213	199	210	181	275	3.137269
203	214	200	211	269	303	1.007020
205	216	202	213	6	335	1.971828
207	218	204	215	81	341	3.017593
208	219	205	216	261	44	2.828108
209	220	206	217	195	369	2.269153
237	248	234	245	92	10	1.712565
239	250	236	247	155	209	2.902832
244	255	241	252	279	185	3.027543
246	257	243	254	138	292	2.059222
284	295	280	291	34	6	2.330814
285	296	281	292	171	335	3.232908
299	310	295	306	338	25	1.152231
317	328	313	324	6	164	2.989926
319	330	315	326	341	53	3.293329
321	332	317	328	11	244	2.600936
335	346	330	341	178	392	1.899502
342	353	337	348	155	312	2.901181
350	361	345	356	2	86	1.884148
351	362	346	357	125	225	2.024259
352	363	347	358	15	51	2.489994
353	364	348	359	216	371	1.502072
364	375	359	370	305	154	3.636201
376	387	371	382	395	208	2.850289
377	388	372	383	151	91	2.263245
378	389	373	384	398	348	2.979613
379	390	374	385	356	158	2.873854
381	392	376	387	389	176	2.556364
382	393	377	388	351	114	2.335949
414	425	408	419	24	12	1.462726
415	426	409	420	168	124	1.824641
422	433	416	427	298	301	2.504542
425	436	419	430	389	61	1.926015
427	438	421	432	360	106	2.403800
