start1	end1	start2	end2	frag1	frag2	frag_rmsd
1	12	4	15	375	361	1.959684
2	13	5	16	301	3	3.526546
3	14	6	17	262	341	2.794272
4	15	7	18	116	165	2.996594
44	55	48	59	365	393	2.281657
45	56	49	60	171	48	2.554755
