start1	end1	start2	end2	frag1	frag2	frag_rmsd
15	26	6	17	127	0	0.813264
17	28	8	19	170	0	1.959205
18	29	9	20	196	0	1.046929
19	30	10	21	273	0	1.419073
20	31	11	22	16	0	0.775259
21	32	12	23	121	0	0.992640
22	33	13	24	27	0	0.813956
46	57	38	49	35	149	1.967607
73	84	55	66	219	153	2.935815
103	114	79	90	42	84	2.426355
118	129	94	105	16	12	2.056641
119	130	95	106	49	124	2.320390
120	131	96	107	52	387	1.739645
121	132	97	108	110	172	2.629897
122	133	98	109	319	352	2.883218
123	134	99	110	354	22	2.457332
124	135	100	111	201	82	3.011578
125	136	101	112	131	256	3.004421
126	137	102	113	85	98	3.291235
128	139	104	115	136	193	1.585201
129	140	105	116	49	341	2.564185
130	141	106	117	309	81	2.679981
134	145	110	121	136	193	1.585201
141	152	117	128	0	16	0.775259
166	177	140	151	35	0	1.003458
186	197	160	171	16	0	0.775259
