start1	end1	start2	end2	frag1	frag2	frag_rmsd
43	54	53	64	180	251	1.423305
46	57	56	67	34	164	2.524144
48	59	58	69	178	143	1.650270
54	65	64	75	394	45	1.792183
56	67	66	77	0	121	0.992640
57	68	67	78	0	27	0.813956
70	81	83	94	387	151	3.087795
78	89	91	102	192	378	2.501649
80	91	93	104	85	191	2.474521
82	93	95	106	99	193	2.061111
97	108	110	121	84	322	1.955336
98	109	111	122	126	158	2.723694
99	110	112	123	258	215	2.499323
103	114	116	127	14	262	2.873337
115	126	128	139	0	35	1.003458
134	145	185	196	58	282	3.076939
135	146	186	197	191	319	2.202864
137	148	188	199	82	119	2.841019
148	159	199	210	16	0	0.775259
149	160	200	211	184	121	1.193672
150	161	201	212	196	35	1.146322
151	162	202	213	196	35	1.146322
153	164	204	215	235	284	2.316448
167	178	219	230	133	272	3.327040
171	182	223	234	28	204	2.411456
174	185	226	237	342	78	2.611060
176	187	228	239	253	97	2.618413
192	203	247	258	313	176	2.698070
195	206	250	261	234	117	2.285439
196	207	251	262	48	361	2.719634
197	208	252	263	342	361	2.191841
198	209	253	264	222	331	2.588792
199	210	254	265	331	379	2.384063
200	211	255	266	54	357	2.709043
201	212	256	267	143	297	2.600925
202	213	257	268	187	386	2.292076
205	216	260	271	13	336	3.144386
209	220	264	275	262	3	3.090472
210	221	265	276	172	263	2.306870
225	236	281	292	143	208	2.184799
226	237	282	293	297	318	2.590663
227	238	283	294	373	297	3.245128
228	239	284	295	38	246	2.667939
229	240	285	296	312	38	2.387113
230	241	286	297	14	112	2.476924
232	243	288	299	133	174	1.804231
233	244	289	300	178	91	1.731687
234	245	290	301	318	107	2.418216
235	246	291	302	348	258	2.128741
236	247	292	303	323	293	1.968250
241	252	297	308	253	331	1.801250
