start1	end1	start2	end2	frag1	frag2	frag_rmsd
70	81	63	74	256	103	2.482641
71	82	64	75	333	385	2.745245
72	83	65	76	9	32	2.432245
99	110	92	103	0	35	1.003458
102	113	95	106	170	104	2.447681
103	114	96	107	311	366	2.430439
104	115	97	108	103	256	2.482641
106	117	99	110	32	9	2.432245
