start1	end1	start2	end2	frag1	frag2	frag_rmsd
11	22	11	22	74	158	3.408717
13	24	13	24	7	210	2.752995
15	26	15	26	98	112	2.830390
16	27	16	27	268	14	2.894534
19	30	19	30	125	372	2.617021
20	31	20	31	225	326	2.488373
21	32	21	32	371	51	1.963017
22	33	22	33	353	45	1.252194
25	36	25	36	121	0	0.992640
26	37	26	37	0	27	0.813956
47	58	47	58	61	322	1.532523
48	59	48	59	126	61	2.069075
49	60	49	60	318	126	2.511599
50	61	50	61	258	198	1.817841
51	62	51	62	162	7	2.741569
52	63	52	63	343	344	2.610830
53	64	53	64	43	9	3.055344
54	65	54	65	51	129	2.692721
55	66	55	66	45	396	2.358703
57	68	57	68	23	4	1.335798
108	119	100	111	0	27	0.813956
126	137	116	127	0	27	0.813956
128	139	118	129	0	16	0.775259
145	156	131	142	355	232	2.143807
146	157	132	143	363	164	1.880850
147	158	133	144	174	331	1.879546
149	160	135	146	391	379	2.465700
163	174	150	161	0	23	1.327063
164	175	151	162	0	111	1.805292
167	178	154	165	0	16	0.775259
168	179	155	166	0	127	0.813264
169	180	156	167	188	87	1.255021
170	181	157	168	338	25	1.152231
171	182	158	169	161	79	2.349571
172	183	159	170	33	139	2.240956
183	194	175	186	218	157	2.398060
184	195	176	187	173	74	2.685678
199	210	193	204	239	351	2.672051
207	218	201	212	43	326	2.228664
227	238	249	260	143	178	1.650270
229	240	251	262	360	318	2.599279
231	242	253	264	28	114	1.637541
257	268	280	291	208	124	2.503023
261	272	284	295	126	360	2.237959
291	302	314	325	16	0	0.775259
321	332	341	352	16	127	1.158335
322	333	342	353	87	149	1.474472
328	339	348	359	222	78	3.077120
332	343	352	363	323	383	2.702322
334	345	354	365	86	343	2.099547
336	347	356	367	135	51	2.217322
337	348	357	368	11	388	2.864817
