start1	end1	start2	end2	frag1	frag2	frag_rmsd
62	73	32	43	61	84	2.287400
64	75	34	45	343	386	2.848141
65	76	35	46	207	176	2.783500
87	98	47	58	51	141	1.428009
98	109	58	69	16	0	0.775259
100	111	60	71	127	188	1.791159
101	112	61	72	144	25	1.398598
117	128	74	85	343	2	1.502106
137	148	91	102	279	319	1.889850
138	149	92	103	359	354	2.244567
140	151	94	105	231	31	1.286233
144	155	98	109	25	118	1.917152
151	162	105	116	0	16	0.775259
170	181	126	137	0	127	0.813264
171	182	127	138	0	16	0.775259
186	197	138	149	246	373	2.083918
188	199	140	151	276	194	2.357682
189	200	141	152	227	141	1.668724
191	202	143	154	224	70	1.307761
258	269	238	249	121	0	0.992640
259	270	239	250	27	0	0.813956
288	299	264	275	371	0	2.685353
289	300	265	276	111	0	1.805292
296	307	272	283	35	127	1.273794
