start1	end1	start2	end2	frag1	frag2	frag_rmsd
1	12	1	12	107	356	1.430031
19	30	19	30	160	206	2.043909
21	32	21	32	397	125	2.152504
55	66	55	66	87	127	1.661081
56	67	56	67	180	118	1.359643
