start1	end1	start2	end2	frag1	frag2	frag_rmsd
19	30	29	40	229	390	2.341461
39	50	49	60	385	156	2.695774
42	53	52	63	21	55	2.054944
49	60	59	70	150	152	2.343118
62	73	72	83	144	368	1.335465
74	85	83	94	398	124	3.259460
85	96	94	105	0	35	1.003458
101	112	110	121	313	398	3.442899
105	116	114	125	141	51	1.428009
139	150	149	160	33	294	2.272830
142	153	152	163	230	30	1.728147
181	192	188	199	121	184	1.193672
182	193	189	200	0	121	0.992640
183	194	190	201	0	27	0.813956
187	198	194	205	127	35	1.273794
190	201	197	208	79	287	1.970184
192	203	199	210	376	340	2.433654
194	205	201	212	223	216	2.223151
199	210	206	217	368	149	1.387412
201	212	208	219	49	233	1.933078
206	217	213	224	187	318	2.503665
212	223	219	230	108	85	2.259970
214	225	221	232	193	219	3.058897
216	227	223	234	95	141	1.602886
222	233	229	240	368	127	1.781241
223	234	230	241	260	16	1.076875
226	237	233	244	201	338	2.628320
227	238	234	245	131	100	2.574499
229	240	236	247	301	355	2.822696
232	243	239	250	178	318	2.393558
240	251	247	258	325	226	2.023575
251	262	258	269	147	244	2.356417
253	264	260	271	216	170	2.149608
254	265	261	272	27	196	1.059651
255	266	262	273	127	273	1.542975
257	268	264	275	338	77	1.893036
259	270	266	277	88	311	2.062164
262	273	269	280	3	174	2.344203
265	276	272	283	322	84	1.955336
269	280	276	287	74	313	2.543058
284	295	291	302	16	60	1.442604
285	296	292	303	87	149	1.474472
286	297	293	304	24	180	1.017167
287	298	294	305	69	380	1.745337
288	299	295	306	75	139	2.112541
289	300	296	307	366	93	2.320488
290	301	297	308	256	361	2.627081
291	302	298	309	98	48	2.698453
292	303	299	310	14	97	2.674511
293	304	300	311	178	302	2.149992
295	306	302	313	84	126	1.909341
305	316	312	323	84	392	2.236722
340	351	347	358	91	107	2.649081
341	352	348	359	398	348	2.979613
350	361	357	368	16	184	1.241286
351	362	358	369	184	121	1.193672
361	372	368	379	34	164	2.524144
362	373	369	380	174	302	2.621173
363	374	370	381	218	143	2.049999
550	561	533	544	388	45	1.950228
551	562	534	545	144	179	2.704096
556	567	539	550	19	39	2.401518
570	581	553	564	359	283	2.495380
571	582	554	565	206	160	2.043909
573	584	556	567	397	95	2.597544
590	601	574	585	16	60	1.442604
593	604	577	588	170	233	1.990823
596	607	580	591	98	342	2.684495
598	609	582	593	97	91	2.877428
599	610	583	594	57	107	2.508886
602	613	586	597	126	167	2.697257
616	627	600	611	74	80	2.193283
620	631	604	615	51	15	2.489994
