start1	end1	start2	end2	frag1	frag2	frag_rmsd
55	66	36	47	37	87	1.559357
56	67	37	48	201	338	2.628320
58	69	39	50	44	119	2.044452
65	76	46	57	0	27	0.813956
85	96	66	77	238	6	3.125266
88	99	69	80	387	228	1.467269
89	100	70	81	264	319	1.327043
91	102	72	83	99	82	3.274221
92	103	73	84	31	237	1.767577
100	111	81	92	235	161	1.099262
109	120	90	101	51	15	2.489994
112	123	93	104	217	0	1.425276
125	136	106	117	33	321	2.658565
128	139	109	120	48	254	2.576174
129	140	110	121	268	299	2.793043
130	141	111	122	206	136	1.496459
131	142	112	123	53	1	1.826199
152	163	133	144	382	171	3.786459
156	167	137	148	227	141	1.668724
174	185	155	166	294	134	2.660687
182	193	163	174	196	35	1.146322
187	198	168	179	76	249	2.100778
189	200	170	181	52	387	1.739645
190	201	171	182	290	172	2.693912
192	203	173	184	117	78	2.088043
195	206	176	187	298	221	2.475609
196	207	177	188	68	262	2.818484
197	208	178	189	114	351	2.335949
215	226	196	207	251	271	1.346902
216	227	197	208	233	104	2.407098
222	233	203	214	140	310	3.331833
223	234	204	215	248	334	2.628843
224	235	205	216	178	255	1.895190
225	236	206	217	57	3	2.271934
226	237	207	218	248	379	1.639302
227	238	208	219	357	248	1.838513
249	260	230	241	196	0	1.046929
251	262	232	243	16	0	0.775259
252	263	233	244	121	0	0.992640
253	264	234	245	27	0	0.813956
257	268	238	249	16	0	0.775259
259	270	240	251	196	0	1.046929
261	272	242	253	16	0	0.775259
262	273	243	254	16	0	0.775259
263	274	244	255	184	0	1.197355
264	275	245	256	196	0	1.046929
270	281	251	262	287	79	1.970184
293	304	274	285	311	119	2.491373
295	306	276	287	237	63	3.391361
297	308	278	289	381	319	2.208030
299	310	280	291	103	201	2.419192
304	315	285	296	5	27	1.592992
306	317	287	298	23	121	1.639937
307	318	288	299	353	87	2.437683
308	319	289	300	245	118	1.562188
309	320	290	301	18	69	2.017054
310	321	291	302	249	168	1.762725
311	322	292	303	75	134	2.771284
312	323	293	304	212	290	2.675538
315	326	296	307	95	141	1.602886
328	339	309	320	0	35	1.003458
371	382	352	363	95	51	1.563872
372	383	353	364	241	371	2.038166
377	388	358	369	27	127	1.019607
385	396	366	377	277	100	1.693324
386	397	367	378	134	294	2.660687
387	398	368	379	103	101	2.024736
400	411	381	392	294	134	2.660687
401	412	382	393	103	280	1.955594
421	432	402	413	338	25	1.152231
422	433	403	414	100	161	0.978809
