start1	end1	start2	end2	frag1	frag2	frag_rmsd
19	30	23	34	35	0	1.003458
21	32	25	36	350	127	2.042659
