start1	end1	start2	end2	frag1	frag2	frag_rmsd
2	13	5	16	111	0	1.805292
3	14	6	17	16	0	0.775259
13	24	16	27	235	161	1.099262
