start1	end1	start2	end2	frag1	frag2	frag_rmsd
11	22	1	12	301	3	3.526546
12	23	2	13	363	173	3.695638
23	34	14	25	389	379	2.527735
24	35	15	26	374	114	1.630636
30	41	21	32	250	156	2.358639
33	44	24	35	2	242	2.797033
