start1	end1	start2	end2	frag1	frag2	frag_rmsd
14	25	13	24	127	0	0.813264
30	41	37	48	0	121	0.992640
31	42	38	49	0	27	0.813956
38	49	45	56	149	118	1.094155
