start1	end1	start2	end2	frag1	frag2	frag_rmsd
2	13	3	14	23	0	1.327063
3	14	4	15	27	0	0.813956
16	27	19	30	225	194	1.011234
17	28	20	31	51	141	1.428009
26	37	29	40	35	0	1.003458
34	45	37	48	148	205	2.314779
57	68	60	71	24	110	1.015908
58	69	61	72	319	264	1.327043
60	71	63	74	99	193	2.061111
69	80	72	83	16	0	0.775259
70	81	73	84	16	0	0.775259
71	82	74	85	196	0	1.046929
