start1	end1	start2	end2	frag1	frag2	frag_rmsd
13	24	14	25	34	6	2.330814
28	39	29	40	221	324	3.155602
32	43	33	44	360	258	2.306964
45	56	47	58	24	110	1.015908
48	59	50	61	172	201	2.788534
51	62	53	64	361	301	2.339875
52	63	54	65	285	298	2.888822
77	88	77	88	126	322	2.289807
78	89	78	89	313	61	2.398675
98	109	98	109	127	27	1.019607
109	120	109	120	258	322	2.166966
114	125	114	125	195	276	1.460134
115	126	115	126	65	227	2.070036
