start1	end1	start2	end2	frag1	frag2	frag_rmsd
6	17	3	14	319	381	2.208030
7	18	4	15	354	283	2.234505
74	85	67	78	368	350	1.598496
75	86	68	79	284	85	3.308339
76	87	69	80	287	354	3.148709
77	88	70	81	44	6	3.445515
78	89	71	82	340	345	2.274485
79	90	72	83	240	66	1.969179
80	91	73	84	216	45	1.903162
81	92	74	85	278	224	2.389193
84	95	77	88	24	110	1.015908
86	97	79	90	109	295	1.123468
87	98	80	91	82	337	3.215568
90	101	83	94	394	281	1.908381
91	102	84	95	4	70	1.352136
92	103	85	96	0	16	0.775259
119	130	116	127	35	27	1.219104
137	148	134	145	260	284	1.981488
142	153	139	150	109	268	2.560150
143	154	140	151	206	160	2.043909
157	168	154	165	35	0	1.003458
168	179	165	176	224	66	3.014343
171	182	168	179	196	27	1.059651
172	183	169	180	0	184	1.197355
173	184	170	181	0	184	1.197355
174	185	171	182	0	273	1.419073
175	186	172	183	27	184	1.585485
176	187	173	184	0	121	0.992640
177	188	174	185	0	27	0.813956
178	189	175	186	0	196	1.046929
180	191	177	188	0	184	1.197355
181	192	178	189	0	121	0.992640
182	193	179	190	0	196	1.046929
183	194	180	191	0	27	0.813956
184	195	181	192	0	16	0.775259
