start1	end1	start2	end2	frag1	frag2	frag_rmsd
29	40	29	40	8	222	3.081318
42	53	42	53	146	67	2.723995
51	62	51	62	285	133	1.901995
63	74	63	74	256	24	2.736883
68	79	68	79	211	296	2.885790
88	99	89	100	69	100	1.602674
89	100	90	101	294	33	2.272830
99	110	100	111	220	27	1.823934
106	117	107	118	16	0	0.775259
114	125	115	126	352	319	2.883218
