start1	end1	start2	end2	frag1	frag2	frag_rmsd
4	15	4	15	174	301	2.796572
13	24	13	24	268	274	2.562781
20	31	20	31	0	35	1.003458
26	37	26	37	166	94	2.220235
37	48	37	48	176	360	3.064982
45	56	45	56	320	329	2.324045
48	59	48	59	268	128	3.330307
67	78	67	78	306	159	3.427051
71	82	71	82	95	51	1.563872
99	110	99	110	312	58	2.499082
103	114	103	114	39	263	1.670447
109	120	109	120	367	59	2.032515
134	145	134	145	191	319	2.202864
144	155	144	155	328	337	3.074742
193	204	193	204	244	192	3.038554
197	208	197	208	206	153	2.010158
227	238	227	238	167	389	1.584191
231	242	231	242	329	38	2.609070
234	245	234	245	34	181	3.920589
246	257	246	257	298	363	2.950286
263	274	263	274	336	311	2.821394
288	299	288	299	348	158	3.049288
289	300	289	300	40	198	1.579973
294	305	294	305	289	51	2.618019
296	307	296	307	235	267	2.585259
301	312	301	312	48	134	2.235398
302	313	302	313	268	280	2.159615
304	315	304	315	21	222	2.522860
305	316	305	316	55	21	2.054944
335	346	335	346	357	258	1.886183
339	350	339	350	248	395	1.997362
340	351	340	351	143	178	1.650270
348	359	348	359	53	197	2.687877
352	363	352	363	208	387	3.376755
353	364	353	364	263	172	2.306870
364	375	364	375	126	392	1.978049
365	376	365	376	348	313	2.381382
371	382	371	382	250	159	3.613666
374	385	374	385	213	117	2.137352
385	396	385	396	123	223	1.416700
