start1	end1	start2	end2	frag1	frag2	frag_rmsd
15	26	15	26	184	0	1.197355
18	29	18	29	0	127	0.813264
19	30	19	30	368	149	1.387412
20	31	20	31	149	118	1.094155
21	32	21	32	180	12	1.813052
22	33	22	33	319	168	1.875843
24	35	24	35	201	290	1.873591
