start1	end1	start2	end2	frag1	frag2	frag_rmsd
43	54	43	54	338	25	1.152231
48	59	48	59	112	156	3.015267
49	60	49	60	274	250	3.580337
56	67	56	67	0	16	0.775259
