start1	end1	start2	end2	frag1	frag2	frag_rmsd
12	23	5	16	188	35	1.339917
13	24	6	17	25	166	1.364085
14	25	7	18	69	18	2.017054
18	29	11	22	262	382	3.552547
20	31	13	24	138	292	2.059222
47	58	39	50	100	377	1.241297
48	59	40	51	33	307	3.155549
60	71	52	63	285	314	1.999647
62	73	54	65	395	246	3.108089
