start1	end1	start2	end2	frag1	frag2	frag_rmsd
9	20	8	19	158	389	2.036257
15	26	14	25	30	142	2.885515
16	27	15	26	81	43	3.052007
17	28	16	27	216	214	3.151240
18	29	17	28	332	214	4.230818
19	30	18	29	332	50	3.323123
22	33	21	32	159	120	3.166612
23	34	22	33	197	142	3.282208
24	35	23	34	397	387	3.767068
25	36	24	35	309	384	1.992439
43	54	42	53	126	389	2.201165
44	55	43	54	258	114	2.646349
45	56	44	55	323	38	3.071655
46	57	45	56	10	312	2.490885
48	59	47	58	152	268	2.157053
49	60	48	59	112	236	3.132971
50	61	49	60	261	382	3.592050
52	63	51	62	9	181	2.710060
53	64	52	63	376	269	1.962861
103	114	102	113	187	297	2.474313
105	116	104	115	10	140	1.985493
109	120	108	119	140	142	3.519013
116	127	115	126	111	4	0.994513
163	174	162	173	346	76	2.961527
170	181	169	180	35	0	1.003458
175	186	174	185	212	366	2.629299
176	187	175	186	219	201	3.294333
187	198	186	197	143	29	3.141103
191	202	190	201	106	392	2.698043
204	215	203	214	126	61	2.069075
206	217	205	216	126	167	2.697257
209	220	208	219	132	248	2.493342
234	245	237	248	376	340	2.433654
238	249	241	252	121	27	1.355932
269	280	272	283	331	97	2.080183
270	281	273	284	349	383	1.626976
284	295	287	298	201	385	2.848130
