start1	end1	start2	end2	frag1	frag2	frag_rmsd
3	14	3	14	338	180	1.985909
8	19	8	19	108	120	2.773258
9	20	9	20	212	108	3.045963
11	22	11	22	152	38	2.741259
12	23	12	23	155	136	3.101648
13	24	13	24	11	346	2.640512
20	31	20	31	3	174	2.344203
23	34	23	34	386	374	2.195278
25	36	25	36	125	140	3.381777
28	39	28	39	11	193	2.228685
29	40	29	40	231	346	1.531187
39	50	39	50	248	395	1.997362
41	52	41	52	248	389	2.208556
42	53	42	53	167	158	1.812316
51	62	51	62	248	57	2.232921
54	65	54	65	297	323	1.891877
55	66	55	66	329	73	2.227621
71	82	71	82	132	322	1.945705
85	96	85	96	84	248	2.774836
86	97	86	97	126	42	2.008935
104	115	104	115	360	132	2.169218
122	133	116	127	386	28	1.926117
123	134	117	128	122	96	1.013426
132	143	126	137	329	73	2.227621
142	153	136	147	151	318	2.401869
143	154	137	148	395	106	2.587321
159	170	153	164	329	73	2.227621
169	180	163	174	374	176	2.511074
170	181	164	175	28	329	2.589986
178	189	172	183	322	357	2.219787
192	203	186	197	143	203	2.143008
198	209	192	203	82	160	2.687032
202	213	196	207	47	307	2.971121
214	225	208	219	219	113	2.770687
219	230	213	224	286	51	2.649139
220	231	214	225	193	145	1.740992
228	239	222	233	95	66	1.609657
243	254	237	248	28	374	1.355458
255	266	249	260	322	61	1.532523
269	280	263	274	296	372	2.302973
305	316	299	310	357	392	2.035569
318	329	311	322	253	331	1.801250
319	330	312	323	395	253	3.014187
347	358	340	351	38	312	2.387113
349	360	342	353	78	281	3.183411
353	364	346	357	255	3	2.650042
357	368	350	361	329	102	2.502959
365	376	358	369	374	351	2.405416
367	378	360	371	58	192	1.504351
373	384	366	377	336	304	2.812236
422	433	415	426	304	213	3.555840
430	441	423	434	178	379	1.774921
433	444	426	437	392	42	2.128589
457	468	448	459	128	59	2.692989
458	469	449	460	375	393	2.214683
470	481	461	472	263	342	2.508454
472	483	463	474	253	248	2.693913
495	506	486	497	329	73	2.227621
506	517	497	508	293	323	1.968250
510	521	501	512	112	342	2.771983
516	527	507	518	84	57	2.559962
548	559	539	550	214	275	3.077813
555	566	546	557	260	284	1.981488
560	571	551	562	216	121	1.107965
562	573	553	564	17	251	1.487591
563	574	554	565	362	124	2.182590
