start1	end1	start2	end2	frag1	frag2	frag_rmsd
31	42	35	46	352	152	3.356089
41	52	45	56	386	162	1.905714
46	57	50	61	365	393	2.281657
49	60	53	64	383	379	2.491252
63	74	67	78	152	382	2.840847
65	76	69	80	342	112	2.771983
67	78	71	82	157	3	2.732309
69	80	73	84	126	74	2.701927
