start1	end1	start2	end2	frag1	frag2	frag_rmsd
21	32	22	33	66	95	1.609657
42	53	43	54	128	375	2.998520
43	54	44	55	365	393	2.281657
45	56	46	57	3	379	2.644772
46	57	47	58	57	357	2.268519
47	58	48	59	80	391	2.405700
48	59	49	60	313	323	2.463705
52	63	53	64	48	155	3.138770
54	65	55	66	230	160	1.979840
56	67	57	68	141	95	1.602886
57	68	58	69	45	371	1.366556
