start1	end1	start2	end2	frag1	frag2	frag_rmsd
15	26	4	15	183	208	2.236035
16	27	5	16	298	151	2.505800
19	30	8	19	28	40	1.916230
32	43	23	34	27	0	0.813956
34	45	25	36	25	338	1.152231
38	49	29	40	34	363	3.284685
66	77	66	77	343	2	1.502106
70	81	70	81	4	23	1.335798
77	88	77	88	103	6	2.355410
