start1	end1	start2	end2	frag1	frag2	frag_rmsd
37	48	21	32	75	93	2.727339
41	52	25	36	279	87	1.895856
42	53	26	37	110	282	2.391114
45	56	29	40	290	366	1.667042
49	60	33	44	175	51	3.396608
58	69	42	53	88	307	2.822750
59	70	43	54	164	97	2.612298
61	72	45	56	218	74	2.551171
76	87	60	71	382	352	2.471930
86	97	70	81	0	121	0.992640
87	98	71	82	0	196	1.046929
89	100	73	84	184	0	1.197355
92	103	76	87	0	35	1.003458
94	105	78	89	166	144	1.768288
99	110	83	94	230	131	3.140305
129	140	113	124	35	0	1.003458
