start1	end1	start2	end2	frag1	frag2	frag_rmsd
1	12	9	20	80	297	2.266320
2	13	10	21	297	247	3.174057
3	14	11	22	92	213	2.705920
4	15	12	23	247	186	2.848950
5	16	13	24	14	342	2.230074
6	17	14	25	229	174	3.169397
9	20	17	28	7	329	2.127910
13	24	21	32	393	200	3.294082
29	40	37	48	375	367	2.523916
37	48	45	56	281	45	1.651716
38	49	46	57	70	179	2.491249
39	50	47	58	110	180	1.207298
