start1	end1	start2	end2	frag1	frag2	frag_rmsd
3	14	2	13	268	396	3.011712
6	17	5	16	36	396	2.389923
8	19	7	18	4	70	1.352136
15	26	14	25	87	199	3.267466
17	28	16	27	69	380	1.745337
27	38	26	37	58	192	1.504351
35	46	34	45	148	54	2.870017
62	73	61	72	258	322	2.166966
74	85	73	84	117	83	1.919939
80	91	79	90	183	218	2.373469
92	103	91	102	82	261	2.364559
94	105	93	104	365	393	2.281657
95	106	94	105	189	171	3.010681
98	109	97	108	146	209	2.713352
110	121	109	120	57	395	2.786043
112	123	111	122	360	322	1.453720
129	140	129	140	93	376	2.792367
130	141	130	141	254	113	1.777499
133	144	133	144	392	91	2.022503
140	151	140	151	10	323	2.248517
141	152	141	152	213	92	2.705920
142	153	142	153	229	78	2.235105
145	156	145	156	202	219	2.050404
149	160	149	160	4	224	1.600329
152	163	152	163	16	27	1.218469
153	164	153	164	184	16	1.241286
156	167	156	167	110	260	1.495754
157	168	157	168	279	49	1.758674
158	169	158	169	228	52	1.946289
161	172	161	172	93	390	3.115266
165	176	165	176	348	318	2.448920
171	182	171	182	86	309	2.383501
174	185	174	185	115	110	2.944812
175	186	175	186	279	319	1.889850
181	192	181	192	302	272	2.325891
188	199	188	199	351	74	3.409378
193	204	193	204	367	324	3.385025
196	207	196	207	8	331	2.506271
201	212	201	212	61	389	1.926015
205	216	205	216	357	205	2.859366
211	222	211	222	194	225	1.011234
212	223	212	223	141	51	1.428009
216	227	216	227	60	127	1.135321
222	233	222	233	68	279	3.041659
226	237	226	237	304	300	3.563590
227	238	227	238	390	375	2.986092
229	240	229	240	363	302	2.467216
232	243	232	243	391	357	1.962426
233	244	233	244	148	322	3.717843
236	247	236	247	356	360	2.206112
