start1	end1	start2	end2	frag1	frag2	frag_rmsd
14	25	23	34	357	107	3.338397
15	26	24	35	248	395	1.997362
16	27	25	36	392	132	1.839294
29	40	44	55	132	395	2.384097
45	56	60	71	398	74	3.044837
53	64	68	79	91	272	2.404085
68	79	84	95	132	107	2.350722
69	80	85	96	132	360	2.169218
70	81	86	97	84	126	1.909341
71	82	87	98	126	322	2.289807
72	83	88	99	322	61	1.532523
