start1	end1	start2	end2	frag1	frag2	frag_rmsd
17	28	26	37	0	16	0.775259
18	29	27	38	0	127	0.813264
65	76	114	125	0	35	1.003458
66	77	115	126	0	35	1.003458
67	78	116	127	0	35	1.003458
68	79	117	128	0	245	2.249697
69	80	118	129	0	5	1.445826
70	81	119	130	0	5	1.445826
