start1	end1	start2	end2	frag1	frag2	frag_rmsd
8	19	3	14	215	210	2.059582
12	23	7	18	227	129	2.576417
35	46	30	41	296	143	3.046606
38	49	33	44	183	80	2.396931
40	51	35	46	62	7	3.428415
46	57	41	52	174	156	2.549268
50	61	45	56	213	181	2.005427
53	64	48	59	238	70	2.011694
55	66	50	61	55	265	2.502428
56	67	51	62	55	115	3.077489
58	69	53	64	201	311	2.767802
60	71	55	66	131	385	2.652572
82	93	78	89	19	378	2.694133
83	94	79	90	78	364	3.230782
85	96	81	92	221	325	2.157297
91	102	87	98	329	73	2.227621
96	107	92	103	133	285	1.901995
97	108	93	104	316	57	2.064021
100	111	96	107	239	215	1.429311
107	118	103	114	90	149	2.366758
112	123	108	119	383	349	1.626976
122	133	118	129	111	4	0.994513
144	155	140	151	338	18	1.332509
177	188	173	184	164	363	1.880850
189	200	185	196	95	397	2.597544
234	245	230	241	91	173	2.560482
246	257	242	253	297	246	2.516265
250	261	246	257	367	375	2.523916
252	263	248	259	133	363	1.994719
255	266	251	262	84	126	1.909341
266	277	262	273	91	178	1.731687
268	279	264	275	178	392	1.899502
269	280	265	276	248	322	2.535011
270	281	266	277	42	126	2.008935
293	304	289	300	25	338	1.152231
299	310	295	306	179	48	2.915122
300	311	296	307	319	362	2.671873
301	312	297	308	109	236	3.026191
303	314	299	310	257	125	2.022846
305	316	301	312	11	244	2.600936
309	320	305	316	392	107	2.851272
312	323	308	319	360	198	2.868520
316	327	312	323	126	84	1.909341
317	328	313	324	322	132	1.945705
325	336	321	332	71	301	2.996809
326	337	322	333	398	29	2.328114
328	339	324	335	211	198	2.273368
332	343	328	339	39	263	1.670447
340	351	336	347	176	248	3.110178
342	353	338	349	58	239	3.165304
343	354	339	350	79	329	3.435991
347	358	343	354	365	113	3.340642
348	359	344	355	97	226	3.237994
349	360	345	356	302	91	2.022399
350	361	346	357	84	107	2.480937
351	362	347	358	357	126	2.400813
354	365	350	361	132	74	2.503655
359	370	355	366	117	112	2.722193
369	380	365	376	357	132	1.964894
378	389	374	385	322	84	1.955336
382	393	378	389	7	329	2.127910
390	401	386	397	379	84	2.971486
391	402	387	398	74	176	2.724529
395	406	391	402	89	95	2.706507
404	415	400	411	196	0	1.046929
433	444	431	442	211	187	2.157363
458	469	456	467	164	393	2.491372
459	470	457	468	174	331	1.879546
462	473	460	471	343	2	1.502106
468	479	466	477	263	201	2.900221
