start1	end1	start2	end2	frag1	frag2	frag_rmsd
3	14	3	14	317	290	1.883635
4	15	4	15	131	165	2.913443
9	20	9	20	202	292	2.911072
32	43	32	43	106	395	2.587321
43	54	43	54	360	126	2.237959
62	73	62	73	239	215	1.429311
108	119	108	119	1	273	2.853625
120	131	120	131	222	98	2.557250
127	138	127	138	386	246	2.014472
131	142	131	142	59	367	2.032515
144	155	144	155	129	396	2.522659
147	158	147	158	193	350	2.880449
150	161	150	161	339	254	3.127918
164	175	164	175	136	138	2.385380
167	178	167	178	341	372	3.457785
180	191	180	191	380	377	1.677706
195	206	195	206	174	14	2.973609
197	208	197	208	383	174	2.663198
198	209	198	209	10	349	3.205097
201	212	201	212	185	172	2.593032
209	220	209	220	190	326	2.057006
223	234	223	234	127	0	0.813264
227	238	227	238	235	338	2.509048
260	271	260	271	54	302	1.822938
262	273	262	273	360	356	2.206112
273	284	273	284	136	267	3.071550
