start1	end1	start2	end2	frag1	frag2	frag_rmsd
1	12	1	12	395	40	2.957432
3	14	3	14	248	68	2.645435
12	23	12	23	322	356	2.017159
13	24	13	24	61	313	2.398675
14	25	14	25	28	386	1.926117
28	39	28	39	47	75	2.398635
33	44	33	44	156	174	2.549268
43	54	43	54	379	395	2.439526
45	56	45	56	379	392	2.375143
46	57	46	57	391	258	2.417334
47	58	47	58	297	320	2.128628
49	60	49	60	96	13	1.738752
55	66	55	66	57	84	2.559962
