start1	end1	start2	end2	frag1	frag2	frag_rmsd
1	12	4	15	159	364	4.205688
3	14	6	17	326	225	2.488373
16	27	18	29	159	200	2.404390
