start1	end1	start2	end2	frag1	frag2	frag_rmsd
5	16	15	26	273	0	1.419073
6	17	16	27	16	0	0.775259
20	31	28	39	0	15	2.000338
74	85	111	122	161	100	0.978809
