start1	end1	start2	end2	frag1	frag2	frag_rmsd
37	48	36	47	225	1	1.414968
43	54	42	53	35	127	1.273794
44	55	43	54	35	127	1.273794
