start1	end1	start2	end2	frag1	frag2	frag_rmsd
1	12	13	24	360	132	2.169218
2	13	14	25	360	126	2.237959
39	50	51	62	322	248	2.535011
42	53	54	65	80	391	2.405700
43	54	55	66	318	155	3.839579
44	55	56	67	297	351	3.155637
45	56	57	68	329	210	2.327830
46	57	58	69	336	117	2.559996
47	58	59	70	390	304	2.928597
48	59	60	71	390	361	2.592892
50	61	62	73	298	29	2.664713
51	62	63	74	173	398	2.666717
52	63	64	75	351	28	2.541163
54	65	66	77	194	225	1.011234
55	66	67	78	141	51	1.428009
61	72	73	84	196	27	1.059651
62	73	74	85	27	217	1.512015
64	75	76	87	35	0	1.003458
65	76	77	88	27	0	0.813956
66	77	78	89	16	0	0.775259
80	91	93	104	150	138	2.867148
85	96	98	109	111	4	0.994513
92	103	105	116	232	6	1.900358
94	105	107	118	331	97	2.080183
109	120	121	132	23	4	1.335798
114	125	126	137	235	100	1.231875
117	128	129	140	363	164	1.880850
120	131	132	143	42	395	2.168523
121	132	133	144	126	42	2.008935
132	143	151	162	136	261	2.839974
135	146	154	165	45	216	1.903162
136	147	155	166	4	111	0.994513
160	171	179	190	107	356	1.430031
161	172	180	191	348	258	2.128741
162	173	181	192	386	167	2.284802
164	175	183	194	343	207	2.291251
165	176	184	195	344	207	2.283465
182	193	201	212	121	216	1.107965
186	197	205	216	33	131	2.608302
188	199	207	218	34	164	2.524144
191	202	210	221	318	107	2.418216
192	203	211	222	126	322	2.289807
193	204	212	223	258	61	1.652270
195	206	214	225	344	343	2.610830
198	209	217	228	396	135	2.434347
213	224	230	241	4	224	1.600329
215	226	232	243	184	240	1.274780
216	227	233	244	121	216	1.107965
231	242	248	259	54	205	2.287349
239	250	256	267	216	371	1.502072
250	261	267	278	0	127	0.813264
