start1	end1	start2	end2	frag1	frag2	frag_rmsd
3	14	4	15	357	92	3.174659
45	56	45	56	35	0	1.003458
56	67	72	83	208	183	2.236035
