start1	end1	start2	end2	frag1	frag2	frag_rmsd
12	23	1	12	247	163	1.946979
17	28	6	17	129	369	2.160628
19	30	8	19	135	371	2.136690
21	32	10	21	27	111	1.266595
30	41	19	30	391	349	2.856743
31	42	20	31	357	391	1.962426
34	45	23	34	167	187	2.121763
42	53	31	42	0	184	1.197355
43	54	32	43	0	121	0.992640
44	55	33	44	35	27	1.219104
59	70	49	60	354	212	2.601153
61	72	51	62	257	31	1.958695
68	79	58	69	331	342	2.587809
69	80	59	70	54	370	2.155444
71	82	61	72	107	395	2.432305
85	96	75	86	341	262	2.794272
88	99	78	89	275	344	2.446515
94	105	84	95	224	23	2.008855
95	106	85	96	184	0	1.197355
97	108	87	98	121	184	1.193672
98	109	88	99	27	184	1.585485
102	113	92	103	35	0	1.003458
140	151	130	141	363	164	1.880850
153	164	143	154	311	288	1.718799
154	165	144	155	385	288	3.666673
159	170	149	160	178	91	1.731687
160	171	150	161	57	357	2.268519
161	172	151	162	126	395	1.849402
166	177	156	167	374	28	1.355458
168	179	158	169	213	192	2.401294
246	257	233	244	28	293	2.419510
280	291	281	292	164	385	3.111742
293	304	295	306	111	4	0.994513
301	312	303	314	398	299	2.655321
303	314	305	316	53	43	2.117948
305	316	307	318	216	45	1.903162
306	317	308	319	111	4	0.994513
