start1	end1	start2	end2	frag1	frag2	frag_rmsd
7	18	7	18	16	0	0.775259
8	19	8	19	16	0	0.775259
9	20	9	20	121	0	0.992640
10	21	10	21	196	0	1.046929
11	22	11	22	16	0	0.775259
12	23	12	23	184	127	1.484573
13	24	13	24	87	149	1.474472
15	26	15	26	77	79	2.104037
19	30	19	30	123	147	1.240679
20	31	20	31	111	23	1.303435
35	46	35	46	165	156	2.882637
36	47	36	47	56	46	3.286830
59	70	59	70	24	18	1.529172
61	72	61	72	168	339	1.861038
70	81	70	81	7	122	2.510319
74	85	74	85	375	393	2.214683
80	91	80	91	15	95	1.966391
87	98	87	98	240	184	1.274780
