start1	end1	start2	end2	frag1	frag2	frag_rmsd
38	49	35	46	36	241	1.758679
59	70	58	69	396	65	2.073749
64	75	63	74	35	0	1.003458
65	76	64	75	368	188	1.404624
71	82	70	81	331	174	1.879546
73	84	72	83	183	143	1.720893
75	86	74	85	132	107	2.350722
131	142	121	132	55	115	3.077489
168	179	157	168	35	0	1.003458
169	180	158	169	35	0	1.003458
181	192	171	182	42	167	2.323165
220	231	227	238	379	84	2.971486
233	244	240	251	35	0	1.003458
234	245	241	252	245	35	2.065446
246	257	256	267	389	198	2.304197
247	258	257	268	158	176	2.838007
249	260	259	270	391	310	2.889263
253	264	263	274	86	2	1.884148
255	266	265	276	141	51	1.428009
291	302	298	309	53	176	2.615884
294	305	301	312	371	111	2.158258
296	307	303	314	338	235	2.509048
297	308	304	315	100	277	1.693324
298	309	305	316	33	232	2.349096
303	314	310	321	176	389	2.556364
304	315	311	322	162	114	1.980808
306	317	313	324	43	1	2.128343
316	327	323	334	0	35	1.003458
318	329	325	336	260	284	1.981488
319	330	326	337	170	233	1.990823
