start1	end1	start2	end2	frag1	frag2	frag_rmsd
4	15	5	16	266	13	1.425161
17	28	17	28	127	0	0.813264
18	29	18	29	16	0	0.775259
33	44	34	45	276	358	3.070373
38	49	39	50	111	371	2.158258
44	55	45	56	380	77	2.239592
48	59	49	60	164	156	1.408711
52	63	53	64	395	132	2.384097
53	64	54	65	158	356	2.873854
55	66	56	67	343	374	3.146685
56	67	57	68	192	58	1.504351
59	70	60	71	199	179	3.410284
60	71	61	72	69	172	2.837507
62	73	63	74	101	103	2.024736
67	78	68	79	4	111	0.994513
87	98	90	101	129	227	2.576417
88	99	91	102	396	394	2.782183
93	104	96	107	27	0	0.813956
104	115	107	118	185	57	3.015997
105	116	108	119	198	158	2.252765
124	135	127	138	367	300	3.208377
129	140	132	143	84	42	2.426355
132	143	135	146	320	297	2.128628
135	146	138	149	342	186	2.347317
136	147	139	150	342	361	2.191841
137	148	140	151	331	298	2.671131
138	149	141	152	151	57	2.517792
141	152	144	155	374	28	1.355458
145	156	148	159	378	71	3.232687
148	159	151	162	398	173	2.666717
149	160	152	163	158	351	3.074740
151	162	154	165	391	58	2.359458
152	163	155	166	205	55	2.529426
153	164	156	167	183	71	2.699790
154	165	157	168	151	325	2.813827
155	166	158	169	302	151	2.527160
156	167	159	170	178	383	2.575768
157	168	160	171	248	379	1.639302
170	181	174	185	57	91	2.021486
171	182	175	186	42	356	2.721883
172	183	176	187	357	84	2.904631
174	185	178	189	392	132	1.839294
176	187	180	191	132	322	1.945705
177	188	181	192	61	258	1.652270
182	193	186	197	296	125	2.718770
207	218	211	222	0	27	0.813956
212	223	216	227	235	277	1.734496
214	225	218	229	232	6	1.900358
249	260	253	264	92	373	2.613988
253	264	257	268	182	236	2.993036
255	266	259	270	86	32	3.279815
267	278	271	282	370	39	2.428466
269	280	273	284	395	318	2.216742
273	284	277	288	247	358	2.479219
276	287	280	291	275	32	2.536594
