start1	end1	start2	end2	frag1	frag2	frag_rmsd
27	38	33	44	205	92	2.701136
28	39	34	45	178	253	2.074688
29	40	35	46	91	54	2.270861
30	41	36	47	356	178	2.746714
31	42	37	48	61	258	1.652270
32	43	38	49	167	158	1.812316
33	44	39	50	73	204	3.073344
34	45	40	51	138	96	3.064943
50	61	56	67	355	232	2.143807
51	62	57	68	363	164	1.880850
52	63	58	69	91	174	3.156327
53	64	59	70	356	57	1.996521
54	65	60	71	61	322	1.532523
55	66	61	72	167	158	1.812316
56	67	62	73	293	215	2.617928
107	118	111	122	31	231	1.286233
111	122	115	126	0	127	0.813264
112	123	116	127	0	16	0.775259
119	130	123	134	171	250	2.770541
120	131	124	135	349	272	3.289158
123	134	127	138	191	114	2.832642
137	148	143	154	377	100	1.241297
138	149	144	155	307	33	3.155549
140	151	146	157	173	218	2.674313
141	152	147	158	316	187	3.219759
196	207	243	254	88	44	2.193327
198	209	245	256	390	177	2.707335
200	211	247	258	108	234	2.790127
202	213	249	260	263	39	1.670447
206	217	253	264	107	395	2.432305
207	218	254	265	258	132	2.635888
