start1	end1	start2	end2	frag1	frag2	frag_rmsd
36	47	20	31	61	360	1.959112
54	65	34	45	322	61	1.532523
92	103	72	83	390	229	2.341461
110	121	87	98	84	360	1.521872
111	122	88	99	126	84	1.909341
113	124	90	101	322	360	1.453720
134	145	106	117	126	395	1.849402
135	146	107	118	322	132	1.945705
138	149	110	121	360	126	2.237959
139	150	111	122	126	360	2.237959
