start1	end1	start2	end2	frag1	frag2	frag_rmsd
40	51	36	47	61	389	1.926015
60	71	55	66	3	302	2.726615
73	84	67	78	323	297	1.891877
81	92	75	86	210	382	3.181179
84	95	78	89	128	59	2.692989
86	97	80	91	63	385	3.990097
87	98	81	92	30	136	2.124963
96	107	90	101	35	0	1.003458
