start1	end1	start2	end2	frag1	frag2	frag_rmsd
2	13	2	13	155	152	3.294148
13	24	13	24	229	113	2.224987
15	26	15	26	91	298	2.033592
16	27	16	27	356	107	1.430031
34	45	34	45	391	392	2.580232
46	57	46	57	253	143	2.438522
48	59	48	59	246	274	2.986878
