start1	end1	start2	end2	frag1	frag2	frag_rmsd
1	12	2	13	281	388	2.197854
9	20	10	21	163	323	2.966704
10	21	11	22	274	73	2.896609
13	24	14	25	195	306	3.105206
15	26	16	27	372	30	3.295816
