start1	end1	start2	end2	frag1	frag2	frag_rmsd
6	17	9	20	65	227	2.070036
25	36	28	39	43	225	2.352954
57	68	60	71	204	191	2.454950
83	94	86	97	225	326	2.488373
105	116	108	119	144	188	1.413047
113	124	116	127	81	51	2.463998
115	126	118	129	23	4	1.335798
117	128	120	131	27	127	1.019607
123	134	126	137	121	60	1.940590
137	148	140	151	12	24	1.462726
138	149	141	152	17	168	1.555351
139	150	142	153	124	208	2.503023
142	153	145	156	323	163	2.966704
144	155	147	158	92	163	2.362957
148	159	151	162	395	126	1.849402
149	160	152	163	132	360	2.169218
178	189	181	192	41	259	2.701003
179	190	182	193	165	233	2.696420
181	192	184	195	331	146	2.748119
196	207	199	210	202	337	2.474875
203	214	206	217	206	136	1.496459
204	215	207	218	31	346	1.101450
217	228	220	231	77	359	2.382337
221	232	224	235	281	179	2.644974
225	236	228	239	151	298	2.505800
242	253	245	256	339	294	2.275774
253	264	256	267	262	263	2.913735
255	266	258	269	210	152	2.936843
256	267	259	270	150	274	3.098400
259	270	262	273	396	141	2.196376
274	285	277	288	290	129	3.394975
276	287	279	290	112	267	3.110328
278	289	281	292	229	377	3.206891
279	290	282	293	226	307	2.242570
280	291	283	294	151	298	2.505800
290	301	293	304	32	9	2.432245
292	303	295	306	65	396	2.073749
