start1	end1	start2	end2	frag1	frag2	frag_rmsd
1	12	7	18	7	343	2.009865
14	25	19	30	178	357	2.306823
16	27	21	32	84	392	2.236722
26	37	31	42	84	322	1.955336
42	53	46	57	157	302	1.373132
43	54	47	58	57	91	2.021486
49	60	53	64	293	215	2.617928
56	67	60	71	325	298	2.268278
58	69	62	73	379	248	1.639302
59	70	63	74	80	392	2.526476
60	71	64	75	74	318	2.154001
95	106	81	92	392	357	2.035569
232	243	126	137	293	73	2.790553
233	244	127	138	152	96	3.340467
256	267	151	162	57	392	2.274546
257	268	152	163	74	126	2.701927
258	269	153	164	162	167	2.657010
261	272	156	167	163	64	2.102946
277	288	172	183	84	322	1.955336
293	304	191	202	73	210	2.056321
300	311	198	209	57	318	2.213565
301	312	199	210	84	395	2.768522
302	313	200	211	61	258	1.652270
316	327	211	222	322	248	2.535011
317	328	212	223	126	392	1.978049
324	335	219	230	393	365	2.281657
325	336	220	231	272	302	2.325891
340	351	237	248	167	389	1.584191
341	352	238	249	293	320	2.687874
343	354	240	251	150	83	1.761815
344	355	241	252	59	327	2.076427
345	356	242	253	300	59	3.550877
346	357	243	254	393	120	2.462806
347	358	244	255	221	298	2.475609
348	359	245	256	325	272	2.987046
349	360	246	257	151	258	2.921057
350	361	247	258	379	248	1.639302
353	364	250	261	162	296	2.783193
355	366	252	263	140	58	2.200384
387	398	286	297	210	162	2.752910
391	402	290	301	367	300	3.208377
392	403	291	302	300	361	2.667794
393	404	292	303	314	222	2.759478
398	409	297	308	132	258	2.635888
420	431	309	320	392	143	2.200380
436	447	323	334	313	258	2.044899
445	456	332	343	322	84	1.955336
467	478	343	354	360	132	2.169218
