start1	end1	start2	end2	frag1	frag2	frag_rmsd
5	16	4	15	0	27	0.813956
15	26	14	25	319	77	2.761425
34	45	36	47	176	84	3.454235
45	56	54	65	316	167	2.744047
46	57	55	66	357	391	1.962426
48	59	57	68	297	209	2.490138
51	62	60	71	150	83	1.761815
57	68	66	77	202	372	2.168379
73	84	82	93	284	260	1.981488
76	87	85	96	273	70	1.795849
94	105	111	122	0	16	0.775259
97	108	114	125	0	16	0.775259
110	121	129	140	356	57	1.996521
111	122	130	141	360	316	3.076301
127	138	144	155	390	21	2.965423
128	139	145	156	108	71	3.124473
129	140	146	157	221	325	2.157297
130	141	147	158	146	325	2.497181
131	142	148	159	253	331	1.801250
133	144	150	161	57	392	2.274546
161	172	173	184	170	121	1.774213
162	173	174	185	44	35	2.257887
227	238	240	251	147	123	1.240679
228	239	241	252	111	4	0.994513
232	243	245	256	16	0	0.775259
261	272	267	278	23	278	1.527936
283	294	296	307	35	0	1.003458
284	295	297	308	35	0	1.003458
310	321	320	331	70	147	2.128268
311	322	321	332	240	341	2.604435
313	324	323	334	111	27	1.266595
314	325	324	335	0	16	0.775259
315	326	325	336	0	121	0.992640
318	329	328	339	0	184	1.197355
319	330	329	340	0	184	1.197355
320	331	330	341	0	121	0.992640
322	333	332	343	16	0	0.775259
351	362	357	368	62	287	2.963637
354	365	360	371	59	367	2.032515
364	375	370	381	93	34	2.237220
368	379	374	385	74	80	2.193283
369	380	375	386	313	187	2.570065
370	381	376	387	191	7	3.224805
371	382	377	388	384	344	3.289988
372	383	378	389	292	9	2.837338
397	408	394	405	151	272	2.886798
398	409	395	406	107	356	1.430031
410	421	407	418	247	56	2.687172
411	422	408	419	292	117	2.762161
413	424	410	421	275	394	3.670921
414	425	411	422	9	238	3.440709
416	427	413	424	269	219	3.459751
417	428	414	425	71	55	2.565646
420	431	417	428	337	154	3.959526
421	432	418	429	219	372	2.685481
424	435	421	432	241	45	2.171847
428	439	425	436	121	0	0.992640
429	440	426	437	27	0	0.813956
430	441	427	438	0	16	0.775259
432	443	429	440	0	127	0.813264
433	444	430	441	0	16	0.775259
