start1	end1	start2	end2	frag1	frag2	frag_rmsd
1	12	2	13	322	126	2.289807
27	38	41	52	322	84	1.955336
74	85	98	109	357	132	1.964894
90	101	114	125	23	216	2.334395
102	113	126	137	338	18	1.332509
103	114	127	138	100	377	1.241297
105	116	129	140	232	366	2.061297
108	119	132	143	274	152	2.290286
110	121	134	145	194	346	1.855001
115	126	139	150	16	0	0.775259
116	127	140	151	16	121	1.372802
