start1	end1	start2	end2	frag1	frag2	frag_rmsd
11	22	11	22	16	0	0.775259
12	23	12	23	0	16	0.775259
28	39	28	39	127	35	1.273794
29	40	29	40	118	368	1.491748
34	45	34	45	65	240	1.321092
35	46	35	46	11	216	2.501711
36	47	36	47	118	244	2.654060
53	64	55	66	223	371	1.695846
74	85	76	87	232	283	2.925845
75	86	77	88	256	164	2.413952
77	88	79	90	208	143	2.184799
78	89	80	91	74	218	2.551171
79	90	81	92	162	351	2.473278
83	94	85	96	45	147	1.713468
85	96	87	98	16	0	0.775259
96	107	101	112	123	147	1.240679
97	108	102	113	4	224	1.600329
98	109	103	114	0	184	1.197355
99	110	104	115	0	121	0.992640
114	125	119	130	98	222	2.557250
115	126	120	131	171	22	3.370709
120	131	125	136	147	123	1.240679
