start1	end1	start2	end2	frag1	frag2	frag_rmsd
14	25	14	25	27	0	0.813956
19	30	19	30	0	127	0.813264
20	31	20	31	127	60	1.135321
21	32	21	32	260	16	1.076875
22	33	22	33	170	184	1.844017
41	52	41	52	258	322	2.166966
44	55	44	55	323	389	2.182032
49	60	49	60	26	371	1.310295
52	63	52	63	184	0	1.197355
53	64	53	64	121	16	1.372802
55	66	55	66	338	25	1.152231
58	69	58	69	355	232	2.143807
93	104	93	104	25	338	1.152231
100	111	100	111	178	379	1.774921
104	115	104	115	126	360	2.237959
122	133	122	133	84	356	1.970757
131	142	131	142	312	38	2.387113
132	143	132	143	14	312	2.886283
133	144	133	144	268	48	2.942534
134	145	134	145	236	268	2.349861
148	159	148	159	16	0	0.775259
164	175	168	179	96	102	1.905251
169	180	173	184	356	107	1.430031
180	191	184	195	149	350	1.733101
188	199	192	203	139	168	3.458892
199	210	203	214	360	322	1.453720
207	218	211	222	342	250	2.585381
221	232	225	236	310	165	2.728742
223	234	227	238	370	209	2.145831
225	236	229	240	68	125	2.964029
230	241	234	245	216	121	1.107965
231	242	235	246	111	27	1.266595
235	246	239	250	127	0	0.813264
237	248	241	252	0	121	0.992640
238	249	242	253	37	127	1.685836
239	250	243	254	24	118	1.501714
240	251	244	255	17	12	1.213096
243	254	247	258	337	212	2.412341
244	255	248	259	102	202	3.356761
258	269	261	272	348	209	2.916487
259	270	262	273	86	296	2.772610
260	271	263	274	296	7	3.087659
261	272	264	275	140	312	1.998926
265	276	268	279	31	345	1.281039
266	277	269	280	66	141	2.244852
278	289	281	292	235	161	1.099262
284	295	287	298	95	141	1.602886
291	302	294	305	154	339	2.724389
312	323	310	321	16	0	0.775259
315	326	313	324	144	368	1.335465
317	328	315	326	168	104	2.206515
319	330	317	328	151	298	2.505800
325	336	323	334	253	342	2.834413
326	337	324	335	302	331	2.430370
328	339	326	337	126	395	1.849402
336	347	334	345	302	383	2.329043
343	354	341	352	300	361	2.667794
344	355	342	353	252	314	3.047322
350	361	348	359	389	258	2.040431
357	368	355	366	29	349	2.165630
365	376	363	374	71	47	2.896025
366	377	364	375	140	325	2.356799
367	378	365	376	68	155	2.293045
371	382	369	380	78	21	2.744676
374	385	372	383	151	97	2.941270
377	388	375	386	258	356	3.068121
378	389	376	387	313	389	2.390236
396	407	395	406	225	194	1.011234
402	413	401	412	127	16	1.158335
403	414	402	413	0	127	0.813264
