start1	end1	start2	end2	frag1	frag2	frag_rmsd
145	156	17	28	17	251	1.487591
147	158	19	30	295	354	1.529198
148	159	20	31	153	160	2.634094
158	169	30	41	376	33	3.609372
160	171	32	43	171	324	2.654812
161	172	33	44	179	48	2.915122
162	173	34	45	153	257	2.949077
173	184	50	61	178	248	2.184928
174	185	51	62	114	246	2.430257
175	186	52	63	53	2	2.898116
176	187	53	64	53	1	1.826199
177	188	54	65	89	15	2.198231
243	254	71	82	364	246	2.698988
246	257	74	85	369	276	1.368954
274	285	101	112	309	207	3.196461
275	286	102	113	125	220	1.914140
276	287	103	114	15	216	1.829506
277	288	104	115	26	111	2.666138
278	289	105	116	27	196	1.059651
296	307	140	151	4	0	1.783926
307	318	151	162	60	118	1.979052
308	319	152	163	124	17	2.100408
351	362	183	194	16	0	0.775259
352	363	184	195	121	0	0.992640
353	364	185	196	196	0	1.046929
366	377	203	214	57	356	1.996521
368	379	205	216	322	126	2.289807
387	398	231	242	338	235	2.509048
392	403	236	247	57	316	2.064021
394	405	238	249	356	348	2.839605
395	406	239	250	176	162	2.557893
396	407	240	251	89	343	2.975827
398	409	242	253	15	51	2.489994
399	410	243	254	216	371	1.502072
401	412	245	256	368	188	1.404624
413	424	258	269	20	150	2.215790
429	440	284	295	248	126	2.586560
430	441	285	296	106	84	2.817568
435	446	290	301	216	371	1.502072
519	530	368	379	61	322	1.532523
521	532	370	381	106	322	2.256879
524	535	373	384	207	1	1.582075
525	536	374	385	220	15	1.671599
581	592	394	405	16	0	0.775259
605	616	419	430	16	0	0.775259
627	638	444	455	117	213	2.137352
628	639	445	456	128	78	3.964172
643	654	459	470	0	127	0.813264
644	655	460	471	0	16	0.775259
645	656	461	472	60	0	1.639067
646	657	462	473	60	196	1.969415
658	669	473	484	57	91	2.021486
660	671	475	486	360	84	1.521872
731	742	521	532	133	156	2.474404
732	743	522	533	236	156	3.097445
733	744	523	534	19	136	2.972749
