start1	end1	start2	end2	frag1	frag2	frag_rmsd
24	35	20	31	385	256	2.772588
26	37	22	33	288	311	1.718799
33	44	29	40	128	375	2.998520
46	57	46	57	216	371	1.502072
67	78	76	87	0	35	1.003458
70	81	79	90	350	118	1.377073
73	84	82	93	12	387	3.191253
75	86	84	95	72	398	3.652139
77	88	86	97	146	140	2.200590
79	90	88	99	370	64	2.433095
86	97	95	106	238	111	1.998903
87	98	96	107	35	94	1.741150
93	104	102	113	217	0	1.425276
97	108	106	117	35	0	1.003458
114	125	129	140	127	0	0.813264
117	128	132	143	196	0	1.046929
128	139	144	155	314	272	2.456653
132	143	148	159	246	236	3.147021
136	147	152	163	128	375	2.998520
151	162	170	181	4	111	0.994513
173	184	192	203	0	16	0.775259
174	185	193	204	0	16	0.775259
175	186	194	205	0	196	1.046929
177	188	196	207	0	184	1.197355
178	189	197	208	0	184	1.197355
179	190	198	209	0	27	0.813956
180	191	199	210	127	0	0.813264
192	203	214	225	314	370	3.529902
194	205	216	227	391	163	2.193995
195	206	217	228	379	191	3.259692
213	224	234	245	9	269	2.802775
215	226	236	247	238	123	1.683324
218	229	239	250	121	0	0.992640
219	230	240	251	27	0	0.813956
220	231	241	252	121	196	1.241736
249	260	268	279	350	18	1.876419
250	261	269	280	339	168	1.861038
262	273	281	292	357	178	2.306823
280	291	302	313	224	220	2.131403
287	298	309	320	0	35	1.003458
321	332	354	365	314	285	1.999647
343	354	382	393	21	229	2.030465
346	357	385	396	398	165	3.440403
348	359	387	398	209	140	2.551652
371	382	410	421	27	0	0.813956
409	420	452	463	86	246	3.131995
417	428	460	471	217	5	1.208122
440	451	480	491	96	266	2.037755
445	456	485	496	298	363	2.950286
