start1	end1	start2	end2	frag1	frag2	frag_rmsd
93	104	93	104	174	178	2.867621
94	105	94	105	379	57	2.336006
102	113	102	113	373	39	2.559497
103	114	103	114	163	68	2.208242
104	115	104	115	155	114	3.375420
130	141	148	159	55	21	2.054944
160	171	181	192	123	111	1.875625
161	172	182	193	4	0	1.783926
162	173	183	194	0	35	1.003458
207	218	228	239	318	297	2.590663
212	223	233	244	268	189	2.924505
240	251	249	260	0	121	0.992640
