start1	end1	start2	end2	frag1	frag2	frag_rmsd
7	18	8	19	268	276	3.177106
20	31	21	32	60	149	1.545532
21	32	22	33	118	180	1.359643
34	45	35	46	357	392	2.035569
46	57	47	58	97	298	2.862409
50	61	51	62	126	84	1.909341
73	84	74	85	25	338	1.152231
74	85	75	86	100	69	1.602674
75	86	76	87	33	339	3.274195
87	98	87	98	146	325	2.497181
89	100	89	100	229	54	2.974464
90	101	90	101	178	143	1.650270
92	103	92	103	318	84	2.776911
99	110	99	110	342	174	2.548424
106	117	106	117	159	252	3.956359
107	118	107	118	142	221	3.263606
109	120	109	120	125	344	2.549864
110	121	110	121	81	372	3.350542
111	122	111	122	135	326	1.858400
112	123	112	123	81	135	2.746449
113	124	113	124	11	244	2.600936
118	129	118	129	65	396	2.073749
129	140	129	140	362	222	2.312123
130	141	130	141	154	46	2.384182
131	142	131	142	162	187	2.227353
136	147	136	147	159	171	3.376048
141	152	141	152	4	23	1.335798
