start1	end1	start2	end2	frag1	frag2	frag_rmsd
10	21	11	22	79	77	2.104037
17	28	18	29	259	21	2.377047
18	29	19	30	339	71	2.715677
19	30	20	31	398	387	3.160125
20	31	21	32	116	352	1.676554
26	37	27	38	363	314	2.815277
27	38	28	39	262	91	3.242394
29	40	30	41	239	389	2.206659
30	41	31	42	162	28	1.560721
32	43	33	44	194	125	2.002795
34	45	35	46	223	216	2.223151
37	48	38	49	16	127	1.158335
42	53	43	54	284	235	2.316448
44	55	45	56	6	288	2.609552
47	58	48	59	236	286	2.179840
48	59	49	60	193	86	1.791219
