start1	end1	start2	end2	frag1	frag2	frag_rmsd
3	14	3	14	0	35	1.003458
6	17	6	17	18	251	1.457612
7	18	7	18	377	287	2.089698
10	21	10	21	236	385	3.334269
13	24	13	24	95	141	1.602886
19	30	19	30	277	33	2.543323
23	34	23	34	230	136	2.068366
35	46	35	46	288	283	2.531015
37	48	37	48	63	341	2.923597
42	53	42	53	179	118	2.651788
47	58	47	58	98	164	2.496244
48	59	48	59	179	19	2.850280
49	60	49	60	193	218	3.177545
50	61	50	61	24	203	3.908169
51	62	51	62	148	140	2.641357
52	63	52	63	208	71	2.491031
