start1	end1	start2	end2	frag1	frag2	frag_rmsd
21	32	24	35	47	307	2.971121
67	78	73	84	150	274	3.098400
90	101	95	106	105	238	2.364126
94	105	99	110	139	62	3.119273
96	107	101	112	128	336	3.594161
98	109	103	114	200	112	3.304526
99	110	104	115	156	250	2.358639
107	118	112	123	212	36	2.476641
145	156	159	170	360	132	2.169218
146	157	160	171	360	107	2.749925
149	160	163	174	198	40	1.579973
151	162	165	176	386	58	2.639661
152	163	166	177	191	148	2.267190
154	165	168	179	280	354	2.332182
158	169	172	183	123	394	1.831961
179	190	193	204	152	114	3.103849
213	224	221	232	235	277	1.734496
218	229	226	237	253	57	2.589846
237	248	245	256	292	9	2.837338
239	250	247	258	227	396	2.329098
252	263	355	366	375	200	3.058529
253	264	356	367	363	133	1.994719
259	270	362	373	194	1	1.635126
262	273	365	376	147	123	1.240679
263	274	366	377	23	4	1.335798
277	288	380	391	208	57	2.152129
278	289	381	392	107	356	1.430031
284	295	387	398	261	274	3.033207
295	306	398	409	0	16	0.775259
299	310	402	413	287	104	2.087811
300	311	403	414	311	232	2.404421
306	317	409	420	84	322	1.955336
307	318	410	421	126	84	1.909341
310	321	413	424	7	211	2.204320
312	323	415	426	191	148	2.267190
313	324	416	427	268	291	3.142251
321	332	424	435	231	31	1.286233
328	339	431	442	240	184	1.274780
360	371	463	474	166	368	1.571683
363	374	466	477	101	44	2.846316
365	376	468	479	66	231	2.330147
391	402	492	503	245	282	3.055355
393	404	494	505	396	359	2.970426
401	412	502	513	35	0	1.003458
