start1	end1	start2	end2	frag1	frag2	frag_rmsd
6	17	7	18	85	22	2.338197
10	21	11	22	141	95	1.602886
13	24	14	25	0	16	0.775259
27	38	28	39	164	34	2.524144
28	39	29	40	174	133	1.804231
31	42	32	43	84	360	1.521872
33	44	34	45	61	258	1.652270
58	69	59	70	25	166	1.364085
60	71	61	72	104	377	1.491193
62	73	63	74	290	182	2.785309
63	74	64	75	257	349	2.525008
