start1	end1	start2	end2	frag1	frag2	frag_rmsd
54	65	60	71	126	84	1.909341
55	66	61	72	84	322	1.955336
56	67	62	73	126	322	2.289807
57	68	63	74	322	126	2.289807
74	85	80	91	322	126	2.289807
