start1	end1	start2	end2	frag1	frag2	frag_rmsd
69	80	8	19	127	4	1.906413
70	81	9	20	16	0	0.775259
81	92	21	32	84	126	1.909341
82	93	22	33	258	313	2.044899
83	94	23	34	386	7	2.587679
94	105	35	46	147	45	1.713468
96	107	37	48	184	0	1.197355
97	108	38	49	121	16	1.372802
98	109	39	50	35	127	1.273794
101	112	42	53	277	41	1.800987
103	114	44	55	256	6	2.076516
104	115	45	56	156	164	1.408711
105	116	46	57	174	54	2.729182
117	128	59	70	223	4	2.754340
118	129	60	71	23	0	1.327063
122	133	64	75	25	338	1.152231
123	134	65	76	161	377	2.060080
124	135	66	77	33	288	1.743390
126	137	68	79	164	156	1.408711
139	150	80	91	95	141	1.602886
155	166	95	106	57	356	1.996521
156	167	96	107	126	84	1.909341
173	184	113	124	164	361	2.628107
174	185	114	125	174	97	2.041055
209	220	145	156	167	40	2.374362
230	241	166	177	211	203	1.857122
245	256	183	194	35	0	1.003458
