start1	end1	start2	end2	frag1	frag2	frag_rmsd
26	37	26	37	129	325	3.685408
27	38	27	38	254	67	2.419028
32	43	32	43	126	203	3.096810
33	44	33	44	313	297	1.957711
39	50	39	50	120	314	2.716567
48	59	48	59	365	133	2.941455
57	68	57	68	367	375	2.523916
61	72	61	72	247	246	2.037135
67	78	67	78	67	55	2.795099
74	85	74	85	313	258	2.044899
81	92	81	92	272	157	2.542345
87	98	87	98	22	141	1.438165
96	107	96	107	80	74	2.193283
107	118	107	118	148	21	2.335442
115	126	115	126	55	67	2.795099
