start1	end1	start2	end2	frag1	frag2	frag_rmsd
13	24	13	24	218	143	2.049999
14	25	14	25	140	151	2.863118
17	28	17	28	151	391	2.509443
18	29	18	29	39	253	2.396148
20	31	20	31	68	204	1.976625
23	34	23	34	330	59	2.244902
24	35	24	35	390	375	2.986092
39	50	37	48	274	28	3.360809
40	51	38	49	138	328	2.615349
