start1	end1	start2	end2	frag1	frag2	frag_rmsd
5	16	7	18	0	127	0.813264
29	40	27	38	61	258	1.652270
39	50	37	48	231	31	1.286233
40	51	38	49	95	265	2.317507
54	65	52	63	93	33	2.502357
56	67	54	65	341	63	2.923597
57	68	55	66	136	142	3.778064
58	69	56	67	192	130	2.198175
59	70	57	68	181	214	2.950031
62	73	60	71	262	254	2.775623
65	76	63	74	225	125	2.024259
66	77	64	75	135	51	2.217322
97	108	93	104	57	91	2.021486
