start1	end1	start2	end2	frag1	frag2	frag_rmsd
2	13	1	12	45	123	1.488609
20	31	19	30	95	65	2.348324
26	37	25	36	387	228	1.467269
29	40	28	39	334	229	3.171709
46	57	45	56	123	223	1.416700
61	72	62	73	106	167	2.660941
75	86	75	86	357	360	2.658914
76	87	76	87	395	42	2.168523
87	98	87	98	285	133	1.901995
88	99	88	99	157	57	2.214777
89	100	89	100	395	126	1.849402
90	101	90	101	132	322	1.945705
96	107	96	107	258	61	1.652270
106	117	106	117	395	248	1.997362
109	120	109	120	356	360	2.206112
