start1	end1	start2	end2	frag1	frag2	frag_rmsd
6	17	6	17	328	343	1.513701
37	48	36	47	338	18	1.332509
41	52	40	51	164	34	2.524144
48	59	47	58	61	126	2.069075
50	61	49	60	329	58	2.957163
51	62	50	61	78	130	2.555793
67	78	70	81	74	176	2.724529
68	79	71	82	176	114	1.989951
70	81	73	84	140	312	1.998926
74	85	77	88	32	219	2.785247
75	86	78	89	129	326	2.641751
76	87	79	90	51	371	1.963017
77	88	80	91	45	147	1.713468
106	117	98	109	95	51	1.563872
218	229	234	245	150	330	2.743271
225	236	241	252	322	357	2.219787
226	237	242	253	126	42	2.008935
227	238	243	254	61	392	2.873967
228	239	244	255	126	318	2.511599
243	254	260	271	73	38	2.949045
281	292	301	312	316	57	2.064021
285	296	305	316	194	225	1.011234
298	309	319	330	334	183	2.485480
305	316	326	337	56	236	2.123746
308	319	329	340	148	55	1.769837
310	321	331	342	212	291	3.117697
345	356	366	377	277	100	1.693324
349	360	370	381	272	157	2.542345
352	363	373	384	357	322	2.219787
357	368	378	389	117	150	2.233273
359	370	380	391	375	300	2.169523
360	371	381	392	393	324	2.710956
366	377	387	398	322	248	2.535011
367	378	388	399	126	392	1.978049
390	401	403	414	360	126	2.237959
398	409	411	422	151	398	2.424902
432	443	462	473	173	255	3.344206
433	444	463	474	162	398	3.579712
434	445	464	475	343	184	3.768131
435	446	465	476	225	53	2.802153
439	450	469	480	0	27	0.813956
