start1	end1	start2	end2	frag1	frag2	frag_rmsd
15	26	12	23	225	194	1.011234
16	27	13	24	51	141	1.428009
24	35	21	32	122	364	3.233689
25	36	22	33	20	83	2.024528
26	37	23	34	59	150	3.625820
27	38	24	35	333	261	2.857609
29	40	26	37	347	197	2.645853
