start1	end1	start2	end2	frag1	frag2	frag_rmsd
7	18	7	18	164	363	1.880850
8	19	8	19	174	3	2.344203
14	25	14	25	112	117	2.722193
40	51	40	51	331	383	2.036955
41	52	41	52	331	379	2.384063
54	65	54	65	45	123	1.488609
60	71	60	71	16	0	0.775259
61	72	61	72	127	16	1.158335
62	73	62	73	149	87	1.474472
63	74	63	74	180	118	1.359643
68	79	68	79	174	156	2.549268
71	82	71	82	208	57	2.152129
75	86	75	86	258	374	2.198304
76	87	76	87	297	80	2.266320
103	114	105	116	258	389	2.040431
104	115	106	117	386	320	2.245005
106	117	108	119	213	194	2.844009
107	118	109	120	141	276	2.841717
109	120	111	122	70	123	2.187648
110	121	112	123	231	4	2.775482
122	133	124	135	174	361	3.031582
123	134	125	136	253	97	2.618413
124	135	126	137	398	173	2.666717
127	138	129	140	152	96	3.340467
