start1	end1	start2	end2	frag1	frag2	frag_rmsd
5	16	2	13	118	368	1.491748
8	19	5	16	311	283	2.735094
11	22	8	19	30	172	2.940144
13	24	10	21	78	98	3.524279
20	31	17	28	148	106	2.681835
22	33	19	30	354	291	2.738127
23	34	20	31	206	172	2.776611
24	35	21	32	346	11	2.640512
27	38	24	35	79	341	3.600955
30	41	27	38	65	396	2.073749
41	52	38	49	0	35	1.003458
42	53	39	50	188	368	1.404624
47	58	44	55	164	250	2.535361
51	62	48	59	343	211	2.532802
52	63	49	60	289	344	3.205023
61	72	58	69	255	64	2.893227
62	73	59	70	379	54	2.066468
64	75	61	72	356	316	2.665484
81	92	78	89	76	380	2.656587
88	99	85	96	371	223	1.695846
99	110	96	107	356	107	1.430031
100	111	97	108	348	356	2.839605
102	113	99	110	80	374	2.774244
142	153	139	150	361	256	2.627081
143	154	140	151	361	222	2.877528
148	159	145	156	343	89	2.975827
151	162	148	159	45	36	1.796707
152	163	149	160	169	179	2.606904
162	173	159	170	150	130	2.764320
167	178	164	175	105	169	1.732125
179	190	176	187	90	289	2.511995
196	207	193	204	222	165	2.547133
197	208	194	205	183	334	2.485480
198	209	195	206	298	54	2.540643
202	213	199	210	360	322	1.453720
209	220	206	217	144	25	1.398598
211	222	208	219	319	294	2.544084
214	225	211	222	31	231	1.286233
217	228	214	225	224	4	1.600329
218	229	215	226	184	0	1.197355
220	231	217	228	27	0	0.813956
229	240	226	237	35	0	1.003458
232	243	229	240	100	235	1.231875
244	255	241	252	0	121	0.992640
257	268	255	266	248	54	2.082630
