start1	end1	start2	end2	frag1	frag2	frag_rmsd
22	33	21	32	0	35	1.003458
26	37	25	36	33	288	1.743390
42	53	41	52	68	208	3.127074
59	70	58	69	92	329	2.645551
66	77	65	76	396	22	2.425487
85	96	84	95	156	385	2.695774
98	109	97	108	328	2	1.547551
