start1	end1	start2	end2	frag1	frag2	frag_rmsd
3	14	3	14	126	84	1.909341
6	17	6	17	322	132	1.945705
28	39	19	30	322	132	1.945705
49	60	41	52	235	108	3.820159
50	61	42	53	277	311	2.953129
62	73	54	65	94	245	1.654793
63	74	55	66	94	245	1.654793
75	86	67	78	257	284	2.519428
77	88	69	80	292	82	2.425930
78	89	70	81	129	224	2.608637
88	99	80	91	104	287	2.087811
89	100	81	92	366	93	2.320488
92	103	84	95	292	86	2.725013
93	104	85	96	345	224	2.212150
110	121	102	113	235	277	1.734496
118	129	110	121	104	100	2.024667
119	130	111	122	294	33	2.272830
121	132	113	124	164	256	2.413952
122	133	114	125	352	156	3.262476
123	134	115	126	68	331	2.990575
127	138	119	130	208	132	2.303221
137	148	129	140	82	261	2.364559
150	161	142	153	161	235	1.099262
153	164	145	156	164	34	2.524144
157	168	149	160	208	132	2.303221
161	172	153	164	211	386	2.401985
176	187	168	179	35	0	1.003458
179	190	171	182	49	170	2.018496
180	191	172	183	37	44	1.535786
181	192	173	184	338	201	2.628320
184	195	176	187	307	301	3.243083
185	196	177	188	298	91	2.033592
186	197	178	189	57	356	1.996521
188	199	180	191	126	360	2.237959
193	204	185	196	85	191	2.474521
202	213	194	205	196	27	1.059651
212	223	204	215	174	250	2.790671
213	224	205	216	205	165	2.675090
217	228	209	220	68	389	2.655854
220	231	212	223	131	346	3.248897
221	232	213	224	261	22	2.660438
225	236	217	228	371	216	1.502072
228	239	220	231	0	35	1.003458
231	242	223	234	338	77	1.893036
232	243	224	235	277	287	1.480842
233	244	225	236	288	243	2.652879
239	250	231	242	343	106	3.183244
243	254	235	246	189	354	3.164164
245	256	237	248	292	44	3.065850
250	261	242	253	127	0	0.813264
251	262	243	254	16	0	0.775259
257	268	249	260	34	6	2.330814
258	269	250	261	39	156	2.210204
262	273	254	265	323	29	2.895201
263	274	255	266	320	373	2.468278
286	297	278	289	363	164	1.880850
287	298	279	290	302	174	2.621173
291	302	283	294	61	74	2.933300
297	308	289	300	345	195	2.125554
315	326	307	318	8	370	2.405058
317	328	309	320	143	57	2.304628
322	333	314	325	90	244	2.739792
326	337	318	329	355	93	2.537338
328	339	320	331	19	85	3.234276
330	341	322	333	64	39	2.616468
337	348	329	340	266	13	1.425161
342	353	334	345	173	57	2.731170
346	357	338	349	152	13	3.354507
347	358	339	350	332	14	3.906583
349	360	341	352	200	3	3.431607
351	362	343	354	272	3	2.548933
358	369	350	361	169	111	1.734636
