start1	end1	start2	end2	frag1	frag2	frag_rmsd
14	25	14	25	245	35	2.065446
15	26	15	26	5	35	1.528815
16	27	16	27	5	35	1.528815
17	28	17	28	217	94	1.772527
18	29	18	29	217	94	1.772527
41	52	42	53	92	28	2.580877
42	53	43	54	358	38	2.528073
43	54	44	55	342	14	2.230074
45	56	46	57	57	3	2.271934
61	72	63	74	224	257	2.443050
62	73	64	75	121	81	2.403403
63	74	65	76	111	244	2.448459
75	86	76	87	174	54	2.729182
76	87	77	88	349	383	1.626976
77	88	78	89	29	323	2.895201
