start1	end1	start2	end2	frag1	frag2	frag_rmsd
10	21	11	22	161	282	2.950303
17	28	18	29	15	190	2.260199
18	29	19	30	15	89	2.198231
19	30	20	31	216	15	1.829506
20	31	21	32	111	27	1.266595
34	45	37	48	383	3	2.586232
35	46	38	49	379	151	2.133956
36	47	39	50	391	316	2.590413
37	48	40	51	178	357	2.306823
44	55	47	58	274	150	3.098400
56	67	59	70	35	94	1.741150
69	80	71	82	176	106	2.732143
71	82	73	84	282	210	3.290482
76	87	78	89	113	394	3.579665
81	92	83	94	371	216	1.502072
