start1	end1	start2	end2	frag1	frag2	frag_rmsd
6	17	6	17	213	312	1.883397
31	42	31	42	361	342	2.191841
38	49	38	49	190	185	3.036839
39	50	39	50	172	210	2.924096
40	51	40	51	131	312	2.764994
