start1	end1	start2	end2	frag1	frag2	frag_rmsd
1	12	1	12	328	329	2.430959
24	35	24	35	84	322	1.955336
27	38	27	38	389	322	2.292898
50	61	50	61	248	167	2.115099
56	67	56	67	84	80	3.362015
64	75	64	75	253	57	2.589846
66	77	66	77	322	132	1.945705
68	79	68	79	126	360	2.237959
71	82	71	82	40	210	2.498693
72	83	72	83	150	312	3.199813
74	85	74	85	361	342	2.191841
75	86	75	86	393	285	2.206151
97	108	98	109	238	4	2.139527
