start1	end1	start2	end2	frag1	frag2	frag_rmsd
33	44	13	24	132	356	2.067486
34	45	14	25	126	61	2.069075
86	97	59	70	40	92	1.759016
87	98	60	71	391	163	2.193995
90	101	63	74	57	107	2.508886
95	106	68	79	80	357	2.082122
96	107	69	80	246	167	2.265205
97	108	70	81	73	204	3.073344
98	109	71	82	358	247	2.479219
101	112	74	85	361	342	2.191841
121	132	127	138	395	248	1.997362
122	133	128	139	178	392	1.899502
124	135	130	141	348	270	2.651409
138	149	143	154	316	389	2.563569
149	160	154	165	360	318	2.599279
151	162	156	167	357	258	1.886183
154	165	159	170	379	183	2.366043
156	167	161	172	57	178	1.951934
159	170	164	175	102	38	3.239735
169	180	174	185	40	92	1.759016
170	181	175	186	183	209	2.838015
171	182	176	187	209	344	2.693262
173	184	178	189	130	175	2.406903
213	224	201	212	357	322	2.219787
