start1	end1	start2	end2	frag1	frag2	frag_rmsd
5	16	9	20	40	167	2.374362
7	18	11	22	391	248	2.056378
10	21	14	25	398	299	2.655321
36	47	39	50	16	0	0.775259
40	51	43	54	264	319	1.327043
42	53	45	56	99	153	1.751370
56	67	60	71	329	320	2.324045
57	68	61	72	130	292	2.838369
76	87	80	91	232	6	1.900358
82	93	86	97	293	239	2.280486
85	96	89	100	112	312	2.815936
113	124	122	133	14	301	2.582257
124	135	134	145	322	61	1.532523
131	142	141	152	250	393	2.576258
134	145	144	155	372	202	2.168379
152	163	162	173	389	61	1.926015
153	164	163	174	114	158	2.238975
165	176	178	189	342	363	2.933575
167	178	180	191	57	132	1.551260
168	179	181	192	107	395	2.432305
180	191	194	205	126	84	1.909341
186	197	200	211	81	15	2.083393
193	204	207	218	127	35	1.273794
195	206	209	220	271	18	1.069917
243	254	256	267	12	273	2.591410
253	264	266	277	64	257	3.248903
258	269	271	282	292	275	2.022552
262	273	275	286	36	123	1.918208
279	290	299	310	356	322	2.017159
327	338	343	354	162	28	1.560721
328	339	344	355	7	38	2.699184
333	344	349	360	345	224	2.212150
338	349	354	365	121	0	0.992640
345	356	361	372	91	302	2.022399
348	359	364	375	167	389	1.584191
354	365	370	381	347	65	2.308913
411	422	433	444	188	144	1.413047
416	427	438	449	363	157	2.737417
419	430	441	452	356	322	2.017159
421	432	443	454	126	360	2.237959
427	438	449	460	246	274	2.986878
428	439	450	461	99	138	2.121803
436	447	458	469	0	16	0.775259
468	479	480	491	178	391	2.455732
470	481	482	493	348	389	2.657845
476	487	488	499	375	393	2.214683
478	489	490	501	379	272	2.824757
480	491	492	503	318	167	2.812345
481	492	493	504	106	40	2.568277
484	495	496	507	392	178	1.899502
485	496	497	508	356	178	2.746714
487	498	499	510	116	73	2.465220
495	506	507	518	360	132	2.169218
497	508	509	520	360	61	1.959112
499	510	511	522	61	258	1.652270
500	511	512	523	28	293	2.419510
501	512	513	524	329	96	1.925419
502	513	514	525	83	20	2.024528
505	516	517	528	363	365	2.484110
506	517	518	529	157	91	2.006819
527	538	537	548	66	95	1.609657
528	539	538	549	216	45	1.903162
532	543	542	553	184	240	1.274780
538	549	548	559	188	368	1.404624
542	553	552	563	396	359	2.970426
544	555	554	565	282	397	3.108096
546	557	556	567	377	100	1.241297
