start1	end1	start2	end2	frag1	frag2	frag_rmsd
29	40	31	42	100	277	1.693324
39	50	41	52	319	62	1.833671
40	51	42	53	295	212	2.645781
135	146	110	121	0	184	1.197355
136	147	111	122	0	121	0.992640
137	148	112	123	0	27	0.813956
