start1	end1	start2	end2	frag1	frag2	frag_rmsd
9	20	13	24	210	312	3.163642
10	21	14	25	117	358	2.136260
13	24	17	28	262	218	3.151306
18	29	22	33	367	375	2.523916
20	31	24	35	48	171	2.554755
21	32	25	36	382	274	2.444288
74	85	83	94	338	180	1.985909
76	87	85	96	119	139	2.402640
80	91	89	100	111	123	1.875625
84	95	93	104	110	180	1.207298
89	100	98	109	141	66	2.244852
98	109	107	118	144	166	1.768288
111	122	120	131	65	240	1.321092
117	128	126	137	100	161	0.978809
126	137	135	146	16	0	0.775259
127	138	136	147	60	127	1.135321
130	141	139	150	79	77	2.104037
132	143	141	152	129	376	1.562683
146	157	155	166	35	0	1.003458
