start1	end1	start2	end2	frag1	frag2	frag_rmsd
13	24	13	24	46	250	2.809732
26	37	26	37	16	260	1.076875
59	70	59	70	273	376	2.872273
61	72	61	72	87	199	3.267466
119	130	120	131	15	95	1.966391
144	155	145	156	97	174	2.041055
