start1	end1	start2	end2	frag1	frag2	frag_rmsd
7	18	7	18	126	360	2.237959
13	24	13	24	177	390	2.707335
16	27	16	27	183	143	1.720893
18	29	18	29	297	140	3.079164
21	32	21	32	14	39	2.574435
22	33	22	33	14	342	2.230074
23	34	23	34	182	165	3.260019
24	35	24	35	236	274	1.789125
27	38	27	38	369	32	2.362193
40	51	40	51	392	379	2.375143
42	53	42	53	258	74	2.771739
52	63	52	63	127	0	0.813264
53	64	53	64	16	0	0.775259
