start1	end1	start2	end2	frag1	frag2	frag_rmsd
2	13	2	13	239	389	2.206659
3	14	3	14	162	28	1.560721
4	15	4	15	309	328	2.369121
7	18	7	18	364	281	2.870854
8	19	8	19	202	160	2.761046
9	20	9	20	276	345	2.060965
10	21	10	21	227	141	1.668724
11	22	11	22	223	45	1.647681
13	24	13	24	121	0	0.992640
14	25	14	25	27	0	0.813956
24	35	24	35	368	188	1.404624
