start1	end1	start2	end2	frag1	frag2	frag_rmsd
4	15	6	17	167	126	2.697257
5	16	7	18	40	258	2.499938
6	17	8	19	38	297	3.497489
7	18	9	20	358	122	2.477354
75	86	77	88	157	363	2.737417
77	88	79	90	391	132	3.091218
