start1	end1	start2	end2	frag1	frag2	frag_rmsd
6	17	6	17	338	25	1.152231
24	35	24	35	285	314	1.999647
37	48	37	48	18	260	1.686863
39	50	39	50	119	44	2.044452
50	61	50	61	35	0	1.003458
