start1	end1	start2	end2	frag1	frag2	frag_rmsd
24	35	26	37	141	95	1.602886
34	45	36	47	164	156	1.408711
36	47	38	49	296	205	3.200033
38	49	40	51	51	135	2.217322
39	50	41	52	99	36	2.730291
46	57	48	59	277	235	1.734496
50	61	52	63	30	230	1.728147
