start1	end1	start2	end2	frag1	frag2	frag_rmsd
6	17	4	15	246	56	2.262650
7	18	5	16	263	192	2.979299
9	20	7	18	191	85	2.474521
11	22	9	20	292	160	2.571253
13	24	11	22	141	95	1.602886
20	31	18	29	100	161	0.978809
26	37	24	35	59	390	3.703188
30	41	28	39	318	151	2.401869
31	42	29	40	395	42	2.168523
34	45	32	43	274	292	2.697813
45	56	43	54	44	37	1.535786
