start1	end1	start2	end2	frag1	frag2	frag_rmsd
8	19	10	21	111	4	0.994513
60	71	59	70	132	357	1.964894
69	80	68	79	253	331	1.801250
71	82	70	81	357	318	2.179797
75	86	74	85	364	246	2.698988
76	87	75	86	2	343	1.502106
94	105	93	104	380	69	1.745337
115	126	112	123	305	376	2.683719
