start1	end1	start2	end2	frag1	frag2	frag_rmsd
88	99	38	49	0	16	0.775259
89	100	39	50	0	16	0.775259
190	201	60	71	16	260	1.076875
191	202	61	72	49	170	2.018496
192	203	62	73	196	37	1.126710
194	205	64	75	16	240	1.850213
221	232	91	102	27	196	1.059651
242	253	109	120	125	265	2.816320
247	258	114	125	31	231	1.286233
255	266	122	133	127	0	0.813264
316	327	159	170	0	35	1.003458
357	368	192	203	121	371	2.099567
358	369	193	204	27	111	1.266595
359	370	194	205	0	16	0.775259
360	371	195	206	0	16	0.775259
361	372	196	207	0	121	0.992640
368	379	203	214	363	3	2.560867
370	381	205	216	162	215	2.221407
371	382	206	217	215	210	2.059582
372	383	207	218	150	38	2.863885
373	384	208	219	150	332	2.960658
374	385	209	220	112	332	3.273618
375	386	210	221	98	200	3.097849
377	388	212	223	156	98	2.250425
378	389	213	224	222	174	2.234287
379	390	214	225	174	331	1.879546
380	391	215	226	182	29	1.423903
381	392	216	227	364	274	1.999522
383	394	218	229	213	177	2.398173
384	395	219	230	229	55	2.679222
385	396	220	231	71	254	3.243452
386	397	221	232	189	62	3.649873
387	398	222	233	75	243	1.677825
390	401	225	236	367	200	3.473017
391	402	226	237	365	200	2.605423
404	415	242	253	28	351	2.541163
411	422	249	260	196	127	1.155792
412	423	250	261	368	149	1.387412
439	450	263	274	0	27	0.813956
444	455	268	279	0	127	0.813264
446	457	270	281	0	121	0.992640
448	459	272	283	271	24	1.694230
476	487	300	311	194	1	1.635126
477	488	301	312	141	51	1.428009
