start1	end1	start2	end2	frag1	frag2	frag_rmsd
6	17	5	16	55	265	2.502428
8	19	7	18	47	233	2.882708
10	21	9	20	103	280	1.955594
13	24	12	23	141	227	1.668724
17	28	16	27	5	0	1.445826
25	36	24	35	346	44	3.777642
26	37	25	36	369	276	1.368954
28	39	27	38	123	223	1.416700
57	68	56	67	377	235	2.257288
