start1	end1	start2	end2	frag1	frag2	frag_rmsd
6	17	6	17	259	17	1.872052
7	18	7	18	339	154	2.724389
29	40	29	40	376	134	2.687429
32	43	32	43	380	131	2.723653
33	44	33	44	104	234	3.192068
34	45	34	45	366	232	2.061297
86	97	86	97	382	230	3.192129
87	98	87	98	131	177	2.065757
93	104	93	104	42	322	2.200412
94	105	94	105	42	126	2.008935
104	115	104	115	389	167	1.584191
