start1	end1	start2	end2	frag1	frag2	frag_rmsd
1	12	1	12	292	213	2.564850
3	14	3	14	227	268	2.475782
6	17	6	17	88	307	2.822750
22	33	22	33	25	338	1.152231
50	61	50	61	58	310	3.073619
51	62	51	62	140	19	3.175322
52	63	52	63	378	92	2.698621
53	64	53	64	85	358	2.758759
56	67	56	67	231	369	2.572214
60	71	60	71	0	27	0.813956
79	90	79	90	389	322	2.292898
94	105	96	107	386	167	2.284802
116	127	116	127	272	91	2.404085
