start1	end1	start2	end2	frag1	frag2	frag_rmsd
7	18	7	18	126	360	2.237959
9	20	9	20	329	162	3.091704
27	38	27	38	173	74	2.685678
30	41	30	41	378	205	2.595378
33	44	33	44	247	364	2.424579
35	46	35	46	92	342	3.245361
38	49	38	49	253	151	2.347071
60	71	60	71	329	122	1.972439
69	80	69	80	395	248	1.997362
77	88	77	88	97	14	2.674511
88	99	88	99	294	33	2.272830
