start1	end1	start2	end2	frag1	frag2	frag_rmsd
27	38	54	65	162	374	2.026859
28	39	55	66	343	211	2.532802
29	40	56	67	1	207	1.582075
30	41	57	68	51	148	2.873766
31	42	58	69	371	26	1.310295
32	43	59	70	166	290	3.028311
35	46	62	73	288	33	1.743390
36	47	63	74	6	361	2.567318
38	49	65	76	174	91	3.156327
40	51	67	78	395	126	1.849402
44	55	71	82	176	53	2.615884
46	57	73	84	214	282	3.240357
47	58	74	85	266	243	2.752082
61	72	88	99	16	0	0.775259
62	73	89	100	16	0	0.775259
63	74	90	101	16	0	0.775259
64	75	91	102	87	188	1.255021
97	108	124	135	126	395	1.849402
98	109	125	136	318	132	1.806699
117	128	147	158	34	164	2.524144
118	129	148	159	133	302	2.836895
154	165	195	206	4	127	1.906413
155	166	196	207	16	260	1.076875
156	167	197	208	16	170	2.037066
157	168	198	209	184	196	1.667884
158	169	199	210	0	273	1.419073
162	173	203	214	0	27	0.813956
164	175	205	216	35	0	1.003458
177	188	223	234	323	293	1.968250
186	197	232	243	0	16	0.775259
188	199	234	245	0	37	1.968723
234	245	298	309	189	264	3.135078
259	270	323	334	141	51	1.428009
267	278	331	342	0	35	1.003458
277	288	341	352	138	2	2.756781
282	293	346	357	273	16	1.325929
283	294	347	358	184	121	1.193672
284	295	348	359	121	0	0.992640
285	296	349	360	27	0	0.813956
314	325	379	390	45	121	2.625354
315	326	380	391	4	27	1.631724
316	327	381	392	184	0	1.197355
