start1	end1	start2	end2	frag1	frag2	frag_rmsd
40	51	14	25	208	3	2.137017
42	53	16	27	116	158	3.190239
44	55	18	29	38	163	2.391719
45	56	19	30	14	155	2.198745
47	58	21	32	173	218	2.674313
49	60	23	34	329	328	2.430959
52	63	26	37	301	71	2.996809
57	68	31	42	207	192	2.530014
61	72	35	46	151	107	2.864918
62	73	36	47	57	356	1.996521
83	94	54	65	267	256	2.746771
112	123	90	101	192	344	2.646417
114	125	92	103	390	214	3.710937
121	132	99	110	376	129	1.562683
127	138	105	116	208	307	2.658720
128	139	106	117	226	154	3.553946
129	140	107	118	173	272	2.804773
136	147	114	125	80	313	2.489096
145	156	123	134	248	316	2.344338
147	158	125	136	198	40	1.579973
150	161	128	139	189	182	2.177050
188	199	168	179	28	374	1.355458
199	210	188	199	374	126	2.937961
200	211	189	200	313	211	2.221163
210	221	199	210	124	362	2.182590
219	230	208	219	91	255	2.289949
220	231	209	220	392	91	2.022503
222	233	211	222	84	360	1.521872
223	234	212	223	61	322	1.532523
226	237	215	226	247	122	3.156086
227	238	216	227	38	138	2.473026
228	239	217	228	112	195	3.297835
229	240	218	229	385	227	2.924653
230	241	219	230	82	281	2.351326
231	242	220	231	361	256	2.627081
232	243	221	232	113	17	3.577023
234	245	223	234	91	226	2.048829
238	249	227	238	84	360	1.521872
240	251	229	240	40	198	1.579973
241	252	230	241	198	391	2.242897
