start1	end1	start2	end2	frag1	frag2	frag_rmsd
20	31	1	12	198	40	1.579973
21	32	2	13	391	163	2.193995
22	33	3	14	205	155	2.471268
23	34	4	15	183	54	2.143825
24	35	5	16	253	183	1.817367
25	36	6	17	163	297	3.105653
27	38	8	19	274	122	3.234269
28	39	9	20	102	336	2.764402
30	41	11	22	390	375	2.986092
32	43	13	24	298	97	2.862409
34	45	15	26	246	28	2.083931
35	46	16	27	358	38	2.528073
38	49	19	30	146	301	2.719791
39	50	20	31	221	298	2.475609
40	51	21	32	325	203	3.096545
41	52	22	33	253	379	2.483717
42	53	23	34	362	204	3.204831
43	54	24	35	114	163	2.969498
44	55	25	36	308	204	3.144758
45	56	26	37	257	373	2.902383
46	57	27	38	266	150	2.410675
47	58	28	39	330	20	1.984773
48	59	29	40	59	330	2.244902
