start1	end1	start2	end2	frag1	frag2	frag_rmsd
19	30	37	48	89	309	1.629779
20	31	38	49	125	53	2.587211
22	33	40	51	216	121	1.107965
25	36	43	54	0	27	0.813956
35	46	53	64	0	16	0.775259
39	50	57	68	104	287	2.087811
43	54	61	72	44	119	2.044452
55	66	73	84	346	231	1.531187
61	72	79	90	0	16	0.775259
