start1	end1	start2	end2	frag1	frag2	frag_rmsd
9	20	15	26	28	162	1.560721
14	25	20	31	363	365	2.484110
15	26	21	32	349	29	2.165630
17	28	23	34	391	42	2.281049
18	29	24	35	92	10	1.712565
19	30	25	36	163	183	2.424667
20	31	26	37	183	92	2.806988
21	32	27	38	331	163	1.919656
22	33	28	39	29	191	3.087471
23	34	29	40	373	274	2.275822
25	36	31	42	20	327	2.071002
28	39	34	45	363	314	2.815277
65	76	56	67	378	388	3.273103
