start1	end1	start2	end2	frag1	frag2	frag_rmsd
44	55	39	50	0	16	0.775259
48	59	43	54	0	16	0.775259
49	60	44	55	0	121	0.992640
50	61	45	56	0	27	0.813956
64	75	59	70	87	35	1.660723
65	76	60	71	118	368	1.491748
68	79	63	74	119	44	2.044452
70	81	65	76	227	240	2.592171
71	82	66	77	394	22	2.764360
72	83	67	78	4	111	0.994513
73	84	68	79	0	273	1.419073
74	85	69	80	0	184	1.197355
75	86	70	81	0	121	0.992640
76	87	71	82	0	27	0.813956
77	88	72	83	0	16	0.775259
78	89	73	84	0	121	0.992640
