start1	end1	start2	end2	frag1	frag2	frag_rmsd
13	24	8	19	132	57	1.551260
19	30	14	25	358	155	3.695225
25	36	20	31	111	4	0.994513
58	69	52	63	44	283	2.777961
60	71	54	65	240	341	2.604435
61	72	55	66	121	81	2.403403
63	74	57	68	251	180	1.423305
85	96	80	91	57	132	1.551260
88	99	83	94	328	386	2.639548
89	100	84	95	192	92	2.220201
95	106	90	101	30	11	2.289586
