start1	end1	start2	end2	frag1	frag2	frag_rmsd
8	19	9	20	350	55	3.110730
10	21	11	22	354	243	2.322829
11	22	12	23	201	280	1.864047
