start1	end1	start2	end2	frag1	frag2	frag_rmsd
36	47	42	53	4	0	1.783926
41	52	47	58	0	16	0.775259
47	58	53	64	160	99	2.486686
48	59	54	65	31	345	1.281039
68	79	79	90	235	277	1.734496
74	85	85	96	95	141	1.602886
