start1	end1	start2	end2	frag1	frag2	frag_rmsd
3	14	4	15	13	266	1.425161
12	23	13	24	45	388	1.950228
13	24	14	25	4	260	2.311101
14	25	15	26	16	170	2.037066
15	26	16	27	127	44	2.553740
16	27	17	28	16	273	1.325929
17	28	18	29	184	240	1.274780
18	29	19	30	196	121	1.241736
20	31	21	32	24	17	1.630905
21	32	22	33	362	124	2.182590
25	36	26	37	19	38	2.252345
29	40	30	41	298	91	2.033592
32	43	33	44	239	389	2.206659
34	45	35	46	138	38	2.473026
36	47	37	48	195	32	1.944403
37	48	38	49	227	268	2.475782
38	49	39	50	223	206	2.806691
41	52	42	53	23	15	1.595702
42	53	43	54	27	111	1.266595
57	68	65	76	229	205	2.523216
58	69	66	77	370	85	3.069715
74	85	85	96	253	301	2.483787
80	91	91	102	274	152	2.290286
87	98	98	109	31	345	1.281039
94	105	105	116	164	363	1.880850
98	109	109	120	132	322	1.945705
103	114	114	125	194	1	1.635126
114	125	125	136	368	149	1.387412
119	130	130	141	98	113	2.941819
120	131	131	142	361	120	2.508254
122	133	133	144	185	349	2.761601
123	134	134	145	352	215	3.037695
125	136	136	147	292	138	2.059222
152	163	163	174	0	16	0.775259
153	164	164	175	35	87	1.660723
154	165	165	176	144	25	1.398598
155	166	166	177	338	79	2.808280
156	167	167	178	235	321	2.367577
158	169	169	180	355	113	2.008070
159	170	170	181	363	301	2.839556
161	172	172	183	74	348	2.456740
162	173	173	184	374	162	2.026859
169	180	180	191	287	170	1.992976
210	221	267	278	338	18	1.332509
