start1	end1	start2	end2	frag1	frag2	frag_rmsd
28	39	46	57	117	312	2.810532
32	43	50	61	14	342	2.230074
34	45	52	63	97	54	2.699671
35	46	53	64	3	379	2.644772
36	47	54	65	356	57	1.996521
37	48	55	66	356	84	1.970757
38	49	56	67	360	322	1.453720
59	70	79	90	322	248	2.535011
60	71	80	91	389	158	2.036257
