start1	end1	start2	end2	frag1	frag2	frag_rmsd
10	21	10	21	328	130	3.034956
11	22	11	22	358	181	3.204069
12	23	12	23	390	128	2.944982
13	24	13	24	361	355	2.615853
15	26	15	26	302	310	2.918408
17	28	17	28	322	57	2.446228
44	55	44	55	361	301	2.339875
46	57	46	57	57	356	1.996521
47	58	47	58	270	61	2.370076
48	59	48	59	374	167	2.251345
