start1	end1	start2	end2	frag1	frag2	frag_rmsd
1	12	1	12	84	360	1.521872
14	25	15	26	84	395	2.768522
15	26	16	27	360	132	2.169218
17	28	18	29	126	360	2.237959
20	31	21	32	389	126	2.201165
21	32	22	33	28	215	2.173200
22	33	23	34	38	247	2.150232
23	34	24	35	117	213	2.137352
63	74	57	68	57	356	1.996521
65	76	59	70	360	322	1.453720
87	98	74	85	126	360	2.237959
89	100	76	87	360	126	2.237959
