start1	end1	start2	end2	frag1	frag2	frag_rmsd
10	21	11	22	162	258	2.601698
11	22	12	23	293	167	1.284317
12	23	13	24	73	68	2.957185
13	24	14	25	138	358	2.570733
14	25	15	26	32	82	2.553400
17	28	18	29	223	371	1.695846
18	29	19	30	166	169	2.876080
24	35	25	36	331	174	1.879546
34	45	35	46	16	0	0.775259
42	53	43	54	223	123	1.416700
43	54	44	55	224	70	1.307761
53	64	54	65	35	127	1.273794
54	65	55	66	368	118	1.491748
55	66	56	67	284	41	2.164096
60	71	61	72	276	195	1.460134
63	74	64	75	111	4	0.994513
77	88	78	89	16	0	0.775259
79	90	80	91	196	127	1.155792
80	91	81	92	368	144	1.335465
148	159	150	161	74	318	2.154001
172	183	174	185	176	343	3.059252
179	190	181	192	0	35	1.003458
183	194	185	196	100	277	1.693324
193	204	195	206	9	199	4.280909
221	232	223	234	73	358	3.386434
231	242	233	244	366	25	2.998442
232	243	234	245	98	380	3.097994
247	258	249	260	180	24	1.017167
248	259	250	261	380	377	1.677706
251	262	253	264	363	331	2.590972
252	263	254	265	379	54	2.066468
253	264	255	266	80	143	2.207392
255	266	257	268	258	106	2.446350
272	283	276	287	225	194	1.011234
273	284	277	288	51	141	1.428009
278	289	282	293	16	0	0.775259
