start1	end1	start2	end2	frag1	frag2	frag_rmsd
4	15	4	15	298	173	3.246915
6	17	6	17	162	7	2.741569
38	49	38	49	323	191	2.876374
44	55	44	55	111	4	0.994513
61	72	61	72	57	157	2.214777
69	80	69	80	272	363	3.044306
73	84	73	84	191	92	2.547382
77	88	77	88	240	141	2.386243
79	90	79	90	23	111	1.303435
86	97	86	97	161	69	1.879688
124	135	125	136	198	158	2.252765
126	137	127	138	204	38	2.799377
127	138	128	139	268	358	3.106093
128	139	129	140	274	160	2.892480
130	141	131	142	369	129	2.160628
131	142	132	143	396	141	2.196376
134	145	135	146	27	0	0.813956
143	154	144	155	0	16	0.775259
145	156	146	157	338	25	1.152231
163	174	163	174	194	369	1.775960
165	176	165	176	45	223	1.647681
167	178	167	178	16	0	0.775259
169	180	169	180	196	0	1.046929
172	183	172	183	121	0	0.992640
173	184	173	184	0	35	1.003458
174	185	174	185	0	127	0.813264
175	186	175	186	0	16	0.775259
187	198	224	235	153	337	3.153084
189	200	226	237	95	141	1.602886
202	213	239	250	25	338	1.152231
203	214	240	251	235	100	1.231875
209	220	246	257	389	323	2.182032
210	221	247	258	374	158	1.692551
211	222	248	259	40	92	1.759016
216	227	253	264	373	246	2.083918
221	232	258	269	48	112	2.656263
222	233	259	270	112	342	2.771983
225	236	262	273	91	178	1.731687
229	240	266	277	158	374	1.692551
249	260	286	297	188	105	1.430055
258	269	295	306	54	391	2.548109
260	271	297	308	392	42	2.128589
262	273	299	310	322	126	2.289807
268	279	305	316	371	45	1.366556
