start1	end1	start2	end2	frag1	frag2	frag_rmsd
24	35	6	17	186	78	3.052803
26	37	8	19	182	280	3.480640
35	46	17	28	35	0	1.003458
40	51	22	33	217	0	1.425276
52	63	34	45	357	360	2.658914
53	64	35	46	360	126	2.237959
56	67	38	49	56	386	2.727061
57	68	39	50	138	328	2.615349
58	69	40	51	32	213	2.967391
59	70	41	52	21	113	3.109935
61	72	43	54	206	354	2.456983
64	75	46	57	95	81	1.894859
67	78	49	60	0	121	0.992640
68	79	50	61	0	27	0.813956
77	88	59	70	355	232	2.143807
90	101	80	91	23	111	1.303435
93	104	83	94	121	216	1.107965
108	119	98	109	173	91	2.560482
109	120	99	110	211	356	3.775616
111	122	101	112	68	389	2.655854
112	123	102	113	274	114	3.336093
139	150	127	138	141	95	1.602886
212	223	195	206	164	156	1.408711
220	231	203	214	22	141	1.438165
223	234	206	217	184	170	1.844017
224	235	207	218	121	196	1.241736
225	236	208	219	27	273	1.481073
228	239	211	222	0	27	0.813956
231	242	214	225	127	0	0.813264
243	254	225	236	126	392	1.978049
245	256	227	238	126	84	1.909341
246	257	228	239	132	322	1.945705
283	294	250	261	123	223	1.416700
289	300	256	267	280	268	2.159615
290	301	257	268	30	230	1.728147
297	308	264	275	0	127	0.813264
308	319	298	309	253	178	2.074688
309	320	299	310	29	383	2.194744
310	321	300	311	28	386	1.926117
314	325	304	315	45	371	1.366556
315	326	305	316	23	111	1.303435
316	327	306	317	27	0	0.813956
