start1	end1	start2	end2	frag1	frag2	frag_rmsd
26	37	25	36	158	389	2.036257
35	46	34	45	374	258	2.198304
45	56	44	55	297	348	2.452514
49	60	48	59	78	229	2.235105
