start1	end1	start2	end2	frag1	frag2	frag_rmsd
12	23	12	23	349	302	2.395914
45	56	38	49	176	313	2.698070
65	76	58	69	149	188	1.382009
66	77	59	70	110	180	1.207298
97	108	89	100	209	155	2.902832
99	110	91	102	81	30	3.215761
141	152	129	140	355	232	2.143807
145	156	133	144	163	68	2.208242
159	170	147	158	365	393	2.281657
173	184	177	188	319	279	1.889850
174	185	178	189	354	109	1.258230
185	196	189	200	372	194	2.928116
186	197	190	201	326	51	2.475297
188	199	192	203	123	147	1.240679
201	212	205	216	277	287	1.480842
204	215	208	219	98	156	2.250425
205	216	209	220	387	3	3.380068
206	217	210	221	136	185	3.520966
208	219	212	223	90	114	3.965678
209	220	213	224	11	310	3.310269
221	232	224	235	25	338	1.152231
222	233	225	236	161	100	0.978809
223	234	226	237	104	294	2.248622
225	236	228	239	226	157	2.688287
227	238	230	241	392	360	2.657878
230	241	233	244	7	328	1.961591
253	264	256	267	359	299	2.874048
254	265	257	268	372	72	2.924901
