start1	end1	start2	end2	frag1	frag2	frag_rmsd
12	23	12	23	272	142	3.786763
16	27	16	27	162	122	3.626815
21	32	21	32	298	133	3.008662
23	34	23	34	395	360	3.113222
56	67	56	67	25	338	1.152231
60	71	60	71	385	63	3.990097
62	73	62	73	192	58	1.504351
83	94	83	94	0	16	0.775259
85	96	85	96	0	196	1.046929
