start1	end1	start2	end2	frag1	frag2	frag_rmsd
56	67	56	67	149	60	1.545532
77	88	77	88	360	258	2.306964
