start1	end1	start2	end2	frag1	frag2	frag_rmsd
57	68	65	76	323	162	3.126694
58	69	66	77	96	210	2.685790
60	71	68	79	59	327	2.076427
63	74	71	82	272	363	3.044306
76	87	83	94	114	28	1.637541
81	92	88	99	375	393	2.214683
84	95	91	102	318	132	1.806699
96	107	104	115	302	248	2.496436
99	110	107	118	167	28	2.361477
100	111	108	119	329	210	2.327830
103	114	111	122	375	300	2.169523
109	120	117	128	329	386	2.809270
110	121	118	129	96	122	1.013426
115	126	123	134	302	174	2.621173
133	144	137	148	167	151	2.485552
152	163	157	168	107	356	1.430031
154	165	159	170	297	386	2.304549
163	174	168	179	28	374	1.355458
194	205	199	210	107	356	1.430031
197	208	202	213	122	96	1.013426
202	213	207	218	174	157	2.869491
210	221	215	226	375	393	2.214683
228	239	234	245	167	162	2.657010
229	240	235	246	210	122	2.784487
232	243	238	249	367	375	2.523916
234	245	240	251	314	363	2.815277
272	283	273	284	28	323	2.529281
273	284	274	285	96	73	2.402429
283	294	284	295	122	96	1.013426
288	299	289	300	157	174	2.869491
296	307	297	308	375	393	2.214683
297	308	298	309	164	363	1.880850
300	311	301	312	395	248	1.997362
307	318	308	319	342	112	2.771983
313	324	314	325	389	126	2.201165
324	335	331	342	28	386	1.926117
