start1	end1	start2	end2	frag1	frag2	frag_rmsd
9	20	9	20	119	359	3.805532
15	26	15	26	240	259	2.858437
16	27	16	27	26	315	2.251103
23	34	23	34	95	141	1.602886
28	39	28	39	127	188	1.791159
40	51	39	50	144	118	1.639526
55	66	53	64	17	124	2.100408
58	69	56	67	107	151	2.864918
59	70	57	68	392	178	1.899502
64	75	62	73	322	158	2.437978
81	92	79	90	267	161	2.465174
