start1	end1	start2	end2	frag1	frag2	frag_rmsd
11	22	1	12	173	389	3.817293
12	23	2	13	351	374	2.405416
13	24	3	14	374	343	3.146685
15	26	5	16	190	95	2.869018
16	27	6	17	89	371	2.559953
42	53	18	29	273	0	1.419073
43	54	19	30	184	0	1.197355
44	55	20	31	121	0	0.992640
45	56	21	32	27	0	0.813956
47	58	23	34	16	0	0.775259
48	59	24	35	16	0	0.775259
49	60	25	36	87	188	1.255021
50	61	26	37	144	338	2.236887
51	62	27	38	69	100	1.602674
52	63	28	39	233	75	2.088875
54	65	30	41	164	156	1.408711
55	66	31	42	331	174	1.879546
58	69	34	45	57	356	1.996521
92	103	59	70	16	0	0.775259
93	104	60	71	184	0	1.197355
94	105	61	72	127	0	0.813264
95	106	62	73	16	0	0.775259
108	119	74	85	92	329	2.645551
109	120	75	86	312	213	1.883397
110	121	76	87	155	369	3.095478
112	123	78	89	160	136	1.910361
120	131	86	97	0	35	1.003458
121	132	87	98	0	245	2.249697
122	133	88	99	0	260	1.731263
123	134	89	100	0	170	1.959205
124	135	90	101	188	37	1.980378
125	136	91	102	25	144	1.398598
126	137	92	103	235	284	2.316448
127	138	93	104	33	287	2.385081
128	139	94	105	232	88	2.547907
129	140	95	106	34	14	3.544107
130	141	96	107	174	302	2.621173
131	142	97	108	57	143	2.304628
132	143	98	109	126	318	2.511599
133	144	99	110	61	348	2.472281
134	145	100	111	167	293	1.284317
135	146	101	112	329	73	2.227621
136	147	102	113	358	138	2.570733
137	148	103	114	82	32	2.553400
138	149	104	115	390	276	3.114003
139	150	105	116	347	22	2.639220
140	151	106	117	179	147	2.305745
141	152	107	118	257	169	3.351327
142	153	108	119	148	110	2.872438
144	155	110	121	99	354	2.230986
145	156	111	122	102	201	3.610003
150	161	116	127	74	348	2.456740
161	172	128	139	51	22	1.833239
162	173	129	140	45	238	2.079714
163	174	130	141	4	70	1.352136
175	186	143	154	184	0	1.197355
176	187	144	155	121	0	0.992640
177	188	145	156	27	0	0.813956
178	189	146	157	149	368	1.387412
179	190	147	158	24	271	1.694230
180	191	148	159	69	168	1.769267
182	193	150	161	337	196	3.534565
184	195	152	163	181	130	3.358201
185	196	153	164	390	304	2.928597
186	197	154	165	34	304	4.579064
187	198	155	166	324	232	2.942967
188	199	156	167	39	34	3.225527
223	234	192	203	223	227	2.989902
225	236	194	205	217	4	1.467713
226	237	195	206	127	0	0.813264
227	238	196	207	149	60	1.545532
228	239	197	208	110	260	1.495754
230	241	199	210	44	196	1.689019
235	246	204	215	16	0	0.775259
236	247	205	216	184	0	1.197355
237	248	206	217	184	0	1.197355
239	250	208	219	149	118	1.094155
240	251	209	220	17	251	1.487591
266	277	230	241	16	0	0.775259
