start1	end1	start2	end2	frag1	frag2	frag_rmsd
4	15	21	32	273	0	1.419073
5	16	22	33	16	0	0.775259
6	17	23	34	121	0	0.992640
17	28	34	45	366	101	1.790697
21	32	38	49	191	319	2.202864
22	33	39	50	283	354	2.234505
27	38	44	55	224	4	1.600329
52	63	69	80	48	382	3.405599
71	82	88	99	0	127	0.813264
73	84	90	101	121	170	1.774213
74	85	91	102	196	37	1.126710
83	94	100	111	95	51	1.563872
121	132	138	149	376	75	3.259379
143	154	160	171	353	37	1.728441
149	160	166	177	65	240	1.321092
167	178	184	195	380	315	2.356930
182	193	199	210	25	338	1.152231
195	206	212	223	127	16	1.158335
198	209	215	226	233	319	1.769620
207	218	224	235	38	210	2.440545
209	220	226	237	261	150	2.865888
211	222	228	239	237	195	2.078780
213	224	230	241	371	45	1.366556
214	225	231	242	111	4	0.994513
232	243	249	260	65	95	2.348324
240	251	257	268	127	0	0.813264
242	253	259	270	24	18	1.529172
243	254	260	271	168	69	1.769267
244	255	261	272	154	339	2.724389
245	256	262	273	398	189	2.824691
246	257	263	274	185	383	2.808102
247	258	264	275	351	334	3.883194
248	259	265	276	130	209	2.886257
251	262	268	279	129	85	2.856021
254	265	271	282	70	237	2.290181
266	277	283	294	0	35	1.003458
