start1	end1	start2	end2	frag1	frag2	frag_rmsd
4	15	1	12	356	84	1.970757
5	16	2	13	126	322	2.289807
7	18	4	15	329	73	2.227621
50	61	45	56	369	194	1.775960
52	63	47	58	394	45	1.792183
82	93	118	129	35	0	1.003458
83	94	119	130	35	0	1.003458
84	95	120	131	35	0	1.003458
85	96	121	132	94	0	2.174593
86	97	122	133	166	0	2.713889
87	98	123	134	161	0	3.716602
88	99	124	135	277	0	3.952422
89	100	125	136	288	188	4.008053
90	101	126	137	335	338	3.764991
91	102	127	138	341	277	4.053629
109	120	146	157	95	141	1.602886
127	138	163	174	178	331	2.377337
128	139	164	175	57	248	2.232921
129	140	165	176	389	185	3.444678
130	141	166	177	28	351	2.541163
131	142	167	178	343	86	2.099547
132	143	168	179	225	194	1.011234
147	158	190	201	178	322	2.937380
148	159	191	202	395	126	1.849402
180	191	226	237	4	23	1.335798
205	216	261	272	184	0	1.197355
206	217	262	273	121	0	0.992640
207	218	263	274	35	0	1.003458
208	219	264	275	245	16	2.290677
235	246	275	286	313	270	3.129583
253	264	299	310	121	196	1.241736
273	284	310	321	0	121	0.992640
276	287	313	324	127	0	0.813264
289	300	324	335	12	325	3.337023
290	301	325	336	124	151	3.654645
291	302	326	337	124	302	2.845869
292	303	327	338	91	392	2.022503
293	304	328	339	348	318	2.448920
294	305	329	340	320	162	2.866105
300	311	335	346	317	79	2.788446
301	312	336	347	380	346	3.250732
302	313	337	348	43	376	3.034280
304	315	339	350	147	223	1.957202
305	316	340	351	4	111	0.994513
306	317	341	352	121	0	0.992640
307	318	342	353	27	0	0.813956
326	337	354	365	374	40	2.415167
327	338	355	366	40	68	2.517635
328	339	356	367	190	152	2.933287
330	341	358	369	11	346	2.640512
331	342	359	370	341	95	3.409595
332	343	360	371	44	45	2.377127
333	344	361	372	111	70	1.984381
334	345	362	373	240	184	1.274780
340	351	368	379	127	0	0.813264
341	352	369	380	149	0	2.014982
342	353	370	381	25	0	3.096916
343	354	371	382	77	188	3.106234
344	355	372	383	294	25	4.137258
