start1	end1	start2	end2	frag1	frag2	frag_rmsd
2	13	2	13	390	181	2.547914
7	18	7	18	258	42	2.172989
21	32	20	31	379	383	2.491252
35	46	34	45	258	61	1.652270
51	62	49	60	23	0	1.327063
55	66	53	64	44	196	1.689019
74	85	72	83	231	31	1.286233
75	86	73	84	141	95	1.602886
93	104	91	102	92	140	2.371234
99	110	97	108	158	167	1.812316
100	111	98	109	210	329	2.327830
104	115	102	113	396	135	2.434347
105	116	103	114	147	223	1.957202
106	117	104	115	105	169	1.732125
108	119	106	117	161	100	0.978809
126	137	124	135	73	28	2.597259
134	145	132	143	248	395	1.997362
135	146	133	144	178	392	1.899502
136	147	134	145	42	322	2.200412
138	149	136	147	73	28	2.597259
139	150	137	148	358	329	2.935040
140	151	138	149	292	213	2.564850
141	152	139	150	229	390	2.341461
142	153	140	151	21	301	3.085777
144	155	142	153	299	373	2.344651
145	156	143	154	153	72	2.825920
146	157	144	155	43	225	2.352954
147	158	145	156	95	51	1.563872
148	159	146	157	45	216	1.903162
159	170	157	168	368	166	1.571683
160	171	158	169	284	338	2.592032
161	172	159	170	287	277	1.480842
162	173	160	171	311	288	1.718799
163	174	161	172	256	355	3.141144
