start1	end1	start2	end2	frag1	frag2	frag_rmsd
8	19	8	19	9	181	2.710060
13	24	13	24	216	121	1.107965
32	43	32	43	62	233	2.371543
35	46	35	46	112	306	3.284950
81	92	81	92	0	27	0.813956
90	101	90	101	174	302	2.621173
95	106	95	106	64	378	2.573657
99	110	99	110	225	125	2.024259
111	122	111	122	39	349	1.813420
118	129	118	129	241	45	2.171847
119	130	119	130	23	224	2.008855
125	136	125	136	0	35	1.003458
140	151	140	151	158	374	1.692551
164	175	164	175	253	54	1.914846
172	183	172	183	130	358	2.067353
174	185	174	185	268	361	3.292530
179	190	179	190	135	371	2.136690
194	205	194	205	10	167	2.163335
198	209	198	209	194	276	2.357682
215	226	215	226	54	253	1.914846
221	232	221	232	225	192	2.126876
222	233	222	233	141	148	3.091677
226	237	226	237	95	397	2.597544
228	239	228	239	147	123	1.240679
230	241	230	241	251	260	1.802845
233	244	233	244	256	340	2.785789
245	256	245	256	386	143	3.138179
253	264	253	264	123	394	1.831961
264	275	264	275	134	232	2.244172
266	277	266	277	30	3	3.326002
297	308	295	306	111	4	0.994513
300	311	298	309	35	127	1.273794
302	313	300	311	271	251	1.346902
303	314	301	312	377	168	1.816464
319	330	317	328	375	159	3.024654
320	331	318	329	363	250	2.347188
323	334	321	332	208	392	2.373540
325	336	323	334	132	57	1.551260
326	337	324	335	356	84	1.970757
