start1	end1	start2	end2	frag1	frag2	frag_rmsd
1	12	1	12	0	141	3.490832
2	13	2	13	0	45	2.973760
3	14	3	14	0	4	1.783926
7	18	7	18	294	75	2.540937
14	25	14	25	0	16	0.775259
26	37	33	44	122	266	2.336820
30	41	37	48	347	341	4.072650
43	54	50	61	141	65	2.029741
50	61	57	68	161	235	1.099262
53	64	60	71	164	254	2.835900
54	65	61	72	30	63	3.145703
76	87	84	95	65	141	2.029741
112	123	120	131	0	16	0.775259
