start1	end1	start2	end2	frag1	frag2	frag_rmsd
5	16	4	15	198	211	2.273368
22	33	21	32	287	41	1.672245
25	36	24	35	365	361	2.392314
26	37	25	36	347	250	2.752480
57	68	56	67	30	81	3.215761
65	76	64	75	233	319	1.769620
69	80	68	79	141	95	1.602886
77	88	76	87	110	24	1.015908
81	92	80	91	345	31	1.281039
85	96	84	95	184	16	1.241286
91	102	90	101	35	60	2.255927
92	103	91	102	245	149	1.698435
93	104	92	103	118	77	2.447048
94	105	93	104	41	235	1.883375
95	106	94	105	287	33	2.385081
97	108	96	107	256	324	2.891757
99	110	98	109	145	202	3.271469
101	112	100	111	135	15	2.451359
103	114	102	113	27	111	1.266595
104	115	103	114	27	0	0.813956
108	119	107	118	249	110	1.575234
133	144	132	143	4	111	0.994513
141	152	140	151	95	141	1.602886
149	160	148	159	18	25	1.880110
154	165	153	164	316	91	2.638295
156	167	155	166	198	167	2.269619
157	168	156	167	58	40	2.106453
172	183	171	182	0	35	1.003458
173	184	172	183	0	35	1.003458
174	185	173	184	0	245	2.249697
175	186	174	185	188	245	1.934687
176	187	175	186	271	76	2.479283
177	188	176	187	277	77	3.422133
178	189	177	188	283	287	3.429622
179	190	178	189	103	288	2.884283
180	191	179	190	340	256	2.785789
181	192	180	191	66	250	3.273475
182	193	181	192	26	236	3.483931
183	194	182	193	44	145	3.234710
184	195	183	194	273	190	3.014676
185	196	184	195	240	15	2.166318
188	199	187	198	35	0	1.003458
190	201	189	200	245	127	2.014304
191	202	190	201	149	118	1.094155
210	221	209	220	283	288	2.531015
215	226	214	225	265	95	2.317507
216	227	215	226	11	45	2.503953
217	228	216	227	124	4	3.619879
218	229	217	228	387	127	3.126451
219	230	218	229	172	118	3.402164
220	231	219	230	131	251	3.183664
221	232	220	231	78	233	3.915032
222	233	221	232	85	354	3.096477
223	234	222	233	103	160	2.737667
224	235	223	234	160	31	3.133738
225	236	224	235	345	141	3.185094
226	237	225	236	141	394	3.141253
227	238	226	237	45	4	2.804639
228	239	227	238	111	0	1.805292
239	250	238	249	238	44	2.179609
249	260	248	259	127	0	0.813264
250	261	249	260	60	127	1.135321
252	263	251	262	77	25	2.227594
254	265	253	264	50	33	2.453742
256	267	255	266	171	365	3.063716
257	268	256	267	347	120	2.661795
259	270	258	269	125	326	2.778073
260	271	259	270	15	51	2.489994
261	272	260	271	371	216	1.502072
265	276	264	275	35	0	1.003458
275	286	274	285	16	397	2.383839
280	291	279	290	35	0	1.003458
303	314	302	313	4	0	1.783926
306	317	305	316	188	368	1.404624
307	318	306	317	24	18	1.529172
