start1	end1	start2	end2	frag1	frag2	frag_rmsd
3	14	4	15	73	96	2.402429
8	19	9	20	363	298	2.950286
14	25	15	26	309	248	2.728816
16	27	17	28	302	310	2.918408
17	28	18	29	178	143	1.650270
31	42	32	43	132	322	1.945705
33	44	34	45	28	374	1.355458
37	48	38	49	388	22	2.479205
43	54	44	55	57	356	1.996521
51	62	52	63	395	297	2.756432
52	63	53	64	357	10	2.250248
53	64	54	65	392	68	3.422023
54	65	55	66	322	152	5.736644
55	66	56	67	215	112	4.914929
56	67	57	68	28	112	4.613576
57	68	58	69	329	112	4.179171
58	69	59	70	358	268	3.106093
59	70	60	71	390	103	3.683477
60	71	61	72	375	292	5.275294
61	72	62	73	298	177	4.378159
62	73	63	74	157	181	5.725838
63	74	64	75	132	252	5.789524
64	75	65	76	126	221	5.596372
65	76	66	77	322	91	3.402980
66	77	67	78	61	383	3.850334
67	78	68	79	42	158	2.224014
75	86	76	87	313	28	2.755945
79	90	80	91	390	238	3.772960
96	107	98	109	277	319	2.714954
104	115	106	117	360	84	1.521872
107	118	109	120	61	389	1.926015
110	121	112	123	312	192	2.159358
113	124	115	126	57	3	2.271934
115	126	117	128	357	107	3.338397
116	127	118	129	322	132	1.945705
117	128	119	130	84	126	1.909341
118	129	120	131	84	318	2.776911
119	130	121	132	313	389	2.390236
121	132	123	134	102	328	2.916418
122	133	124	135	130	117	2.630877
123	134	125	136	304	327	3.089213
124	135	126	137	300	82	3.589134
125	136	127	138	164	256	2.413952
126	137	128	139	363	17	3.231913
127	138	129	140	91	71	2.823989
128	139	130	141	57	208	2.152129
129	140	131	142	74	151	3.041756
130	141	132	143	360	357	2.658914
131	142	133	144	126	42	2.008935
161	172	160	171	322	360	1.453720
