start1	end1	start2	end2	frag1	frag2	frag_rmsd
12	23	12	23	31	231	1.286233
22	33	22	33	127	0	0.813264
23	34	23	34	16	127	1.158335
24	35	24	35	0	16	0.775259
35	46	35	46	132	356	2.067486
52	63	52	63	216	371	1.502072
58	69	58	69	368	118	1.491748
59	70	59	70	284	251	1.783480
63	74	63	74	222	98	2.557250
64	75	64	75	301	174	2.796572
65	76	65	76	91	54	2.270861
69	80	69	80	357	360	2.658914
70	81	70	81	248	176	3.110178
75	86	75	86	191	85	2.474521
77	88	77	88	206	160	2.043909
81	92	81	92	4	111	0.994513
102	113	102	113	395	126	1.849402
103	114	103	114	297	313	1.957711
105	116	105	116	344	2	2.813415
107	118	107	118	141	227	1.668724
108	119	108	119	371	223	1.695846
113	124	113	124	335	134	1.552550
117	128	117	128	95	22	1.944771
138	149	138	149	363	133	1.994719
140	151	140	151	218	187	3.230772
149	160	149	160	248	334	2.628843
151	162	151	162	80	218	2.535559
153	164	153	164	106	198	2.191348
159	170	159	170	172	384	3.167483
162	173	162	173	3	272	2.548933
163	174	163	174	3	272	2.548933
164	175	164	175	3	107	3.353003
166	177	166	177	395	84	2.768522
170	181	170	181	138	275	2.617606
186	197	186	197	395	389	2.168049
189	200	189	200	312	192	2.159358
208	219	208	219	25	338	1.152231
211	222	211	222	134	355	2.342467
213	224	213	224	30	165	2.939645
215	226	215	226	21	140	2.729796
216	227	216	227	71	205	2.812474
217	228	217	228	226	208	2.686596
219	230	219	230	57	107	2.508886
220	231	220	231	395	126	1.849402
222	233	222	233	42	126	2.008935
225	236	225	236	57	322	2.446228
226	237	226	237	351	389	3.400578
239	250	239	250	0	127	0.813264
240	251	240	251	0	16	0.775259
241	252	241	252	0	121	0.992640
242	253	242	253	0	196	1.046929
243	254	243	254	16	273	1.325929
244	255	244	255	0	184	1.197355
245	256	245	256	0	121	0.992640
246	257	246	257	0	27	0.813956
247	258	247	258	0	245	2.249697
248	259	248	259	0	284	2.770592
249	260	249	260	0	233	2.749851
250	261	250	261	0	311	4.411481
251	262	251	262	127	256	4.304632
263	274	264	275	350	25	2.261893
267	278	268	279	62	75	2.232697
290	301	291	302	318	57	2.213565
293	304	294	305	211	258	2.430006
296	307	297	308	85	75	2.811668
302	313	303	314	4	111	0.994513
