start1	end1	start2	end2	frag1	frag2	frag_rmsd
21	32	20	31	329	73	2.227621
38	49	37	48	258	374	2.198304
51	62	50	61	348	61	2.472281
54	65	53	64	167	293	1.284317
62	73	61	72	395	379	2.439526
63	74	62	73	322	357	2.219787
