start1	end1	start2	end2	frag1	frag2	frag_rmsd
4	15	1	12	260	45	3.783035
5	16	2	13	170	4	3.024715
6	17	3	14	37	127	1.685836
7	18	4	15	273	16	1.325929
8	19	5	16	240	184	1.274780
9	20	6	17	216	196	1.905582
11	22	8	19	271	338	1.431102
12	23	9	20	294	277	2.827017
13	24	10	21	228	283	2.662883
15	26	12	23	50	332	3.323123
20	31	17	28	122	337	3.131304
28	39	25	36	140	148	2.641357
31	42	28	39	160	99	2.486686
61	72	49	60	281	45	1.651716
62	73	50	61	70	111	1.984381
63	74	51	62	220	16	1.564087
64	75	52	63	121	27	1.355932
65	76	53	64	244	149	2.437030
68	79	56	67	109	354	1.258230
70	81	58	69	31	231	1.286233
78	89	66	77	0	16	0.775259
83	94	71	82	124	208	2.503023
95	106	85	96	70	4	1.352136
96	107	86	97	16	184	1.241286
117	128	99	110	381	233	2.152083
119	130	101	112	264	172	2.692434
120	131	102	113	50	332	3.323123
131	142	114	125	272	218	2.652558
132	143	115	126	318	203	2.348379
137	148	120	131	99	160	2.486686
180	191	164	175	127	16	1.158335
