start1	end1	start2	end2	frag1	frag2	frag_rmsd
14	25	23	34	357	107	3.338397
31	42	46	57	313	106	2.617548
32	43	47	58	329	203	3.784168
33	44	48	59	344	313	3.763112
34	45	49	60	289	40	4.562107
35	46	50	61	289	247	4.299203
36	47	51	62	199	130	4.440057
37	48	52	63	76	358	4.545331
38	49	53	64	303	195	4.131093
39	50	54	65	288	385	3.666673
40	51	55	66	103	136	3.648186
41	52	56	67	256	179	2.788958
42	53	57	68	222	272	3.312674
43	54	58	69	315	71	2.524974
44	55	59	70	208	360	3.268047
45	56	60	71	398	74	3.044837
53	64	68	79	91	272	2.404085
68	79	84	95	132	107	2.350722
69	80	85	96	132	360	2.169218
70	81	86	97	84	126	1.909341
71	82	87	98	126	322	2.289807
72	83	88	99	322	61	1.532523
87	98	103	114	360	322	1.453720
