start1	end1	start2	end2	frag1	frag2	frag_rmsd
8	19	11	22	260	16	1.076875
10	21	13	24	52	87	2.218933
11	22	14	25	201	338	2.628320
34	45	37	48	0	16	0.775259
46	57	49	60	148	15	2.792508
78	89	81	92	388	45	1.950228
79	90	82	93	282	267	2.231416
80	91	83	94	380	161	1.887076
81	92	84	95	88	104	2.667442
82	93	85	96	93	232	2.165914
83	94	86	97	254	171	2.333644
85	96	88	99	202	86	2.791906
86	97	89	100	125	225	2.024259
88	99	91	102	216	45	1.903162
