start1	end1	start2	end2	frag1	frag2	frag_rmsd
37	48	37	48	318	389	2.785520
41	52	41	52	81	90	2.429111
69	80	62	73	43	5	3.229069
70	81	63	74	396	217	2.832286
71	82	64	75	123	217	1.813518
72	83	65	76	70	0	2.428994
73	84	66	77	184	27	1.585485
74	85	67	78	121	0	0.992640
75	86	68	79	27	0	0.813956
80	91	73	84	100	277	1.693324
82	93	75	86	232	6	1.900358
85	96	78	89	57	143	2.304628
87	98	80	91	357	198	2.385976
88	99	81	92	395	391	2.221324
89	100	82	93	357	54	2.709043
90	101	83	94	395	178	2.345715
91	102	84	95	132	395	2.384097
92	103	85	96	395	348	2.679048
93	104	86	97	313	162	2.591497
94	105	87	98	329	7	2.127910
95	106	88	99	13	83	1.958030
96	107	89	100	330	327	2.088556
97	108	90	101	367	59	2.032515
98	109	91	102	365	300	2.734075
99	110	92	103	285	222	2.219445
100	111	93	104	157	272	2.542345
101	112	94	105	395	298	3.168971
102	113	95	106	357	151	2.588941
103	114	96	107	395	42	2.168523
105	116	98	109	395	126	1.849402
106	117	99	110	132	357	1.964894
107	118	100	111	389	323	2.182032
108	119	101	112	28	73	2.597259
118	129	111	122	126	356	2.644557
119	130	112	123	126	84	1.909341
121	132	114	125	258	126	2.311822
122	133	115	126	187	106	2.948844
123	134	116	127	183	132	3.164214
139	150	129	140	53	176	2.615884
140	151	130	141	90	72	2.571062
142	153	132	143	339	168	1.861038
145	156	135	146	349	173	3.407762
146	157	136	147	106	198	2.191348
147	158	137	148	68	391	2.191284
148	159	138	149	114	248	2.645404
150	161	140	151	310	178	2.939904
151	162	141	152	208	57	2.152129
153	164	143	154	348	313	2.381382
155	166	145	156	13	96	1.738752
160	171	150	161	57	3	2.271934
161	172	151	162	84	379	2.971486
162	173	152	163	389	158	2.036257
172	183	162	173	396	65	2.073749
173	184	163	174	223	371	1.695846
175	186	165	176	27	0	0.813956
179	190	169	180	100	161	0.978809
183	194	173	184	174	97	2.041055
185	196	175	186	143	178	1.650270
186	197	176	187	395	318	2.216742
187	198	177	188	132	360	2.169218
207	218	188	199	121	49	1.746885
208	219	189	200	27	37	1.805376
209	220	190	201	0	217	1.425276
211	222	192	203	0	121	0.992640
212	223	193	204	0	27	0.813956
225	236	206	217	126	395	1.849402
226	237	207	218	132	357	1.964894
227	238	208	219	126	322	2.289807
229	240	210	221	61	158	2.386508
242	253	224	235	126	392	1.978049
268	279	249	260	2	343	1.502106
273	284	254	265	27	0	0.813956
274	285	255	266	127	0	0.813264
276	287	257	268	94	368	2.306554
277	288	258	269	245	18	1.976533
278	289	259	270	76	69	1.964718
