start1	end1	start2	end2	frag1	frag2	frag_rmsd
15	26	16	27	157	143	2.115800
17	28	18	29	357	204	2.675552
19	30	20	31	215	210	2.059582
20	31	21	32	329	150	3.306496
21	32	22	33	117	82	2.768293
22	33	23	34	390	195	3.189056
24	35	25	36	254	108	3.055292
26	37	27	38	153	206	2.010158
34	45	35	46	25	18	1.880110
36	47	37	48	33	75	2.578365
37	48	38	49	355	366	2.496573
42	53	43	54	395	143	2.173947
43	54	44	55	203	297	2.332825
44	55	45	56	246	293	2.307992
58	69	62	73	33	377	2.394710
62	73	66	77	331	97	2.080183
63	74	67	78	370	205	2.172786
64	75	68	79	204	297	2.890784
65	76	69	80	247	187	3.216896
90	101	88	99	221	363	3.569901
92	103	90	101	383	57	2.505220
116	127	114	125	203	211	1.857122
117	128	115	126	106	68	3.194722
118	129	116	127	114	191	2.832642
162	173	137	148	360	322	1.453720
164	175	139	150	126	84	1.909341
165	176	140	151	258	61	1.652270
166	177	141	152	167	158	1.812316
170	181	145	156	143	178	1.650270
172	183	147	158	348	203	1.790407
176	187	151	162	182	85	2.994343
177	188	152	163	274	382	2.444288
179	190	154	165	20	327	2.071002
182	193	157	168	363	314	2.815277
183	194	158	169	173	91	2.560482
200	211	176	187	34	6	2.330814
201	212	177	188	164	222	2.252756
202	213	178	189	178	174	2.867621
204	215	180	191	348	203	1.790407
224	235	198	209	351	190	2.514264
230	241	204	215	97	151	2.941270
232	243	206	217	178	158	3.072506
233	244	207	218	323	248	2.860850
