start1	end1	start2	end2	frag1	frag2	frag_rmsd
2	13	10	21	178	183	1.884271
6	17	14	25	322	360	1.453720
9	20	17	28	198	106	2.191348
38	49	42	53	16	0	0.775259
39	50	43	54	16	0	0.775259
56	67	57	68	96	73	2.402429
59	70	60	71	367	375	2.523916
62	73	63	74	157	398	2.818765
63	74	64	75	126	374	2.937961
64	75	65	76	106	198	2.191348
99	110	99	110	363	164	1.880850
102	113	102	113	126	84	1.909341
104	115	104	115	126	360	2.237959
105	116	105	116	322	360	1.453720
106	117	106	117	322	61	1.532523
110	121	110	121	10	183	2.579576
115	126	115	126	84	126	1.909341
119	130	119	130	330	117	2.708168
120	131	120	131	327	367	2.658463
121	132	121	132	375	324	2.394722
122	133	122	133	285	164	2.359531
123	134	123	134	363	331	2.590972
126	137	126	137	239	351	2.672051
131	142	131	142	147	123	1.240679
146	157	146	157	363	298	2.950286
148	159	148	159	28	351	2.541163
149	160	149	160	328	343	1.513701
150	161	150	161	194	225	1.011234
153	164	153	164	4	105	1.644032
