start1	end1	start2	end2	frag1	frag2	frag_rmsd
44	55	44	55	2	343	1.502106
60	71	62	73	324	171	2.654812
63	74	65	76	225	194	1.011234
128	139	129	140	360	203	3.365802
131	142	132	143	167	389	1.584191
137	148	138	149	199	179	3.410284
140	151	141	152	75	243	1.677825
174	185	176	187	42	395	2.168523
186	197	188	199	63	199	3.240132
202	213	204	215	222	12	3.043358
