start1	end1	start2	end2	frag1	frag2	frag_rmsd
2	13	1	12	42	198	2.139345
4	15	3	14	323	293	1.968250
6	17	5	16	19	186	2.479395
7	18	6	17	358	281	3.193730
8	19	7	18	275	364	2.895333
12	23	11	22	147	45	1.713468
20	31	19	30	368	144	1.335465
21	32	20	31	284	235	2.316448
25	36	24	35	174	363	2.440306
26	37	25	36	178	3	2.441931
47	58	41	52	346	43	2.303453
52	63	46	57	16	0	0.775259
78	89	73	84	377	100	1.241297
81	92	76	87	156	164	1.408711
105	116	110	121	84	126	1.909341
116	127	124	135	123	45	1.488609
