start1	end1	start2	end2	frag1	frag2	frag_rmsd
3	14	6	17	360	248	3.051493
4	15	7	18	258	395	2.579077
9	20	12	23	189	289	3.333940
12	23	15	26	288	311	1.718799
14	25	17	28	171	164	2.705057
20	31	23	34	371	216	1.502072
32	43	35	46	144	353	2.344898
38	49	41	52	39	349	1.813420
39	50	42	53	257	163	2.504068
40	51	43	54	191	68	2.038373
41	52	44	55	309	286	2.539600
42	53	45	56	263	193	2.642805
43	54	46	57	190	231	2.669756
44	55	47	58	386	95	3.734947
45	56	48	59	125	36	3.477048
47	58	50	61	175	144	3.204977
48	59	51	62	235	338	2.509048
49	60	52	63	288	100	3.512218
50	61	53	64	335	134	1.552550
51	62	54	65	385	280	2.491078
53	64	56	67	346	231	1.531187
54	65	57	68	141	95	1.602886
58	69	61	72	0	16	0.775259
81	92	84	95	146	7	3.530883
82	93	85	96	146	378	2.332415
84	95	87	98	255	301	3.070922
87	98	90	101	310	158	2.602228
90	101	93	104	53	185	3.276850
91	102	94	105	81	210	3.191441
93	104	96	107	195	369	2.269153
112	123	115	126	350	149	1.733101
137	148	141	152	182	29	1.423903
141	152	145	156	229	361	2.596208
143	154	147	158	189	262	1.671553
144	155	148	159	165	373	2.991737
145	156	149	160	7	329	2.127910
147	158	151	162	336	304	2.812236
148	159	152	163	330	128	2.625531
149	160	153	164	128	306	3.339605
152	163	156	167	222	46	3.030653
154	165	158	169	151	325	2.813827
155	166	159	170	203	370	2.703068
156	167	160	171	205	178	2.776440
157	168	161	172	106	57	2.750322
158	169	162	173	351	348	3.054554
159	170	163	174	386	374	2.195278
161	172	165	176	140	58	2.200384
170	181	174	185	363	365	2.484110
171	182	175	186	352	171	3.655268
173	184	177	188	292	86	2.725013
