start1	end1	start2	end2	frag1	frag2	frag_rmsd
1	12	9	20	213	38	2.833934
3	14	11	22	108	281	2.580083
7	18	15	26	390	78	2.515234
9	20	17	28	29	182	1.423903
10	21	18	29	349	39	1.813420
11	22	19	30	391	80	2.405700
12	23	20	31	248	209	3.234645
