start1	end1	start2	end2	frag1	frag2	frag_rmsd
36	47	34	45	246	29	3.143830
59	70	57	68	194	32	2.595090
75	86	73	84	194	177	2.906267
86	97	84	95	370	151	2.279660
89	100	87	98	54	205	2.287349
90	101	88	99	143	183	1.720893
91	102	89	100	187	246	2.528512
98	109	96	107	54	370	2.155444
100	111	98	109	246	204	2.169894
116	127	113	124	66	227	2.066214
150	161	146	157	275	161	3.242933
151	162	147	158	221	305	3.693756
158	169	154	165	45	147	1.713468
160	171	156	167	0	121	0.992640
161	172	157	168	196	27	1.059651
162	173	158	169	273	0	1.419073
163	174	159	170	16	0	0.775259
164	175	160	171	121	0	0.992640
165	176	161	172	27	0	0.813956
168	179	164	175	277	235	1.734496
