start1	end1	start2	end2	frag1	frag2	frag_rmsd
2	13	3	14	143	178	1.650270
3	14	4	15	297	323	1.891877
4	15	5	16	122	320	3.283390
10	21	11	22	173	107	2.657406
11	22	12	23	61	258	1.652270
27	38	28	39	80	132	2.768789
28	39	29	40	395	126	1.849402
46	57	57	68	246	204	2.169894
47	58	58	69	247	152	2.935201
48	59	59	70	292	138	2.059222
49	60	60	71	369	195	2.269153
64	75	84	95	0	227	3.627807
65	76	85	96	0	223	3.006532
66	77	86	97	0	111	1.805292
68	79	88	99	35	0	1.003458
70	81	90	101	260	251	1.802845
73	84	93	104	69	263	2.808463
78	89	98	109	28	386	1.926117
79	90	99	110	343	2	1.502106
88	99	108	119	360	322	1.453720
101	112	122	133	390	181	2.547914
102	113	123	134	234	378	2.028958
104	115	125	136	113	67	2.807044
105	116	126	137	39	370	2.428466
108	119	129	140	178	331	2.377337
113	124	134	145	386	374	2.195278
120	131	141	152	208	91	2.279860
126	137	147	158	211	297	2.408413
127	138	148	159	344	7	2.450473
128	139	149	160	214	102	3.297108
130	141	151	162	288	232	2.068787
133	144	154	165	3	157	2.732309
134	145	155	166	57	84	2.559962
136	147	157	168	28	374	1.355458
139	150	160	171	51	135	2.217322
153	164	174	185	56	309	2.165861
157	168	178	189	118	179	2.651788
158	169	179	190	12	17	1.213096
159	170	180	191	168	124	1.824641
178	189	199	210	35	0	1.003458
181	192	202	213	377	249	1.673366
184	195	205	216	156	39	2.210204
188	199	209	220	212	364	1.843570
190	201	211	222	225	194	1.011234
203	214	224	235	35	0	1.003458
207	218	228	239	277	294	2.827017
215	226	236	247	338	25	1.152231
216	227	237	248	277	41	1.800987
219	230	240	251	333	98	2.213223
220	231	241	252	200	174	3.184297
235	246	262	273	390	78	2.515234
237	248	264	275	298	133	3.008662
242	253	269	280	95	51	1.563872
249	260	276	287	93	88	2.435273
252	263	279	290	19	165	2.806524
253	264	280	291	19	39	2.401518
254	265	281	292	14	163	2.369251
256	267	283	294	274	56	2.377615
257	268	284	295	32	292	2.035472
258	269	285	296	129	276	2.280948
259	270	286	297	396	141	2.196376
266	277	293	304	232	288	2.068787
271	282	298	309	389	61	1.926015
273	284	300	311	10	40	1.570300
278	289	305	316	95	227	2.206519
284	295	311	322	238	44	2.179609
295	306	322	333	16	0	0.775259
302	313	329	340	0	35	1.003458
306	317	333	344	294	119	1.937601
309	320	336	347	397	135	2.702491
322	333	349	360	230	30	1.728147
332	343	359	370	4	111	0.994513
336	347	363	374	127	0	0.813264
