start1	end1	start2	end2	frag1	frag2	frag_rmsd
12	23	12	23	191	239	2.989444
13	24	13	24	247	152	2.935201
14	25	14	25	201	138	2.984285
16	27	16	27	177	390	2.707335
20	31	20	31	370	302	2.412534
24	35	24	35	61	258	1.652270
30	41	30	41	365	375	1.934439
32	43	32	43	226	91	2.048829
33	44	33	44	248	395	1.997362
35	46	35	46	356	248	2.969552
37	48	37	48	61	80	3.204328
59	70	57	68	33	294	2.272830
63	74	61	72	205	54	2.287349
66	77	64	75	203	92	3.317120
67	78	65	76	293	163	2.672303
68	79	66	77	274	85	3.474285
69	80	67	78	138	274	2.648986
70	81	68	79	292	160	2.571253
71	82	69	80	195	345	2.125554
72	83	70	81	347	141	2.650705
73	84	71	82	147	45	1.713468
74	85	72	83	23	4	1.335798
86	97	83	94	389	391	2.569253
87	98	84	95	28	92	2.580877
88	99	85	96	10	204	2.009667
89	100	86	97	68	262	2.818484
90	101	87	98	274	152	2.290286
92	103	89	100	31	276	2.626975
93	104	90	101	141	227	1.668724
94	105	91	102	45	223	1.647681
96	107	93	104	16	0	0.775259
97	108	94	105	121	0	0.992640
