start1	end1	start2	end2	frag1	frag2	frag_rmsd
8	19	7	18	102	38	3.239735
11	22	10	21	128	361	3.253987
13	24	12	23	363	302	2.467216
32	43	31	42	258	61	1.652270
46	57	45	56	356	57	1.996521
70	81	69	80	6	361	2.567318
87	98	86	97	316	323	2.822707
89	100	88	99	329	38	2.609070
101	112	100	111	395	126	1.849402
102	113	101	112	318	132	1.806699
104	115	103	114	106	126	2.751764
105	116	104	115	258	322	2.166966
