start1	end1	start2	end2	frag1	frag2	frag_rmsd
32	43	38	49	167	158	1.812316
33	44	39	50	73	204	3.073344
34	45	40	51	138	96	3.064943
50	61	56	67	355	232	2.143807
51	62	57	68	363	164	1.880850
52	63	58	69	91	174	3.156327
53	64	59	70	356	57	1.996521
54	65	60	71	61	322	1.532523
55	66	61	72	167	158	1.812316
56	67	62	73	293	215	2.617928
75	86	82	93	205	174	3.016906
76	87	83	94	255	57	2.817073
77	88	84	95	91	57	2.021486
78	89	85	96	348	84	2.972198
100	111	104	115	389	297	2.558400
101	112	105	116	28	373	2.536956
107	118	111	122	31	231	1.286233
111	122	115	126	0	127	0.813264
112	123	116	127	0	16	0.775259
137	148	143	154	377	100	1.241297
138	149	144	155	307	33	3.155549
140	151	146	157	173	218	2.674313
170	181	163	174	203	183	2.622891
173	184	166	177	329	162	3.091704
174	185	167	178	266	122	2.336820
175	186	168	179	330	20	1.984773
176	187	169	180	367	59	2.032515
177	188	170	181	365	375	1.934439
178	189	171	182	285	365	3.009898
179	190	172	183	331	285	3.052184
180	191	173	184	91	57	2.021486
181	192	174	185	178	395	2.345715
182	193	175	186	389	158	2.036257
194	205	241	252	251	36	3.647556
195	206	242	253	287	36	3.384942
196	207	243	254	88	44	2.193327
198	209	245	256	390	177	2.707335
200	211	247	258	108	234	2.790127
202	213	249	260	263	39	1.670447
206	217	253	264	107	395	2.432305
207	218	254	265	258	132	2.635888
