start1	end1	start2	end2	frag1	frag2	frag_rmsd
12	23	15	26	38	358	2.528073
14	25	17	28	276	195	1.460134
20	31	23	34	4	111	0.994513
41	52	44	55	91	178	1.731687
53	64	56	67	378	130	3.077863
70	81	73	84	21	390	2.965423
81	92	84	95	379	198	2.896183
82	93	85	96	176	391	3.220396
83	94	86	97	89	386	1.690808
