start1	end1	start2	end2	frag1	frag2	frag_rmsd
1	12	4	15	91	226	2.048829
2	13	5	16	107	151	2.864918
3	14	6	17	398	348	2.979613
4	15	7	18	374	2	3.323211
5	16	8	19	10	207	3.116443
6	17	9	20	148	289	3.305116
7	18	10	21	55	289	2.927739
8	19	11	22	351	282	3.717956
9	20	12	23	233	168	2.546631
11	22	14	25	280	290	1.950923
12	23	15	26	82	382	4.128112
13	24	16	27	300	358	4.520969
14	25	17	28	361	390	2.592892
20	31	23	34	322	360	1.453720
21	32	24	35	360	322	1.453720
22	33	25	36	126	322	2.289807
23	34	26	37	258	389	2.040431
27	38	30	41	306	59	2.781003
28	39	31	42	200	367	3.473017
29	40	32	43	200	250	3.385185
30	41	33	44	66	285	3.809800
31	42	34	45	241	364	2.839923
32	43	35	46	202	247	3.279967
33	44	36	47	192	92	2.220201
34	45	37	48	21	183	2.794696
35	46	38	49	314	242	3.469302
36	47	39	50	221	253	3.210882
37	48	40	51	151	395	2.369932
38	49	41	52	57	132	1.551260
39	50	42	53	132	126	2.227804
40	51	43	54	132	322	1.945705
53	64	58	69	348	258	2.128741
54	65	59	70	167	28	2.361477
59	70	64	75	365	363	2.484110
61	72	66	77	57	107	2.508886
66	77	71	82	28	40	1.916230
67	78	72	83	358	38	2.528073
69	80	74	85	361	112	3.296315
70	81	75	86	301	342	2.307304
71	82	76	87	298	174	2.958851
72	83	77	88	57	178	1.951934
73	84	78	89	126	356	2.644557
74	85	79	90	360	84	1.521872
75	86	80	91	61	258	1.652270
76	87	81	92	313	239	2.359216
82	93	87	98	364	108	2.869193
84	95	89	100	43	64	3.841449
85	96	90	101	289	155	3.813418
86	97	91	102	11	3	2.991060
87	98	92	103	124	362	2.182590
89	100	94	105	107	132	2.350722
