start1	end1	start2	end2	frag1	frag2	frag_rmsd
1	12	1	12	42	84	2.426355
6	17	6	17	292	82	2.425930
47	58	48	59	322	126	2.289807
70	81	71	82	307	279	3.152923
73	84	74	85	140	21	2.729796
78	89	79	90	84	126	1.909341
86	97	87	98	177	141	3.061389
97	108	98	109	27	111	1.266595
109	120	110	121	331	363	2.590972
111	122	112	123	391	395	2.221324
112	123	113	124	248	357	1.838513
137	148	138	149	162	320	2.866105
140	151	141	152	369	181	2.899063
155	166	156	167	0	16	0.775259
157	168	158	169	0	196	1.046929
