start1	end1	start2	end2	frag1	frag2	frag_rmsd
11	22	9	20	38	358	2.528073
12	23	10	21	213	117	2.137352
16	27	14	25	318	151	2.401869
