start1	end1	start2	end2	frag1	frag2	frag_rmsd
27	38	26	37	395	54	2.541594
28	39	27	38	203	318	2.348379
47	58	50	61	174	302	2.621173
70	81	66	77	188	87	1.255021
71	82	67	78	18	24	1.529172
76	87	72	83	331	174	1.879546
80	91	76	87	187	40	2.485770
85	96	81	92	331	14	2.663108
86	97	82	93	323	29	2.895201
87	98	83	94	274	236	1.789125
93	104	89	100	260	77	2.518072
94	105	90	101	170	287	1.992976
95	106	91	102	37	50	2.928610
96	107	92	103	256	201	2.397156
97	108	93	104	222	200	3.593600
98	109	94	105	71	3	3.190200
99	110	95	106	226	57	3.155535
111	122	128	139	80	204	2.680454
112	123	129	140	297	246	2.516265
113	124	130	141	130	274	3.000816
117	128	134	145	367	128	2.784997
118	129	135	146	120	393	2.462806
119	130	136	147	314	272	2.456653
120	131	137	148	142	47	3.314313
121	132	138	149	187	334	3.170092
122	133	139	150	183	370	2.048987
123	134	140	151	253	331	1.801250
126	137	143	154	132	248	2.493342
131	142	148	159	38	92	2.065054
144	155	161	172	0	16	0.775259
146	157	163	174	0	196	1.046929
158	169	175	186	25	338	1.152231
160	171	177	188	321	33	2.658565
161	172	178	189	339	355	3.306220
