start1	end1	start2	end2	frag1	frag2	frag_rmsd
2	13	5	16	313	258	2.044899
5	16	8	19	150	152	2.343118
15	26	18	29	127	0	0.813264
16	27	19	30	16	0	0.775259
17	28	20	31	49	0	1.806828
18	29	21	32	60	0	1.639067
19	30	22	33	220	16	1.564087
54	65	82	93	61	258	1.652270
55	66	83	94	167	293	1.284317
58	69	86	97	292	82	2.425930
62	73	90	101	111	4	0.994513
94	105	123	134	80	143	2.207392
96	107	125	136	351	343	3.505295
97	108	126	137	53	207	2.127619
133	144	140	151	357	391	1.962426
