start1	end1	start2	end2	frag1	frag2	frag_rmsd
6	17	9	20	65	227	2.070036
25	36	28	39	43	225	2.352954
69	80	72	83	127	0	0.813264
70	81	73	84	16	0	0.775259
71	82	74	85	170	0	1.959205
72	83	75	86	196	127	1.155792
73	84	76	87	273	149	2.067059
74	85	77	88	184	180	2.849787
75	86	78	89	87	319	2.650745
76	87	79	90	25	354	3.132961
77	88	80	91	235	201	3.016880
78	89	81	92	33	131	2.608302
79	90	82	93	232	78	3.411271
80	91	83	94	34	120	2.958682
81	92	84	95	364	202	2.626801
82	93	85	96	202	372	2.168379
83	94	86	97	225	326	2.488373
105	116	108	119	144	188	1.413047
113	124	116	127	81	51	2.463998
115	126	118	129	23	4	1.335798
117	128	120	131	27	127	1.019607
123	134	126	137	121	60	1.940590
137	148	140	151	12	24	1.462726
138	149	141	152	17	168	1.555351
139	150	142	153	124	208	2.503023
142	153	145	156	323	163	2.966704
144	155	147	158	92	163	2.362957
148	159	151	162	395	126	1.849402
149	160	152	163	132	360	2.169218
162	173	165	176	126	61	2.069075
164	175	167	178	239	320	2.688674
165	176	168	179	56	138	1.966884
166	177	169	180	292	32	2.035472
171	182	174	185	184	240	1.274780
172	183	175	186	121	216	1.107965
173	184	176	187	278	27	1.610725
174	185	177	188	60	16	1.442604
175	186	178	189	315	49	2.639219
176	187	179	190	37	169	1.993730
178	189	181	192	41	259	2.701003
179	190	182	193	165	233	2.696420
181	192	184	195	331	146	2.748119
196	207	199	210	202	337	2.474875
203	214	206	217	206	136	1.496459
204	215	207	218	31	346	1.101450
217	228	220	231	77	359	2.382337
221	232	224	235	281	179	2.644974
225	236	228	239	151	298	2.505800
259	270	262	273	396	141	2.196376
290	301	293	304	32	9	2.432245
292	303	295	306	65	396	2.073749
