start1	end1	start2	end2	frag1	frag2	frag_rmsd
1	12	5	16	258	61	1.652270
5	16	9	20	117	292	2.762161
7	18	11	22	227	129	2.576417
22	33	26	37	133	174	1.804231
24	35	28	39	322	379	2.785664
38	49	41	52	69	377	1.451916
41	52	44	55	164	156	1.408711
48	59	51	62	10	167	2.163335
51	62	54	65	152	299	2.564494
52	63	55	66	172	11	2.939472
53	64	56	67	150	130	2.764320
55	66	58	69	9	181	2.710060
56	67	59	70	376	93	2.792367
57	68	60	71	396	113	2.791641
58	69	61	72	108	221	2.587747
59	70	62	73	238	298	3.893029
60	71	63	74	273	398	3.574157
61	72	64	75	240	351	3.279698
78	89	78	89	328	343	1.513701
79	90	79	90	369	194	1.775960
91	102	91	102	164	34	2.524144
92	103	92	103	363	133	1.994719
94	105	94	105	80	258	2.273429
95	106	95	106	187	167	2.121763
96	107	96	107	40	92	1.759016
128	139	133	144	167	395	2.258216
129	140	134	145	204	391	2.478372
130	141	135	146	204	323	2.129611
131	142	136	147	92	40	1.759016
143	154	148	159	363	298	2.950286
155	166	159	170	318	316	2.200800
156	167	160	171	248	124	3.609687
157	168	161	172	392	74	2.779359
159	170	163	174	210	7	2.752995
162	173	166	177	375	128	2.998520
163	174	167	178	393	375	2.214683
180	191	184	195	23	220	1.761846
