start1	end1	start2	end2	frag1	frag2	frag_rmsd
1	12	1	12	209	306	5.266699
2	13	2	13	246	332	4.874377
3	14	3	14	337	332	4.607307
4	15	4	15	213	131	2.617456
5	16	5	16	229	361	2.596208
13	24	13	24	365	393	2.281657
