start1	end1	start2	end2	frag1	frag2	frag_rmsd
3	14	3	14	0	127	0.813264
17	28	14	25	132	178	2.174432
18	29	15	26	356	84	1.970757
19	30	16	27	84	356	1.970757
21	32	18	29	322	61	1.532523
22	33	19	30	126	42	2.008935
55	66	40	51	0	27	0.813956
57	68	42	53	0	35	1.003458
69	80	53	64	395	248	1.997362
72	83	56	67	322	132	1.945705
73	84	57	68	389	61	1.926015
89	100	68	79	395	126	1.849402
90	101	69	80	132	322	1.945705
93	104	72	83	167	162	2.657010
98	109	77	88	363	393	3.168032
102	113	81	92	322	360	1.453720
113	124	94	105	57	132	1.551260
115	126	96	107	322	126	2.289807
116	127	97	108	258	313	2.044899
123	134	104	115	398	310	3.382742
124	135	105	116	158	84	2.726643
125	136	106	117	106	132	2.299289
126	137	107	118	176	126	3.319512
