start1	end1	start2	end2	frag1	frag2	frag_rmsd
28	39	28	39	127	35	1.273794
30	41	30	41	251	377	2.012568
32	43	32	43	6	355	2.242598
38	49	38	49	207	58	2.282401
39	50	39	50	207	148	3.087205
40	51	40	51	286	289	3.560170
43	54	43	54	376	291	3.006765
45	56	45	56	115	264	2.943574
70	81	69	80	164	363	1.880850
74	85	73	84	360	389	2.720316
109	120	109	120	170	49	2.018496
116	127	116	127	362	302	1.914259
121	132	121	132	392	244	3.522707
147	158	157	168	27	0	0.813956
159	170	169	180	331	174	1.879546
163	174	173	184	389	61	1.926015
165	176	175	186	10	80	2.388647
166	177	176	187	68	225	2.476200
194	205	204	215	84	248	2.774836
199	210	209	220	258	357	1.886183
201	212	211	222	246	114	2.430257
213	224	224	235	27	0	0.813956
229	240	242	253	392	178	1.899502
230	241	243	254	360	389	2.720316
231	242	244	255	270	158	3.227631
232	243	245	256	239	40	2.307218
233	244	246	257	28	80	2.821473
265	276	297	308	74	61	2.933300
273	284	305	316	21	159	3.937955
288	299	320	331	92	312	2.438767
290	301	322	333	289	152	3.730991
298	309	330	341	326	43	2.228664
300	311	332	343	147	45	1.713468
301	312	333	344	23	4	1.335798
302	313	334	345	27	0	0.813956
