start1	end1	start2	end2	frag1	frag2	frag_rmsd
1	12	1	12	80	242	3.268628
2	13	2	13	203	173	2.511238
15	26	15	26	358	117	2.136260
16	27	16	27	390	78	2.515234
17	28	17	28	301	361	2.339875
19	30	19	30	302	253	2.427313
39	50	39	50	57	178	1.951934
40	51	40	51	84	132	2.205557
41	52	41	52	61	107	3.095252
44	55	44	55	114	185	2.618176
95	106	95	106	222	168	2.604344
97	108	97	108	146	182	3.224594
155	166	155	166	235	161	1.099262
171	182	170	181	395	379	2.439526
