start1	end1	start2	end2	frag1	frag2	frag_rmsd
3	14	4	15	262	30	3.683529
6	17	7	18	330	306	3.442779
10	21	11	22	331	157	2.546407
14	25	15	26	357	248	1.838513
19	30	20	31	74	80	2.193283
23	34	24	35	276	327	3.510221
28	39	29	40	212	364	1.843570
32	43	33	44	371	45	1.366556
33	44	34	45	111	4	0.994513
41	52	42	53	338	25	1.152231
43	54	44	55	294	33	2.272830
47	58	48	59	54	248	2.082630
50	61	51	62	246	162	2.344445
70	81	71	82	357	57	2.268519
74	85	75	86	389	198	2.304197
75	86	76	87	248	357	1.838513
76	87	77	88	208	178	1.931564
87	98	92	103	231	376	3.357855
89	100	94	105	123	223	1.416700
91	102	96	107	0	184	1.197355
92	103	97	108	0	121	0.992640
93	104	98	109	0	27	0.813956
105	116	110	121	338	317	2.297368
112	123	117	128	383	165	2.427258
113	124	118	129	158	310	2.602228
114	125	119	130	310	185	2.160511
131	142	131	142	0	4	1.783926
143	154	143	154	98	222	2.557250
166	177	161	172	178	218	2.762005
167	178	162	173	318	74	2.154001
168	179	163	174	132	211	3.452016
180	191	174	185	86	13	4.161733
181	192	175	186	129	330	4.209470
182	193	176	187	65	390	3.942036
183	194	177	188	371	365	4.892290
184	195	178	189	111	314	4.593185
185	196	179	190	16	173	3.973241
186	197	180	191	121	246	4.223517
187	198	181	192	27	328	3.707150
188	199	182	193	0	194	3.632399
189	200	183	194	0	141	3.490832
190	201	184	195	0	45	2.973760
203	214	195	206	143	80	2.207392
204	215	196	207	318	74	2.154001
206	217	198	209	360	395	3.113222
207	218	199	210	360	106	2.403800
208	219	200	211	126	395	1.849402
233	244	211	222	0	278	2.028020
234	245	212	223	0	220	1.838539
235	246	213	224	0	121	0.992640
236	247	214	225	0	27	0.813956
238	249	216	227	16	0	0.775259
254	265	230	241	313	360	3.213606
256	267	232	243	391	176	3.220396
257	268	233	244	334	360	4.333903
272	283	265	276	352	387	3.551945
273	284	266	277	41	172	2.723785
274	285	267	278	213	131	2.617456
275	286	268	279	262	155	2.640687
276	287	269	280	289	152	3.730991
278	289	271	282	50	332	3.323123
286	297	279	290	45	147	1.713468
287	298	280	291	4	23	1.335798
