start1	end1	start2	end2	frag1	frag2	frag_rmsd
14	25	19	30	178	357	2.306823
16	27	21	32	84	392	2.236722
29	40	34	45	389	61	1.926015
30	41	35	46	374	158	1.692551
33	44	38	49	112	306	3.284950
49	60	53	64	293	215	2.617928
56	67	60	71	325	298	2.268278
58	69	62	73	379	248	1.639302
59	70	63	74	80	392	2.526476
93	104	79	90	360	42	2.763434
95	106	81	92	392	357	2.035569
226	237	120	131	57	178	1.951934
232	243	126	137	293	73	2.790553
233	244	127	138	152	96	3.340467
238	249	132	143	221	298	2.475609
256	267	151	162	57	392	2.274546
257	268	152	163	74	126	2.701927
258	269	153	164	162	167	2.657010
261	272	156	167	163	64	2.102946
277	288	172	183	84	322	1.955336
289	300	187	198	57	126	3.040952
290	301	188	199	270	61	2.370076
293	304	191	202	73	210	2.056321
300	311	198	209	57	318	2.213565
301	312	199	210	84	395	2.768522
315	326	210	221	57	178	1.951934
316	327	211	222	322	248	2.535011
317	328	212	223	126	392	1.978049
324	335	219	230	393	365	2.281657
325	336	220	231	272	302	2.325891
340	351	237	248	167	389	1.584191
341	352	238	249	293	320	2.687874
343	354	240	251	150	83	1.761815
344	355	241	252	59	327	2.076427
345	356	242	253	300	59	3.550877
346	357	243	254	393	120	2.462806
347	358	244	255	221	298	2.475609
348	359	245	256	325	272	2.987046
349	360	246	257	151	258	2.921057
362	373	257	268	342	312	3.261878
363	374	258	269	301	78	3.780749
364	375	259	270	298	342	3.436074
365	376	260	271	91	298	2.033592
366	377	261	272	132	57	1.551260
367	378	262	273	84	322	1.955336
398	409	297	308	132	258	2.635888
399	410	298	309	126	167	2.697257
400	411	299	310	126	293	3.533755
