start1	end1	start2	end2	frag1	frag2	frag_rmsd
1	12	2	13	322	126	2.289807
2	13	3	14	126	322	2.289807
4	15	5	16	322	126	2.289807
27	38	41	52	322	84	1.955336
30	41	44	55	258	61	1.652270
31	42	45	56	167	28	2.361477
32	43	46	57	96	92	3.172432
33	44	47	58	20	358	2.822371
34	45	48	59	112	390	3.719766
35	46	49	60	112	361	3.296315
37	48	51	62	302	165	2.626395
49	60	62	73	292	90	4.310615
50	61	63	74	276	115	4.796979
51	62	64	75	305	36	3.806432
52	63	65	76	199	238	4.017735
53	64	66	77	9	340	3.411477
54	65	67	78	376	240	3.277505
55	66	68	79	396	216	2.686718
56	67	69	80	223	23	3.229327
57	68	70	81	4	184	2.463480
58	69	71	82	0	121	0.992640
74	85	98	109	357	132	1.964894
76	87	100	111	258	61	1.652270
77	88	101	112	167	126	2.697257
78	89	102	113	40	357	2.500053
79	90	103	114	68	389	2.655854
80	91	104	115	185	114	2.618176
81	92	105	116	172	38	2.710375
82	93	106	117	130	131	3.327165
83	94	107	118	275	78	2.564950
84	95	108	119	304	390	2.928597
85	96	109	120	376	254	3.010842
86	97	110	121	254	67	2.419028
87	98	111	122	65	206	3.000302
88	99	112	123	135	53	2.009759
90	101	114	125	23	216	2.334395
102	113	126	137	338	18	1.332509
103	114	127	138	100	377	1.241297
105	116	129	140	232	366	2.061297
108	119	132	143	274	152	2.290286
110	121	134	145	194	346	1.855001
115	126	139	150	16	0	0.775259
116	127	140	151	16	121	1.372802
136	147	151	162	338	110	2.570825
137	148	152	163	277	41	1.800987
138	149	153	164	283	243	2.860703
139	150	154	165	256	201	2.397156
140	151	155	166	156	98	2.250425
