start1	end1	start2	end2	frag1	frag2	frag_rmsd
1	12	1	12	51	396	1.709799
28	39	28	39	127	35	1.273794
29	40	29	40	118	368	1.491748
34	45	34	45	65	240	1.321092
35	46	35	46	11	216	2.501711
36	47	36	47	118	244	2.654060
53	64	55	66	223	371	1.695846
74	85	76	87	232	283	2.925845
75	86	77	88	256	164	2.413952
96	107	101	112	123	147	1.240679
97	108	102	113	4	224	1.600329
98	109	103	114	0	184	1.197355
99	110	104	115	0	121	0.992640
120	131	125	136	147	123	1.240679
