start1	end1	start2	end2	frag1	frag2	frag_rmsd
24	35	1	12	126	84	1.909341
25	36	2	13	322	360	1.453720
26	37	3	14	61	126	2.069075
27	38	4	15	374	322	2.991871
28	39	5	16	343	389	3.558617
50	61	40	51	143	74	2.114755
51	62	41	52	107	356	1.430031
117	128	69	80	123	0	2.826189
118	129	70	81	4	16	1.839967
119	130	71	82	0	16	0.775259
120	131	72	83	0	16	0.775259
121	132	73	84	0	184	1.197355
122	133	74	85	35	184	1.806062
124	135	76	87	284	338	2.592032
125	136	77	88	287	277	1.480842
129	140	81	92	208	3	2.137017
135	146	87	98	211	203	1.857122
153	164	113	124	111	4	0.994513
197	208	146	157	27	121	1.355932
198	209	147	158	0	27	0.813956
223	234	175	186	126	132	2.227804
228	239	180	191	56	329	2.670926
242	253	196	207	144	52	1.886184
243	254	197	208	284	251	1.783480
253	264	207	218	176	114	1.989951
255	266	209	220	53	244	2.660406
268	279	221	232	117	78	2.088043
269	280	222	233	112	78	3.056163
282	293	259	270	9	32	2.432245
283	294	260	271	129	369	2.160628
284	295	261	272	396	22	2.425487
285	296	262	273	123	147	1.240679
320	331	299	310	235	100	1.231875
324	335	303	314	3	174	2.344203
327	338	306	317	360	318	2.599279
343	354	324	335	188	35	1.339917
344	355	325	336	25	368	1.679408
