start1	end1	start2	end2	frag1	frag2	frag_rmsd
2	13	10	21	38	204	2.799377
7	18	15	26	262	185	3.050917
8	19	16	27	351	236	2.911985
14	25	22	33	101	280	2.023902
19	30	27	38	282	76	2.644404
21	32	29	40	303	139	3.603223
22	33	30	41	252	243	3.879799
26	37	34	45	3	174	2.344203
35	46	43	54	342	97	2.606591
37	48	45	56	185	318	3.620146
48	59	56	67	210	96	2.685790
50	61	58	69	59	327	2.076427
51	62	59	70	375	300	2.169523
66	77	74	85	61	389	1.926015
67	78	75	86	158	215	2.376886
70	81	78	89	1	155	2.442381
80	91	88	99	226	370	2.581701
83	94	91	102	68	80	2.917939
86	97	94	105	192	312	2.159358
89	100	97	108	182	29	1.423903
91	102	99	110	358	19	2.566475
98	109	106	117	178	392	1.899502
100	111	108	119	309	343	2.655565
102	113	110	121	95	15	1.966391
104	115	112	123	111	353	1.960030
105	116	113	124	118	144	1.639526
106	117	114	125	251	284	1.783480
107	118	115	126	287	104	2.087811
108	119	116	127	93	134	2.786843
109	120	117	128	164	97	2.612298
113	124	121	132	391	178	2.455732
115	126	123	134	389	322	2.292898
117	128	125	136	215	198	2.064482
118	129	126	137	114	391	2.472373
119	130	127	138	309	191	3.114989
120	131	128	139	192	247	3.203699
121	132	129	140	358	201	2.893908
132	143	141	152	155	112	3.229026
133	144	142	153	274	268	2.562781
134	145	143	154	274	19	2.537577
135	146	144	155	117	358	2.136260
136	147	145	156	390	78	2.515234
137	148	146	157	254	242	3.144366
138	149	147	158	71	298	2.457287
139	150	148	159	107	272	3.064142
