start1	end1	start2	end2	frag1	frag2	frag_rmsd
6	17	4	15	138	275	2.617606
31	42	29	40	215	185	3.111688
33	44	31	42	150	384	3.468392
62	73	60	71	196	0	1.046929
87	98	85	96	51	89	2.589863
109	120	107	118	180	77	2.325824
110	121	108	119	287	79	1.970184
111	122	109	120	311	139	2.001653
113	124	111	122	164	113	2.695395
192	203	190	201	129	227	2.576417
217	228	215	226	155	306	3.888502
277	288	275	286	360	318	2.599279
287	298	285	296	1	168	3.713809
290	301	288	299	137	308	2.586184
294	305	292	303	232	355	2.143807
319	330	316	327	2	343	1.502106
369	380	366	377	40	92	1.759016
371	382	368	379	351	296	2.893150
386	397	383	394	360	126	2.237959
404	415	401	412	360	91	3.512148
411	422	408	419	114	28	1.637541
417	428	414	425	363	314	2.815277
419	430	416	427	318	132	1.806699
432	443	429	440	0	27	0.813956
434	445	431	442	121	184	1.193672
435	446	432	443	27	0	0.813956
446	457	443	454	51	141	1.428009
