start1	end1	start2	end2	frag1	frag2	frag_rmsd
21	32	21	32	256	335	2.848730
22	33	22	33	156	363	2.308899
41	52	41	52	13	266	1.425161
46	57	46	57	253	331	1.801250
52	63	52	63	126	61	2.069075
53	64	53	64	176	158	2.838007
56	67	56	67	192	78	2.516625
58	69	58	69	364	280	3.164795
60	71	60	71	345	125	2.275120
61	72	61	72	141	240	2.386243
62	73	62	73	45	371	1.366556
63	74	63	74	4	278	2.304497
64	75	64	75	0	184	1.197355
65	76	65	76	0	121	0.992640
74	85	74	85	57	356	1.996521
84	95	84	95	223	371	1.695846
96	107	96	107	368	188	1.404624
97	108	97	108	260	338	2.423776
98	109	98	109	170	277	2.640603
99	110	99	110	311	134	2.904282
100	111	100	111	256	280	2.777176
101	112	101	112	98	156	2.250425
102	113	102	113	174	222	2.234287
103	114	103	114	298	8	2.533000
104	115	104	115	157	71	3.193160
106	117	106	117	322	57	2.446228
107	118	107	118	322	84	1.955336
112	123	112	123	89	309	1.629779
150	161	151	162	0	121	0.992640
151	162	152	163	0	27	0.813956
152	163	153	164	0	121	0.992640
153	164	154	165	0	27	0.813956
