start1	end1	start2	end2	frag1	frag2	frag_rmsd
11	22	18	29	188	368	1.404624
25	36	33	44	0	16	0.775259
28	39	36	47	0	16	0.775259
32	43	40	51	16	0	0.775259
46	57	54	65	322	356	2.017159
72	83	80	91	128	59	2.692989
77	88	85	96	141	66	2.244852
81	92	89	100	251	77	2.050996
83	94	91	102	93	311	2.591588
85	96	93	104	222	63	3.722703
86	97	94	105	218	296	3.087577
87	98	95	106	187	53	3.901340
98	109	106	117	92	378	2.698621
99	110	107	118	191	189	3.245714
100	111	108	119	152	257	3.501011
101	112	109	120	152	351	3.098289
102	113	110	121	172	86	3.389293
103	114	111	122	332	225	3.911016
104	115	112	123	261	135	3.770452
105	116	113	124	145	147	2.118707
106	117	114	125	66	15	2.522333
107	118	115	126	223	216	2.223151
108	119	116	127	111	27	1.266595
116	127	124	135	57	178	1.951934
117	128	125	136	57	91	2.021486
159	170	165	176	162	386	1.905714
187	198	194	205	222	98	2.557250
188	199	195	206	174	301	2.796572
