start1	end1	start2	end2	frag1	frag2	frag_rmsd
7	18	7	18	58	207	2.282401
10	21	10	21	48	212	3.079731
32	43	33	44	377	277	1.951425
37	48	38	49	22	396	2.425487
63	74	64	75	190	65	2.764554
78	89	79	90	127	368	1.781241
94	105	90	101	0	111	1.805292
