start1	end1	start2	end2	frag1	frag2	frag_rmsd
1	12	1	12	297	313	1.957711
2	13	2	13	296	28	3.592012
8	19	8	19	35	121	1.375045
9	20	9	20	0	127	0.813264
13	24	13	24	217	273	2.005378
15	26	15	26	0	121	0.992640
19	30	19	30	104	287	2.087811
30	41	30	41	27	0	0.813956
31	42	31	42	27	0	0.813956
33	44	33	44	0	16	0.775259
35	46	35	46	188	127	1.791159
36	47	36	47	18	149	2.166828
37	48	37	48	377	350	3.202710
38	49	38	49	75	319	2.397899
39	50	39	50	212	295	2.645781
40	51	40	51	202	44	3.202970
42	53	42	53	51	66	2.521519
43	54	43	54	371	45	1.366556
44	55	44	55	111	4	0.994513
45	56	45	56	16	0	0.775259
46	57	46	57	16	184	1.241286
47	58	47	58	196	121	1.241736
49	60	49	60	16	0	0.775259
50	61	50	61	121	0	0.992640
51	62	51	62	27	0	0.813956
59	70	59	70	368	0	2.061254
60	71	60	71	260	0	1.731263
61	72	61	72	49	0	1.806828
62	73	62	73	52	0	2.924827
63	74	63	74	110	0	2.707219
