start1	end1	start2	end2	frag1	frag2	frag_rmsd
1	12	1	12	71	14	3.608331
2	13	2	13	398	200	4.869809
3	14	3	14	107	3	3.353003
4	15	4	15	107	272	3.064142
5	16	5	16	42	348	3.330955
6	17	6	17	258	374	2.198304
7	18	7	18	297	320	2.128628
9	20	9	20	13	20	1.989394
10	21	10	21	330	327	2.088556
14	25	14	25	221	226	2.770994
15	26	15	26	29	349	2.165630
17	28	17	28	266	96	2.037755
21	32	21	32	120	365	2.590663
22	33	22	33	173	262	2.838728
25	36	25	36	20	83	2.024528
26	37	26	37	59	327	2.076427
27	38	27	38	324	375	2.394722
29	40	29	40	165	352	2.888510
31	42	31	42	130	292	2.838369
34	45	34	45	129	396	2.522659
40	51	40	51	184	278	1.829383
42	53	42	53	87	368	1.849840
43	54	43	54	180	18	1.503133
44	55	44	55	41	377	1.723277
45	56	45	56	88	307	2.822750
46	57	46	57	6	355	2.242598
47	58	47	58	164	222	2.252756
48	59	48	59	3	272	2.548933
50	61	50	61	270	395	3.232293
51	62	51	62	198	178	3.237900
52	63	52	63	293	248	2.338259
53	64	53	64	38	57	4.884828
54	65	54	65	78	323	4.256428
55	66	55	66	274	329	3.085507
56	67	56	67	13	96	1.738752
59	70	59	70	200	367	3.473017
60	71	60	71	250	200	3.385185
63	74	63	74	96	382	3.299191
68	79	68	79	262	182	1.903492
70	81	70	81	266	13	1.425161
