start1	end1	start2	end2	frag1	frag2	frag_rmsd
3	14	1	12	214	366	3.242861
4	15	2	13	243	364	3.441455
5	16	3	14	201	102	3.610003
6	17	4	15	131	213	2.617456
7	18	5	16	200	390	3.896895
27	38	24	35	320	342	4.263083
28	39	25	36	358	274	2.773524
29	40	26	37	213	358	2.035530
