start1	end1	start2	end2	frag1	frag2	frag_rmsd
80	91	20	31	57	356	1.996521
81	92	21	32	84	126	1.909341
92	103	33	44	1	225	1.414968
93	104	34	45	95	141	1.602886
94	105	35	46	147	45	1.713468
96	107	37	48	184	0	1.197355
97	108	38	49	121	16	1.372802
98	109	39	50	35	127	1.273794
109	120	50	61	391	167	2.154784
110	121	51	62	10	28	2.196024
112	123	53	64	274	191	3.320098
114	125	55	66	292	160	2.571253
115	126	56	67	129	345	2.656148
117	128	58	69	223	45	1.647681
144	155	85	96	0	127	0.813264
145	156	86	97	0	149	2.014982
173	184	112	123	164	98	2.496244
174	185	113	124	174	361	3.031582
175	186	114	125	54	97	2.699671
176	187	115	126	178	302	2.149992
177	188	116	127	398	178	3.047869
178	189	117	128	158	248	2.329879
229	240	165	176	187	297	2.474313
244	255	182	193	35	111	1.879806
245	256	183	194	35	0	1.003458
