start1	end1	start2	end2	frag1	frag2	frag_rmsd
6	17	5	16	374	328	3.142440
8	19	7	18	146	181	3.008151
26	37	25	36	127	368	1.781241
27	38	26	37	260	118	1.762233
39	50	38	49	322	61	1.532523
44	55	43	54	375	365	1.934439
45	56	44	55	285	314	1.999647
46	57	45	56	272	218	2.652558
50	61	49	60	53	343	2.763546
52	63	51	62	95	51	1.563872
54	65	53	64	166	368	1.571683
56	67	55	66	104	377	1.491193
84	95	83	94	245	0	2.249697
85	96	84	95	60	127	1.135321
90	101	89	100	175	76	3.069916
94	105	93	104	164	189	3.769417
105	116	104	115	167	198	2.269619
106	117	105	116	293	114	2.466370
126	137	132	143	132	126	2.227804
127	138	133	144	389	313	2.390236
140	151	146	157	16	0	0.775259
141	152	147	158	184	0	1.197355
142	153	148	159	196	127	1.155792
143	154	149	160	144	149	1.522937
146	157	152	163	354	243	2.322829
152	163	158	169	55	71	2.565646
154	165	160	171	124	62	2.943089
155	166	161	172	173	212	3.462687
156	167	162	173	187	7	2.633725
157	168	163	174	293	358	3.909551
158	169	164	175	38	275	3.866683
159	170	165	176	138	9	3.634538
160	171	166	177	195	129	2.851138
161	172	167	178	227	65	2.070036
162	173	168	179	223	147	1.957202
163	174	169	180	224	23	2.008855
