start1	end1	start2	end2	frag1	frag2	frag_rmsd
22	33	21	32	129	305	2.207893
23	34	22	33	396	303	2.772124
24	35	23	34	71	199	4.781764
25	36	24	35	47	119	3.102701
26	37	25	36	212	376	3.942205
27	38	26	37	201	396	3.223100
28	39	27	38	344	223	4.292357
29	40	28	39	275	169	4.186616
30	41	29	40	9	149	3.895815
31	42	30	41	93	17	3.536518
32	43	31	42	254	279	3.840107
33	44	32	43	268	354	2.147233
34	45	33	44	172	290	2.693912
38	49	37	48	365	200	2.605423
41	52	40	51	374	185	3.033101
46	57	45	56	346	194	1.855001
47	58	46	57	95	141	1.602886
53	64	52	63	196	0	1.046929
66	77	66	77	369	85	2.990726
77	88	77	88	338	25	1.152231
89	100	88	99	22	0	3.610215
90	101	89	100	281	0	3.751112
