start1	end1	start2	end2	frag1	frag2	frag_rmsd
35	46	21	32	91	298	2.033592
36	47	22	33	107	91	2.649081
38	49	24	35	126	42	2.008935
49	60	35	46	107	356	1.430031
108	119	97	108	383	398	2.420024
130	141	120	131	40	391	2.291833
131	142	121	132	391	54	2.548109
134	145	124	135	116	210	2.716631
135	146	125	136	19	38	2.252345
151	162	140	151	310	334	2.654164
152	163	141	152	362	183	2.892258
154	165	143	154	187	183	3.076093
155	166	144	155	163	391	2.193995
156	167	145	156	370	10	2.952547
157	168	146	157	379	183	2.366043
158	169	147	158	263	253	2.899169
