start1	end1	start2	end2	frag1	frag2	frag_rmsd
13	24	14	25	356	132	2.067486
14	25	15	26	360	107	2.749925
35	46	36	47	226	298	2.107868
36	47	37	48	151	91	2.263245
37	48	38	49	57	356	1.996521
38	49	39	50	84	126	1.909341
41	52	42	53	322	61	1.532523
44	55	45	56	162	215	2.221407
51	62	52	63	356	57	1.996521
68	79	76	87	398	143	3.348437
69	80	77	88	107	395	2.432305
70	81	78	89	357	208	2.490627
71	82	79	90	392	395	1.956324
72	83	80	91	57	132	1.551260
73	84	81	92	84	360	1.521872
74	85	82	93	126	360	2.237959
75	86	83	94	322	360	1.453720
78	89	86	97	42	389	2.149086
79	90	87	98	357	374	2.640329
80	91	88	99	379	38	3.526933
81	92	89	100	293	312	3.035232
82	93	90	101	56	22	3.171250
83	94	91	102	38	268	3.354513
84	95	92	103	213	160	3.400873
85	96	93	104	229	345	3.366814
86	97	94	105	301	141	4.088979
87	98	95	106	212	45	3.126215
88	99	96	107	137	4	2.251007
89	100	97	108	125	0	2.800444
90	101	98	109	15	0	2.000338
91	102	99	110	15	0	2.000338
92	103	100	111	27	0	0.813956
93	104	101	112	27	0	0.813956
98	109	106	117	118	149	1.094155
