start1	end1	start2	end2	frag1	frag2	frag_rmsd
43	54	43	54	334	205	2.027607
44	55	44	55	178	143	1.650270
46	57	46	57	348	107	2.443030
62	73	62	73	357	322	2.219787
79	90	79	90	258	357	1.886183
81	92	81	92	318	357	2.179797
111	122	111	122	391	379	2.465700
