start1	end1	start2	end2	frag1	frag2	frag_rmsd
20	31	17	28	148	106	2.681835
22	33	19	30	354	291	2.738127
23	34	20	31	206	172	2.776611
24	35	21	32	346	11	2.640512
27	38	24	35	79	341	3.600955
30	41	27	38	65	396	2.073749
41	52	38	49	0	35	1.003458
42	53	39	50	188	368	1.404624
47	58	44	55	164	250	2.535361
61	72	58	69	255	64	2.893227
62	73	59	70	379	54	2.066468
64	75	61	72	356	316	2.665484
81	92	78	89	76	380	2.656587
88	99	85	96	371	223	1.695846
99	110	96	107	356	107	1.430031
100	111	97	108	348	356	2.839605
102	113	99	110	80	374	2.774244
142	153	139	150	361	256	2.627081
143	154	140	151	361	222	2.877528
148	159	145	156	343	89	2.975827
151	162	148	159	45	36	1.796707
152	163	149	160	169	179	2.606904
162	173	159	170	150	130	2.764320
167	178	164	175	105	169	1.732125
179	190	176	187	90	289	2.511995
196	207	193	204	222	165	2.547133
197	208	194	205	183	334	2.485480
198	209	195	206	298	54	2.540643
202	213	199	210	360	322	1.453720
209	220	206	217	144	25	1.398598
211	222	208	219	319	294	2.544084
214	225	211	222	31	231	1.286233
217	228	214	225	224	4	1.600329
218	229	215	226	184	0	1.197355
220	231	217	228	27	0	0.813956
229	240	226	237	35	0	1.003458
232	243	229	240	100	235	1.231875
244	255	241	252	0	121	0.992640
257	268	255	266	248	54	2.082630
286	297	285	296	15	282	2.992862
288	299	287	298	52	311	3.058037
291	302	290	301	44	82	2.933000
294	305	293	304	223	371	1.695846
320	331	319	330	95	66	1.609657
323	334	322	333	23	125	2.388269
326	337	325	336	27	196	1.059651
331	342	330	341	380	79	1.921925
334	345	333	344	347	65	2.308913
359	370	358	369	369	129	2.160628
360	371	359	370	394	396	2.782183
378	389	377	388	284	18	2.132369
425	436	425	436	35	0	1.003458
447	458	449	460	380	377	1.677706
453	464	455	466	254	113	1.777499
456	467	458	469	337	99	2.667194
462	473	464	475	177	77	3.191089
479	490	481	492	127	0	0.813264
480	491	482	493	16	0	0.775259
482	493	484	495	196	0	1.046929
483	494	485	496	273	0	1.419073
487	498	489	500	100	235	1.231875
496	507	498	509	195	237	2.078780
508	519	510	521	390	48	3.486224
529	540	531	542	203	140	3.090049
530	541	532	543	55	148	1.769837
532	543	534	545	135	299	2.537386
