start1	end1	start2	end2	frag1	frag2	frag_rmsd
2	13	2	13	266	280	3.649959
9	20	9	20	348	389	2.657845
16	27	16	27	142	81	3.501481
18	29	18	29	82	78	3.016939
23	34	23	34	113	252	1.744519
25	36	25	36	91	298	2.033592
