start1	end1	start2	end2	frag1	frag2	frag_rmsd
1	12	1	12	132	57	1.551260
21	32	21	32	84	356	1.970757
32	43	32	43	91	107	2.649081
57	68	57	68	180	260	1.808175
69	80	69	80	35	273	1.854209
74	85	74	85	217	5	1.208122
