start1	end1	start2	end2	frag1	frag2	frag_rmsd
16	27	17	28	253	91	2.403003
17	28	18	29	395	84	2.768522
41	52	42	53	202	218	3.501735
44	55	45	56	71	370	2.349638
45	56	46	57	253	183	1.817367
48	59	49	60	258	322	2.166966
49	60	50	61	357	126	2.400813
57	68	58	69	365	363	2.484110
58	69	59	70	91	302	2.022399
61	72	62	73	126	322	2.289807
64	75	65	76	357	322	2.219787
66	77	67	78	158	357	2.494890
68	79	69	80	56	274	2.377615
76	87	77	88	84	360	1.521872
