start1	end1	start2	end2	frag1	frag2	frag_rmsd
1	12	1	12	121	0	0.992640
2	13	2	13	27	0	0.813956
16	27	16	27	35	0	1.003458
17	28	17	28	127	0	0.813264
18	29	18	29	16	0	0.775259
19	30	19	30	16	0	0.775259
20	31	20	31	37	35	1.835455
36	47	31	42	23	194	3.294171
37	48	32	43	121	141	2.901933
38	49	33	44	0	45	2.973760
39	50	34	45	0	4	1.783926
64	75	59	70	345	369	2.167561
65	76	60	71	141	227	1.668724
66	77	61	72	45	223	1.647681
69	80	64	75	0	35	1.003458
70	81	65	76	0	35	1.003458
95	106	90	101	127	0	0.813264
96	107	91	102	16	0	0.775259
118	129	130	141	215	328	3.104118
129	140	142	153	121	0	0.992640
130	141	143	154	27	0	0.813956
159	170	173	184	23	0	1.327063
160	171	174	185	27	0	0.813956
166	177	180	191	0	35	1.003458
167	178	181	192	0	245	2.249697
168	179	182	193	127	260	2.026282
169	180	183	194	16	170	2.037066
170	181	184	195	188	37	1.980378
171	182	185	196	25	166	1.364085
173	184	187	198	277	104	2.095889
174	185	188	199	6	355	2.242598
175	186	189	200	164	262	3.088930
176	187	190	201	173	169	3.891877
177	188	191	202	162	239	2.363423
179	190	193	204	138	292	2.059222
181	192	195	206	227	141	1.668724
184	195	198	209	27	0	0.813956
198	209	225	236	15	111	2.599875
199	210	226	237	15	0	2.000338
200	211	227	238	23	0	1.327063
201	212	228	239	27	196	1.059651
202	213	229	240	0	217	1.425276
