start1	end1	start2	end2	frag1	frag2	frag_rmsd
1	12	1	12	61	84	2.287400
2	13	2	13	167	61	2.734206
3	14	3	14	10	158	2.764944
4	15	4	15	247	320	2.909682
5	16	5	16	274	56	2.377615
6	17	6	17	125	32	3.258423
7	18	7	18	240	129	2.856542
8	19	8	19	371	396	2.117919
9	20	9	20	111	123	1.875625
10	21	10	21	16	4	1.839967
14	25	14	25	245	35	2.065446
15	26	15	26	5	35	1.528815
16	27	16	27	5	35	1.528815
17	28	17	28	217	94	1.772527
18	29	18	29	217	94	1.772527
19	30	19	30	217	94	1.772527
30	41	31	42	126	356	2.644557
32	43	33	44	73	329	2.227621
38	49	39	50	107	57	2.508886
39	50	40	51	348	270	2.651409
40	51	41	52	323	239	2.260356
41	52	42	53	92	28	2.580877
42	53	43	54	358	38	2.528073
43	54	44	55	342	14	2.230074
45	56	46	57	57	3	2.271934
48	59	49	60	176	343	3.059252
49	60	50	61	176	1	2.742328
50	61	51	62	89	326	2.938296
51	62	52	63	89	216	2.255267
52	63	53	64	23	111	1.303435
53	64	54	65	166	188	1.839547
54	65	55	66	161	166	2.749414
55	66	56	67	277	284	2.558142
56	67	57	68	288	283	2.531015
57	68	58	69	256	201	2.397156
58	69	59	70	231	256	4.075405
59	70	60	71	95	222	3.720414
60	71	61	72	136	268	3.383803
61	72	62	73	224	160	3.070708
62	73	63	74	121	257	3.578129
63	74	64	75	111	81	3.225797
64	75	65	76	35	244	2.834822
65	76	66	77	0	169	2.321523
77	88	78	89	29	323	2.895201
