start1	end1	start2	end2	frag1	frag2	frag_rmsd
4	15	4	15	48	262	2.274893
6	17	6	17	160	138	2.227130
25	36	25	36	7	122	2.510319
27	38	27	38	369	276	1.368954
30	41	30	41	23	4	1.335798
79	90	75	86	122	243	3.061126
80	91	76	87	292	117	2.762161
81	92	77	88	276	367	3.979975
82	93	78	89	14	365	3.412605
83	94	79	90	179	156	2.821309
84	95	80	91	97	331	2.080183
85	96	81	92	57	253	2.589846
101	112	92	103	167	293	1.284317
105	116	96	107	229	78	2.235105
