start1	end1	start2	end2	frag1	frag2	frag_rmsd
1	12	1	12	98	159	3.631023
3	14	3	14	156	136	3.186547
10	21	10	21	287	41	1.672245
11	22	11	22	33	104	2.171568
12	23	12	23	232	355	2.143807
13	24	13	24	314	67	3.363453
14	25	14	25	218	197	3.272914
15	26	15	26	325	187	2.842318
16	27	16	27	68	239	2.719429
18	29	18	29	210	112	3.677216
19	30	19	30	117	59	3.251776
20	31	20	31	390	333	3.552772
