start1	end1	start2	end2	frag1	frag2	frag_rmsd
71	82	89	100	138	292	2.059222
79	90	97	108	35	0	1.003458
