start1	end1	start2	end2	frag1	frag2	frag_rmsd
3	14	13	24	360	132	2.169218
5	16	15	26	61	322	1.532523
6	17	16	27	313	389	2.390236
7	18	17	28	73	28	2.597259
11	22	21	32	159	375	3.024654
12	23	22	33	63	363	3.064121
13	24	23	34	30	3	3.326002
14	25	24	35	58	57	4.116910
28	39	35	46	392	182	4.343758
29	40	36	47	356	349	3.780512
30	41	37	48	360	84	1.521872
31	42	38	49	84	392	2.236722
32	43	39	50	74	132	2.503655
34	45	41	52	374	389	2.460334
35	46	42	53	297	28	2.990838
36	47	43	54	122	102	2.007064
37	48	44	55	266	213	3.238820
38	49	45	56	306	48	3.793060
39	50	46	57	261	268	2.624343
40	51	47	58	261	230	2.771442
41	52	48	59	195	31	2.276867
42	53	49	60	227	95	2.206519
43	54	50	61	223	45	1.647681
51	62	58	69	235	338	2.509048
52	63	59	70	277	104	2.095889
54	65	61	72	256	6	2.076516
66	77	75	86	356	57	1.996521
78	89	101	112	322	360	1.453720
80	91	103	114	258	322	2.166966
81	92	104	115	167	126	2.697257
82	93	105	116	40	357	2.500053
99	110	130	141	391	379	2.465700
100	111	131	142	204	68	1.976625
101	112	132	143	293	274	3.927524
102	113	133	144	92	138	3.425726
103	114	134	145	38	194	3.438284
104	115	135	146	152	141	3.018808
105	116	136	147	78	45	3.829202
106	117	137	148	219	70	2.548350
107	118	138	149	305	149	3.583186
108	119	139	150	55	180	3.220667
109	120	140	151	191	319	2.202864
110	121	141	152	354	295	1.529198
111	122	142	153	160	103	2.737667
113	124	144	155	22	66	2.803191
114	125	145	156	281	45	1.651716
116	127	147	158	240	16	1.850213
117	128	148	159	216	121	1.107965
118	129	149	160	111	27	1.266595
119	130	150	161	16	0	0.775259
