start1	end1	start2	end2	frag1	frag2	frag_rmsd
2	13	1	12	54	334	2.234965
16	27	15	26	116	162	3.188256
21	32	20	31	365	393	2.281657
39	50	38	49	322	360	1.453720
42	53	41	52	357	322	2.219787
65	76	64	75	107	356	1.430031
68	79	67	78	357	132	1.964894
69	80	68	79	126	322	2.289807
70	81	69	80	132	84	2.205557
73	84	72	83	395	391	2.221324
75	86	74	85	187	391	2.375339
76	87	75	86	253	183	1.817367
90	101	88	99	318	132	1.806699
91	102	89	100	395	107	2.432305
93	104	91	102	106	395	2.587321
94	105	92	103	395	258	2.579077
96	107	94	105	54	392	2.623411
97	108	95	106	57	132	1.551260
