start1	end1	start2	end2	frag1	frag2	frag_rmsd
7	18	6	17	35	127	1.273794
8	19	7	18	144	118	1.639526
9	20	8	19	251	249	1.059141
10	21	9	20	104	168	2.206515
21	32	21	32	310	379	2.615701
22	33	22	33	383	310	2.997578
23	34	23	34	163	331	1.919656
24	35	24	35	204	323	2.129611
30	41	30	41	262	182	1.903492
36	47	36	47	365	393	2.281657
37	48	37	48	174	302	2.621173
38	49	38	49	218	143	2.049999
41	52	41	52	80	2	2.643041
42	53	42	53	89	209	2.366797
43	54	43	54	246	214	3.533334
44	55	44	55	99	354	2.230986
45	56	45	56	345	201	3.343133
46	57	46	57	195	112	3.297835
47	58	47	58	227	98	3.044884
48	59	48	59	267	156	3.508941
49	60	49	60	264	262	2.949964
97	108	99	110	383	323	2.702322
136	147	130	141	8	301	2.795090
137	148	131	142	325	298	2.268278
138	149	132	143	247	349	2.610369
140	151	134	145	292	150	3.273534
142	153	136	147	129	276	2.280948
144	155	138	149	123	394	1.831961
145	156	139	150	118	179	2.651788
146	157	140	151	180	18	1.503133
164	175	157	168	255	3	2.650042
165	176	158	169	379	57	2.336006
166	177	159	170	158	84	2.726643
177	188	184	195	16	0	0.775259
222	233	235	246	374	61	2.524894
232	243	245	256	283	128	3.315762
234	245	247	258	347	159	3.519587
235	246	248	259	332	341	4.107388
237	248	250	261	346	237	2.499334
252	263	265	276	176	207	2.783500
267	278	279	290	138	328	2.615349
271	282	283	294	169	4	1.747250
283	294	297	308	148	55	1.769837
284	295	298	309	286	282	3.193353
285	296	299	310	299	282	3.143333
287	298	301	312	43	326	2.228664
289	300	303	314	45	371	1.366556
290	301	304	315	4	111	0.994513
307	318	321	332	216	371	1.502072
310	321	324	335	16	0	0.775259
318	329	332	343	16	0	0.775259
319	330	333	344	60	0	1.639067
320	331	334	345	127	0	0.813264
331	342	347	358	389	316	2.563569
340	351	356	367	360	126	2.237959
341	352	357	368	126	258	2.311822
352	363	374	385	147	27	2.242172
353	364	375	386	4	0	1.783926
374	385	400	411	84	322	1.955336
376	387	402	413	374	28	1.355458
