start1	end1	start2	end2	frag1	frag2	frag_rmsd
1	12	1	12	167	158	1.812316
2	13	2	13	204	215	2.924296
3	14	3	14	152	56	2.913323
16	27	16	27	0	184	1.197355
17	28	17	28	0	184	1.197355
