start1	end1	start2	end2	frag1	frag2	frag_rmsd
2	13	3	14	7	323	3.160812
8	19	9	20	133	314	2.775255
10	21	11	22	173	107	2.657406
25	36	26	37	194	346	1.855001
28	39	29	40	179	144	2.704096
40	51	43	54	191	85	2.474521
45	56	48	59	371	45	1.366556
79	90	82	93	126	360	2.237959
81	92	84	95	61	322	1.532523
83	94	86	97	215	73	2.659332
87	98	90	101	367	375	2.523916
89	100	92	103	314	272	2.456653
91	102	94	105	395	248	1.997362
94	105	97	108	84	126	1.909341
