start1	end1	start2	end2	frag1	frag2	frag_rmsd
21	32	22	33	84	54	3.616225
22	33	23	34	158	379	2.555747
23	34	24	35	10	323	2.248517
24	35	25	36	293	68	1.906648
26	37	27	38	152	150	2.343118
27	38	28	39	160	261	2.707511
33	44	34	45	0	16	0.775259
34	45	35	46	188	127	1.791159
73	84	65	76	386	328	2.639548
74	85	66	77	102	358	2.219381
75	86	67	78	213	342	2.983105
