start1	end1	start2	end2	frag1	frag2	frag_rmsd
1	12	1	12	346	194	1.855001
2	13	2	13	66	141	2.244852
12	23	12	23	339	119	2.880573
25	36	25	36	171	254	2.333644
26	37	26	37	230	30	1.728147
27	38	27	38	192	282	3.060564
28	39	28	39	21	177	1.869818
29	40	29	40	388	294	3.299591
30	41	30	41	283	268	2.579274
56	67	56	67	33	294	2.272830
57	68	57	68	134	366	2.121858
58	69	58	69	103	385	2.712681
61	72	61	72	141	51	1.428009
63	74	63	74	4	217	1.467713
64	75	64	75	0	4	1.783926
74	85	74	85	307	33	3.155549
78	89	78	89	329	38	2.609070
80	91	80	91	117	112	2.722193
83	94	83	94	173	302	3.137081
84	95	84	95	374	316	3.135123
85	96	85	96	297	391	2.814059
86	97	86	97	130	246	3.022485
87	98	87	98	275	7	3.276554
88	99	88	99	9	292	2.837338
91	102	91	102	223	123	1.416700
