start1	end1	start2	end2	frag1	frag2	frag_rmsd
2	13	1	12	356	158	2.873854
3	14	2	13	360	198	2.868520
4	15	3	14	126	391	2.757323
5	16	4	15	132	10	3.745156
6	17	5	16	61	68	3.800084
7	18	6	17	374	351	2.405416
24	35	24	35	127	0	0.813264
25	36	25	36	149	188	1.382009
26	37	26	37	18	25	1.880110
27	38	27	38	69	235	2.391649
28	39	28	39	294	33	2.272830
31	42	31	42	136	30	2.124963
