start1	end1	start2	end2	frag1	frag2	frag_rmsd
5	16	1	12	130	386	3.196555
6	17	2	13	275	320	3.885639
37	48	27	38	368	0	2.061254
38	49	28	39	110	127	2.759784
52	63	39	50	389	167	1.584191
54	65	41	52	92	163	2.362957
55	66	42	53	163	183	2.424667
56	67	43	54	155	178	3.142790
57	68	44	55	185	398	2.987202
58	69	45	56	263	74	4.101700
69	80	62	73	2	152	3.801068
70	81	63	74	225	261	4.287429
71	82	64	75	289	321	4.815984
72	83	65	76	115	304	5.809236
73	84	66	77	381	113	3.868854
74	85	67	78	354	301	4.373892
75	86	68	79	201	298	4.191181
76	87	69	80	131	356	6.429443
77	88	70	81	265	258	4.959150
78	89	71	82	286	313	4.621368
79	90	72	83	136	329	3.934095
80	91	73	84	231	275	3.551002
81	92	74	85	51	194	3.296126
82	93	75	86	45	65	3.191562
83	94	76	87	111	347	3.547896
84	95	77	88	368	397	3.272764
85	96	78	89	149	166	2.283810
86	97	79	90	180	251	1.423305
87	98	80	91	359	33	4.307088
88	99	81	92	76	288	4.335787
89	100	82	93	76	256	3.684652
90	101	83	94	269	156	5.117760
91	102	84	95	85	331	3.814108
92	103	85	96	283	54	5.117834
93	104	86	97	256	178	4.982602
94	105	87	98	131	57	5.689820
129	140	110	121	38	329	2.609070
130	141	111	122	117	213	2.137352
131	142	112	123	14	229	2.682356
133	144	114	125	29	226	2.807261
134	145	115	126	151	398	2.424902
135	146	116	127	40	373	2.734962
137	148	118	129	334	64	2.485784
153	164	136	147	379	151	2.133956
154	165	137	148	302	143	2.509569
155	166	138	149	322	318	2.608682
179	190	149	160	187	325	2.842318
180	191	150	161	140	151	2.863118
181	192	151	162	155	54	2.409934
182	193	152	163	185	74	3.393445
183	194	153	164	142	187	3.553214
184	195	154	165	312	7	3.254391
185	196	155	166	234	213	2.377478
190	201	160	171	151	379	2.133956
191	202	161	172	349	40	3.067019
194	205	164	175	178	183	1.884271
195	206	165	176	185	151	3.408666
230	241	184	195	178	57	1.951934
231	242	185	196	248	42	2.280307
232	243	186	197	349	374	3.312197
244	255	209	220	310	360	3.242298
272	283	229	240	155	32	3.559849
275	286	232	243	360	310	3.242298
314	325	265	276	379	42	2.539853
315	326	266	277	391	40	2.291833
318	329	269	280	143	183	1.720893
319	330	270	281	395	151	2.369932
355	366	319	330	90	80	4.121633
356	367	320	331	175	211	4.123453
357	368	321	332	100	190	4.167429
358	369	322	333	33	89	4.588510
359	370	323	334	134	309	4.310267
360	371	324	335	363	244	4.148692
374	385	335	346	74	158	3.408717
375	386	336	347	351	28	2.541163
379	390	340	351	281	45	1.651716
381	392	342	353	184	16	1.241286
385	396	346	357	350	60	2.003689
388	399	349	360	380	79	1.921925
