start1	end1	start2	end2	frag1	frag2	frag_rmsd
34	45	35	46	28	374	1.355458
38	49	39	50	146	342	2.781255
55	66	58	69	152	114	3.103849
57	68	60	71	195	78	3.435637
61	72	64	75	226	151	2.527861
82	93	79	90	199	189	3.597537
86	97	83	94	254	302	3.890338
88	99	85	96	239	351	2.672051
91	102	88	99	342	14	2.230074
95	106	92	103	373	92	2.613988
102	113	99	110	198	322	2.702331
103	114	100	111	80	176	3.198664
149	160	130	141	301	200	3.247886
151	162	132	143	74	124	3.399281
152	163	133	144	398	74	3.044837
156	167	137	148	229	342	2.558558
159	170	140	151	379	29	2.690963
169	180	150	161	369	14	3.414980
174	185	155	166	210	10	2.873571
203	214	180	191	392	248	2.328470
214	225	192	203	107	132	2.350722
215	226	193	204	360	322	1.453720
216	227	194	205	74	61	2.933300
217	228	195	206	351	211	3.164557
219	230	197	208	334	205	2.027607
220	231	198	209	255	253	2.281137
232	243	213	224	148	208	2.551325
233	244	214	225	255	398	3.091883
234	245	215	226	185	107	3.740892
235	246	216	227	198	203	2.823109
236	247	217	228	318	357	2.179797
293	304	254	265	115	168	3.038446
294	305	255	266	339	208	2.951955
295	306	256	267	298	91	2.033592
296	307	257	268	349	57	3.004104
297	308	258	269	379	84	2.971486
299	310	260	271	391	258	2.417334
300	311	261	272	209	386	1.853397
301	312	262	273	364	274	1.999522
302	313	263	274	337	292	2.999341
322	333	289	300	149	144	1.522937
323	334	290	301	359	77	2.382337
324	335	291	302	346	76	2.961527
325	336	292	303	231	376	3.357855
