start1	end1	start2	end2	frag1	frag2	frag_rmsd
15	26	1	12	360	322	1.453720
26	37	18	29	51	141	1.428009
29	40	21	32	16	0	0.775259
30	41	22	33	121	0	0.992640
35	46	27	38	70	340	2.315250
38	49	30	41	27	111	1.266595
41	52	33	44	188	0	1.887540
42	53	34	45	25	149	2.140871
43	54	35	46	161	338	2.232406
44	55	36	47	377	380	1.677706
45	56	37	48	339	88	3.314907
46	57	38	49	254	355	2.639461
47	58	39	50	63	363	3.064121
48	59	40	51	62	352	2.834866
49	60	41	52	130	236	3.706746
50	61	42	53	336	102	2.764402
51	62	43	54	390	213	3.116726
52	63	44	55	113	229	2.224987
54	65	46	57	91	298	2.033592
55	66	47	58	316	348	2.823182
56	67	48	59	158	167	1.812316
57	68	49	60	198	80	2.497363
70	81	61	72	126	84	1.909341
83	94	83	94	45	0	2.973760
84	95	84	95	4	0	1.783926
94	105	94	105	127	0	0.813264
98	109	98	109	75	33	2.578365
100	111	100	111	156	164	1.408711
103	114	103	114	143	178	1.650270
104	115	104	115	318	132	1.806699
130	141	120	131	149	118	1.094155
131	142	121	132	17	12	1.213096
133	144	123	134	124	226	3.229614
150	161	136	147	379	360	3.453626
151	162	137	148	248	360	3.051493
164	175	148	159	121	216	1.107965
