start1	end1	start2	end2	frag1	frag2	frag_rmsd
2	13	1	12	395	126	1.849402
4	15	3	14	360	322	1.453720
6	17	5	16	198	106	2.191348
8	19	7	18	211	386	2.401985
20	31	24	35	111	169	1.734636
21	32	25	36	35	260	2.400361
35	46	40	51	261	59	3.077335
60	71	66	77	320	386	2.245005
63	74	69	80	141	51	1.428009
64	75	70	81	223	371	1.695846
68	79	74	85	0	127	0.813264
90	101	88	99	225	4	3.476873
91	102	89	100	141	0	3.490832
92	103	90	101	371	0	2.685353
93	104	91	102	111	0	1.805292
101	112	99	110	310	302	2.918408
112	123	114	125	348	258	2.128741
113	124	115	126	297	323	1.891877
114	125	116	127	247	92	2.407521
120	131	122	133	336	201	3.034432
121	132	123	134	361	342	2.191841
122	133	124	135	393	133	2.741918
124	135	126	137	91	57	2.021486
142	153	145	156	231	345	1.953593
147	158	150	161	16	0	0.775259
149	160	152	163	35	0	1.003458
179	190	193	204	121	216	1.107965
180	191	194	205	27	111	1.266595
181	192	195	206	0	27	0.813956
