start1	end1	start2	end2	frag1	frag2	frag_rmsd
1	12	2	13	31	43	2.812170
2	13	3	14	95	51	1.563872
12	23	13	24	37	238	2.320296
17	28	18	29	256	14	3.125294
18	29	19	30	222	363	2.706564
23	34	24	35	176	215	2.374997
42	53	43	54	395	392	1.956324
43	54	44	55	357	132	1.964894
56	67	57	68	10	320	2.594818
61	72	62	73	164	365	2.534748
66	77	67	78	61	258	1.652270
67	78	68	79	293	389	2.078620
81	92	81	92	84	322	1.955336
90	101	90	101	251	271	1.346902
97	108	97	108	98	227	3.044884
99	110	99	110	341	4	1.639279
102	113	102	113	362	49	2.871627
114	125	114	125	360	322	1.453720
123	134	123	134	108	301	3.370206
129	140	129	140	84	322	1.955336
133	144	133	144	357	322	2.219787
135	146	135	146	158	322	2.437978
138	149	138	149	132	357	1.964894
139	150	139	150	126	395	1.849402
160	171	164	175	241	53	2.509980
163	174	167	178	110	24	1.015908
164	175	168	179	69	315	2.373273
166	177	170	181	37	337	3.351059
168	179	172	183	140	146	2.200590
170	181	174	185	301	255	3.070922
172	183	176	187	173	348	2.362281
184	195	188	199	158	322	2.437978
192	203	196	207	57	316	2.064021
195	206	199	210	167	374	2.251345
196	207	200	211	198	40	1.579973
199	210	203	214	185	152	3.264814
200	211	204	215	185	152	3.264814
201	212	205	216	384	332	3.503087
203	214	207	218	90	265	2.096142
204	215	208	219	90	142	3.608856
230	241	231	242	248	386	2.891023
234	245	235	246	253	183	1.817367
240	251	241	252	360	126	2.237959
244	255	245	256	38	329	2.609070
264	275	265	276	38	7	2.699184
271	282	272	283	110	17	1.336081
272	283	273	284	362	124	2.182590
274	285	275	286	356	151	3.273129
276	287	277	288	126	84	1.909341
277	288	278	289	198	258	1.817841
297	308	298	309	191	386	2.742571
299	310	300	311	19	160	3.003024
302	313	303	314	281	45	1.651716
304	315	305	316	240	170	2.111047
305	316	306	317	216	44	2.290003
308	319	309	320	121	216	1.107965
313	324	314	325	0	35	1.003458
314	325	315	326	0	368	2.061254
