start1	end1	start2	end2	frag1	frag2	frag_rmsd
28	39	28	39	256	98	2.625404
30	41	30	41	8	14	2.668286
31	42	31	42	370	205	2.172786
51	62	51	62	25	180	2.193725
53	64	53	64	119	139	2.402640
54	65	54	65	376	93	2.792367
55	66	55	66	396	113	2.791641
56	67	56	67	223	108	2.253486
57	68	57	68	267	182	3.970165
58	69	58	69	100	382	4.079267
59	70	59	70	33	210	4.643677
60	71	60	71	134	152	3.667191
61	72	61	72	236	261	2.895586
62	73	62	73	30	261	3.572413
63	74	63	74	192	237	3.719531
64	75	64	75	21	55	2.054944
66	77	66	77	226	208	2.686596
67	78	67	78	325	187	2.842318
77	88	77	88	285	133	1.901995
79	90	79	90	351	203	3.597319
