start1	end1	start2	end2	frag1	frag2	frag_rmsd
6	17	1	12	379	198	2.896183
7	18	2	13	248	391	2.056378
8	19	3	14	57	379	2.336006
74	85	46	57	92	10	1.712565
75	86	47	58	247	38	2.150232
76	87	48	59	92	117	3.270062
81	92	53	64	379	395	2.439526
82	93	54	65	57	132	1.551260
83	94	55	66	322	126	2.289807
84	95	56	67	126	322	2.289807
86	97	58	69	323	313	2.463705
