start1	end1	start2	end2	frag1	frag2	frag_rmsd
12	23	12	23	25	338	1.152231
52	63	52	63	16	0	0.775259
54	65	54	65	196	0	1.046929
57	68	57	68	121	0	0.992640
59	70	59	70	0	16	0.775259
61	72	61	72	0	127	0.813264
