start1	end1	start2	end2	frag1	frag2	frag_rmsd
31	42	7	18	51	95	1.563872
46	57	22	33	260	16	1.076875
49	60	25	36	256	18	2.630276
50	61	26	37	222	377	2.585546
52	63	28	39	298	355	2.464333
53	64	29	40	253	363	3.049768
56	67	32	43	126	389	2.201165
57	68	33	44	258	114	2.646349
58	69	34	45	320	329	2.324045
59	70	35	46	312	328	2.691432
60	71	36	47	117	369	3.485952
61	72	37	48	268	227	2.475782
62	73	38	49	160	394	2.570221
63	74	39	50	237	70	2.290181
64	75	40	51	240	16	1.850213
65	76	41	52	216	121	1.107965
66	77	42	53	23	27	1.068713
67	78	43	54	27	0	0.813956
69	80	45	56	0	127	0.813264
116	127	73	84	52	236	3.646832
117	128	74	85	180	177	3.207221
118	129	75	86	377	378	2.781020
119	130	76	87	307	301	3.243083
123	134	80	91	61	258	1.652270
127	138	84	95	247	155	3.310112
129	140	86	97	358	274	2.773524
132	143	89	100	240	65	1.321092
133	144	90	101	135	223	2.683021
144	155	101	112	75	287	2.548505
145	156	102	113	6	366	1.707860
147	158	104	115	331	174	1.879546
154	165	111	122	163	391	2.193995
156	167	113	124	178	183	1.884271
157	168	114	125	320	323	1.585679
158	169	115	126	19	247	2.288725
169	180	127	138	78	378	1.620040
170	181	128	139	342	242	2.919559
187	198	145	156	82	330	2.888224
194	205	152	163	201	366	2.109204
