start1	end1	start2	end2	frag1	frag2	frag_rmsd
2	13	14	25	80	258	2.273429
4	15	16	27	140	183	2.520867
6	17	18	29	152	274	2.290286
10	21	22	33	45	216	1.903162
11	22	23	34	4	111	0.994513
13	24	25	36	16	0	0.775259
14	25	26	37	121	0	0.992640
24	35	36	47	141	95	1.602886
29	40	41	52	127	0	0.813264
40	51	82	93	121	0	0.992640
41	52	83	94	27	0	0.813956
50	61	92	103	35	0	1.003458
51	62	93	104	35	0	1.003458
52	63	94	105	35	188	1.339917
64	75	106	117	302	370	2.412534
65	76	107	118	322	178	2.937380
68	79	110	121	322	360	1.453720
70	81	112	123	318	61	2.627923
72	83	114	125	258	392	2.406167
73	84	115	126	248	395	1.997362
75	86	117	128	132	248	2.493342
76	87	118	129	126	392	1.978049
88	99	130	141	84	322	1.955336
90	101	132	143	126	360	2.237959
91	102	133	144	322	360	1.453720
92	103	134	145	360	132	2.169218
93	104	135	146	360	126	2.237959
95	106	137	148	360	126	2.237959
96	107	138	149	360	322	1.453720
97	108	139	150	360	126	2.237959
