start1	end1	start2	end2	frag1	frag2	frag_rmsd
2	13	8	19	357	126	2.400813
3	14	9	20	248	106	2.711562
19	30	25	36	360	253	4.548559
20	31	26	37	126	91	3.096876
21	32	27	38	322	132	1.945705
28	39	34	45	20	83	2.024528
31	42	37	48	314	363	2.815277
53	64	59	70	149	127	1.616553
