start1	end1	start2	end2	frag1	frag2	frag_rmsd
6	17	6	17	259	17	1.872052
7	18	7	18	339	154	2.724389
20	31	20	31	223	70	2.825235
21	32	21	32	23	184	1.793990
93	104	93	104	42	322	2.200412
94	105	94	105	42	126	2.008935
104	115	104	115	389	167	1.584191
