start1	end1	start2	end2	frag1	frag2	frag_rmsd
1	12	3	14	4	0	1.783926
22	33	24	35	139	75	2.112541
23	34	25	36	243	337	2.586886
24	35	26	37	336	201	3.034432
25	36	27	38	336	358	3.022842
26	37	28	39	103	275	3.755066
27	38	29	40	219	237	2.351580
30	41	32	43	241	147	1.629783
33	44	35	46	17	168	1.555351
35	46	37	48	211	398	3.774324
36	47	38	49	348	211	2.148105
43	54	45	56	236	274	1.789125
44	55	46	57	193	138	2.309416
45	56	47	58	225	207	1.967256
50	61	52	63	398	91	2.828573
51	62	53	64	157	398	2.818765
52	63	54	65	313	158	2.779261
53	64	55	66	323	293	1.968250
54	65	56	67	122	96	1.013426
58	69	60	71	120	314	2.716567
59	70	61	72	298	91	2.033592
70	81	72	83	184	0	1.197355
71	82	73	84	121	0	0.992640
72	83	74	85	27	0	0.813956
73	84	75	86	0	16	0.775259
74	85	76	87	0	127	0.813264
75	86	77	88	127	60	1.135321
76	87	78	89	149	87	1.474472
78	89	80	91	41	161	2.027949
80	91	82	93	311	232	2.404421
82	93	84	95	174	285	2.184810
84	95	86	97	302	379	2.457672
85	96	87	98	57	374	3.386851
94	105	96	107	84	360	1.521872
96	107	98	109	126	84	1.909341
100	111	102	113	2	343	1.502106
136	147	138	149	188	0	1.887540
137	148	139	150	25	188	2.082213
138	149	140	151	161	338	2.232406
139	150	141	152	321	100	2.295516
141	152	143	154	254	134	2.526557
142	153	144	155	268	385	2.894825
143	154	145	156	136	230	2.068366
144	155	146	157	346	194	1.855001
145	156	147	158	95	141	1.602886
