start1	end1	start2	end2	frag1	frag2	frag_rmsd
21	32	2	13	391	163	2.193995
22	33	3	14	205	155	2.471268
23	34	4	15	183	54	2.143825
24	35	5	16	253	183	1.817367
25	36	6	17	163	297	3.105653
27	38	8	19	274	122	3.234269
28	39	9	20	102	336	2.764402
30	41	11	22	390	375	2.986092
32	43	13	24	298	97	2.862409
34	45	15	26	246	28	2.083931
35	46	16	27	358	38	2.528073
38	49	19	30	146	301	2.719791
39	50	20	31	221	298	2.475609
40	51	21	32	325	203	3.096545
41	52	22	33	253	379	2.483717
