start1	end1	start2	end2	frag1	frag2	frag_rmsd
1	12	1	12	162	28	1.560721
6	17	6	17	250	363	2.347188
7	18	7	18	298	157	2.811881
11	22	11	22	2	328	1.547551
12	23	12	23	225	194	1.011234
15	26	15	26	368	169	1.875270
20	31	20	31	65	396	2.073749
23	34	23	34	35	368	2.011347
36	47	34	45	312	140	1.998926
37	48	35	46	155	191	2.826986
50	61	48	59	127	0	0.813264
51	62	49	60	16	0	0.775259
71	82	71	82	4	70	1.352136
72	83	72	83	0	16	0.775259
73	84	73	84	0	121	0.992640
74	85	74	85	0	27	0.813956
