start1	end1	start2	end2	frag1	frag2	frag_rmsd
37	48	39	50	231	31	1.286233
52	63	54	65	338	25	1.152231
63	74	69	80	184	0	1.197355
64	75	70	81	121	0	0.992640
65	76	71	82	121	0	0.992640
66	77	72	83	27	0	0.813956
71	82	77	88	0	188	1.887540
72	83	78	89	16	338	3.069164
73	84	79	90	16	284	2.276491
74	85	80	91	127	294	3.559352
75	86	81	92	118	189	3.892050
76	87	82	93	12	142	3.601499
77	88	83	94	124	226	3.229614
78	89	84	95	124	392	3.818322
79	90	85	96	107	57	2.508886
80	91	86	97	348	84	2.972198
93	104	97	108	322	61	1.532523
95	106	99	110	114	28	1.637541
120	131	124	135	42	84	2.426355
121	132	125	136	132	84	2.205557
122	133	126	137	318	322	2.608682
123	134	127	138	215	61	2.716918
129	140	133	144	129	340	2.658550
131	142	135	146	223	371	1.695846
144	155	148	159	34	363	3.284685
146	157	150	161	253	57	2.589846
147	158	151	162	379	322	2.785664
148	159	152	163	158	389	2.036257
152	163	156	167	276	85	3.208497
156	167	160	171	95	141	1.602886
157	168	161	172	216	45	1.903162
158	169	162	173	111	4	0.994513
171	182	175	186	164	156	1.408711
175	186	179	190	107	356	1.430031
180	191	184	195	374	158	1.692551
181	192	185	196	10	92	1.712565
182	193	186	197	225	38	3.397973
183	194	187	198	22	261	2.660438
184	195	188	199	82	160	2.687032
185	196	189	200	195	32	1.944403
186	197	190	201	240	326	2.154623
187	198	191	202	216	51	2.286643
188	199	192	203	111	45	2.183445
189	200	193	204	0	4	1.783926
213	224	211	222	61	389	1.926015
219	230	217	228	340	195	2.316145
220	231	218	229	65	240	1.321092
221	232	219	230	223	216	2.223151
231	242	229	240	271	161	1.954501
233	244	231	242	366	232	2.061297
240	251	238	249	360	318	2.599279
242	253	240	251	89	309	1.629779
243	254	241	252	38	192	2.727471
244	255	242	253	130	282	3.166387
245	256	243	254	378	380	2.961256
246	257	244	255	129	88	3.484620
250	261	248	259	15	326	2.391490
251	262	249	260	216	135	1.902274
252	263	250	261	278	15	1.862927
253	264	251	262	121	27	1.355932
254	265	252	263	27	196	1.059651
255	266	253	264	35	273	1.854209
256	267	254	265	368	166	1.571683
257	268	255	266	18	338	1.332509
259	270	257	268	33	288	1.743390
260	271	258	269	6	164	2.989926
261	272	259	270	156	363	2.308899
262	273	260	271	165	174	2.328888
280	291	271	282	194	225	1.011234
281	292	272	283	141	51	1.428009
285	296	276	287	127	188	1.791159
