start1	end1	start2	end2	frag1	frag2	frag_rmsd
5	16	5	16	298	71	2.457287
6	17	6	17	173	154	3.141348
7	18	7	18	203	154	3.425622
8	19	8	19	343	372	2.617812
9	20	9	20	58	326	3.508326
32	43	32	43	54	334	2.234965
37	48	37	48	10	187	2.429665
44	55	44	55	91	97	2.877428
48	59	48	59	258	80	2.273429
49	60	49	60	386	297	2.304549
56	67	56	67	3	174	2.344203
59	70	59	70	208	132	2.303221
63	74	63	74	73	68	2.957185
64	75	64	75	150	152	2.343118
65	76	65	76	292	138	2.059222
83	94	83	94	114	374	1.630636
84	95	84	95	308	323	3.146982
87	98	87	98	71	146	2.780984
89	100	89	100	91	151	2.263245
90	101	90	101	356	157	2.870994
91	102	91	102	126	395	1.849402
105	116	102	113	151	395	2.369932
106	117	103	114	42	318	2.858303
107	118	104	115	322	248	2.535011
108	119	105	116	42	379	2.539853
109	120	106	117	357	263	3.683231
114	125	111	122	351	374	2.405416
153	164	152	163	51	141	1.428009
178	189	177	188	379	310	2.615701
206	217	206	217	15	51	2.489994
208	219	208	219	111	23	1.303435
