start1	end1	start2	end2	frag1	frag2	frag_rmsd
2	13	4	15	375	200	3.058529
11	22	13	24	349	253	2.373083
25	36	25	36	183	357	2.467299
51	62	51	62	356	322	2.017159
52	63	52	63	84	322	1.955336
64	75	68	79	213	177	2.398173
94	105	100	111	297	138	3.925004
95	106	101	112	246	78	3.559810
96	107	102	113	247	275	3.491761
97	108	103	114	292	214	2.997485
108	119	114	125	61	126	2.069075
145	156	150	161	187	395	2.388178
