start1	end1	start2	end2	frag1	frag2	frag_rmsd
15	26	17	28	126	360	2.237959
26	37	29	40	397	0	2.428588
27	38	30	41	216	0	1.961923
28	39	31	42	111	0	1.805292
30	41	33	44	0	127	0.813264
32	43	35	46	35	127	1.273794
33	44	36	47	166	144	1.768288
37	48	40	51	256	232	2.914713
55	66	53	64	38	163	2.391719
57	68	55	66	268	274	2.562781
58	69	56	67	281	308	2.337001
59	70	57	68	237	125	2.751272
60	71	58	69	65	15	2.699063
62	73	60	71	27	111	1.266595
