start1	end1	start2	end2	frag1	frag2	frag_rmsd
2	13	1	12	0	16	0.775259
3	14	2	13	0	121	0.992640
4	15	3	14	0	27	0.813956
31	42	30	41	149	118	1.094155
42	53	43	54	4	0	1.783926
67	78	68	79	0	127	0.813264
68	79	69	80	0	16	0.775259
82	93	80	91	51	0	3.087146
83	94	81	92	45	0	2.973760
84	95	82	93	4	0	1.783926
114	125	112	123	127	0	0.813264
