start1	end1	start2	end2	frag1	frag2	frag_rmsd
43	54	69	80	246	151	3.025788
44	55	70	81	292	173	5.214395
45	56	71	82	378	107	5.657876
46	57	72	83	55	360	4.599261
47	58	73	84	47	107	4.609698
48	59	74	85	221	322	5.860839
49	60	75	86	48	360	6.391523
