start1	end1	start2	end2	frag1	frag2	frag_rmsd
9	20	9	20	28	7	2.916860
10	21	10	21	328	130	3.034956
11	22	11	22	358	181	3.204069
12	23	12	23	390	128	2.944982
13	24	13	24	361	355	2.615853
15	26	15	26	302	310	2.918408
17	28	17	28	322	57	2.446228
20	31	20	31	176	374	2.511074
33	44	33	44	10	247	2.806417
34	45	34	45	92	213	2.705920
35	46	35	46	247	186	2.848950
37	48	37	48	39	54	2.749551
38	49	38	49	331	383	2.036955
