start1	end1	start2	end2	frag1	frag2	frag_rmsd
19	30	15	26	363	164	1.880850
20	31	16	27	208	272	2.440468
35	46	32	43	171	98	2.880722
37	48	34	45	137	241	1.888872
53	64	50	61	152	274	2.290286
56	67	53	64	227	65	2.070036
57	68	54	65	223	371	1.695846
79	90	75	86	195	369	2.269153
84	95	80	91	170	26	1.571461
101	112	96	107	256	103	2.482641
167	178	158	169	389	61	1.926015
171	182	162	173	51	95	1.563872
182	193	189	200	38	19	2.252345
184	195	191	202	183	229	2.741092
186	197	193	204	316	398	2.703933
193	204	200	211	173	185	3.029200
207	218	214	225	276	369	1.368954
211	222	218	229	16	0	0.775259
230	241	233	244	84	132	2.205557
232	243	235	246	167	158	1.812316
233	244	236	247	215	40	2.196253
234	245	237	248	320	191	2.972883
235	246	238	249	38	152	2.741259
259	270	262	273	68	38	2.859747
261	272	264	275	261	112	3.078180
269	280	272	283	23	4	1.335798
283	294	286	297	39	164	1.807022
286	297	289	300	356	57	1.996521
287	298	290	301	74	270	2.419552
291	302	294	305	215	351	2.640680
306	317	309	320	154	119	3.142428
307	318	310	321	326	219	2.987731
