start1	end1	start2	end2	frag1	frag2	frag_rmsd
17	28	13	24	355	232	2.143807
26	37	22	33	191	323	2.876374
27	38	23	34	364	386	3.187185
70	81	47	58	204	265	4.124550
71	82	48	59	379	3	2.644772
72	83	49	60	263	341	3.794972
73	84	50	61	383	154	3.979899
74	85	51	62	205	370	2.172786
75	86	52	63	364	39	3.024283
77	88	54	65	155	292	3.460080
78	89	55	66	369	125	2.724730
79	90	56	67	135	240	2.397625
80	91	57	68	147	216	2.448146
119	130	93	104	322	132	1.945705
120	131	94	105	322	126	2.289807
121	132	95	106	126	61	2.069075
132	143	116	127	4	0	1.783926
182	193	159	170	107	395	2.432305
183	194	160	171	258	392	2.406167
184	195	161	172	386	297	2.304549
187	198	164	175	326	225	2.488373
215	226	179	190	61	389	1.926015
216	227	180	191	374	158	1.692551
217	228	181	192	343	198	2.731500
218	229	182	193	1	391	3.226138
219	230	183	194	15	379	4.186048
