start1	end1	start2	end2	frag1	frag2	frag_rmsd
12	23	12	23	272	142	3.786763
16	27	16	27	162	122	3.626815
21	32	21	32	298	133	3.008662
23	34	23	34	395	360	3.113222
29	40	29	40	351	152	3.098289
31	42	31	42	83	332	3.714277
32	43	32	43	327	59	2.076427
33	44	33	44	128	375	2.998520
34	45	34	45	133	250	2.564122
35	46	35	46	250	272	3.829517
36	47	36	47	29	316	2.795572
37	48	37	48	191	68	2.038373
38	49	38	49	247	274	2.597371
39	50	39	50	292	138	2.059222
40	51	40	51	276	195	1.460134
42	53	42	53	223	123	1.416700
56	67	56	67	25	338	1.152231
60	71	60	71	385	63	3.990097
62	73	62	73	192	58	1.504351
83	94	83	94	0	16	0.775259
85	96	85	96	0	196	1.046929
86	97	86	97	0	368	2.061254
