start1	end1	start2	end2	frag1	frag2	frag_rmsd
2	13	1	12	0	4	1.783926
14	25	13	24	127	0	0.813264
15	26	14	25	149	0	2.014982
16	27	15	26	18	0	2.869786
27	38	34	45	227	141	1.668724
28	39	35	46	223	147	1.957202
29	40	36	47	111	23	1.303435
30	41	37	48	0	121	0.992640
31	42	38	49	0	27	0.813956
38	49	45	56	149	118	1.094155
41	52	48	59	119	307	3.356074
42	53	49	60	273	290	3.565496
43	54	50	61	240	30	3.583672
44	55	51	62	188	192	3.901618
45	56	52	63	338	21	3.545993
46	57	53	64	100	108	3.576568
47	58	54	65	288	75	2.996111
49	60	56	67	219	160	2.939097
50	61	57	68	237	195	2.078780
51	62	58	69	141	227	1.668724
52	63	59	70	45	223	1.647681
